<?xml version="1.0" encoding="UTF-8"?>
<window>
	<defaultcontrol always="true">7</defaultcontrol>
	<allowoverlay>no</allowoverlay>
	<controls>
		<control type="group">
			<animation effect="slide" start="1100,0" end="0,0" time="300" tween="quadratic" easing="out">WindowOpen</animation>
			<animation effect="slide" start="0,0" end="1100,0" time="300" tween="quadratic" easing="out">WindowClose</animation>
			<control type="image">
				<left>180</left>
				<top>0</top>
				<width>1100</width>
				<height>720</height>
				<texture border="15,0,0,0" flipx="true">MediaBladeSub.png</texture>
			</control>
			<control type="button">
				<description>Close Window button</description>
				<left>230</left>
				<top>0</top>
				<width>64</width>
				<height>32</height>
				<label>-</label>
				<font>-</font>
				<onclick>PreviousMenu</onclick>
				<texturefocus>DialogCloseButton-focus.png</texturefocus>
				<texturenofocus>DialogCloseButton.png</texturenofocus>
				<onleft>9000</onleft>
				<onright>9000</onright>
				<onup>9000</onup>
				<ondown>9000</ondown>
				<visible>system.getbool(input.enablemouse)</visible>
			</control>
			<control type="group">
				<animation effect="fade" delay="300" start="0" end="100" time="150">WindowOpen</animation>
				<animation effect="fade" start="100" end="0" time="150">WindowClose</animation>
				<control type="label">
					<description>header label</description>
					<left>210</left>
					<top>40</top>
					<width>1030</width>
					<height>30</height>
					<font>font24_title</font>
					<label>$INFO[Listitem.Title]</label>
					<align>center</align>
					<aligny>center</aligny>
					<textcolor>white</textcolor>
					<shadowcolor>black</shadowcolor>
				</control>
				<control type="group">
					<top>90</top>
					<left>210</left>
					<include>VisibleFadeEffect</include>
					<control type="image">
						<left>0</left>
						<top>0</top>
						<width>380</width>
						<height>360</height>
						<aspectratio>keep</aspectratio>
						<bordertexture border="5">button-nofocus.png</bordertexture>
						<bordersize>4</bordersize>
						<texture background="true">$INFO[ListItem.Icon]</texture>
					</control>
					<control type="list" id="49">
						<left>390</left>
						<top>20</top>
						<width>640</width>
						<height>330</height>
						<onleft>49</onleft>
						<onright>49</onright>
						<onup>9000</onup>
						<ondown>61</ondown>
						<pagecontrol>-</pagecontrol>
						<scrolltime>200</scrolltime>
						<itemlayout height="30">
							<control type="label">
								<left>5</left>
								<top>0</top>
								<width>160</width>
								<height>30</height>
								<font>font13</font>
								<align>right</align>
								<aligny>center</aligny>
								<textcolor>blue</textcolor>
								<selectedcolor>selected</selectedcolor>
								<info>ListItem.Label</info>
							</control>
							<control type="label">
								<left>175</left>
								<top>0</top>
								<width>465</width>
								<height>30</height>
								<font>font13</font>
								<align>left</align>
								<aligny>center</aligny>
								<textcolor>white</textcolor>
								<selectedcolor>white</selectedcolor>
								<info>ListItem.Label2</info>
							</control>
						</itemlayout>
						<focusedlayout height="30">
							<control type="image">
								<left>0</left>
								<top>0</top>
								<width>640</width>
								<height>30</height>
								<visible>Control.HasFocus(49)</visible>
								<texture>MenuItemFO.png</texture>
								<include>VisibleFadeEffect</include>
							</control>
							<control type="label">
								<left>5</left>
								<top>0</top>
								<width>160</width>
								<height>30</height>
								<font>font13</font>
								<align>right</align>
								<aligny>center</aligny>
								<textcolor>blue</textcolor>
								<selectedcolor>selected</selectedcolor>
								<info>ListItem.Label</info>
							</control>
							<control type="label">
								<left>175</left>
								<top>0</top>
								<width>465</width>
								<height>30</height>
								<font>font13</font>
								<align>left</align>
								<aligny>center</aligny>
								<textcolor>white</textcolor>
								<selectedcolor>white</selectedcolor>
								<info>ListItem.Label2</info>
								<scroll>true</scroll>
							</control>
						</focusedlayout>
						<content>
							<item>
								<label>$LOCALIZE[21442]:</label>
								<label2>$INFO[ListItem.EpisodeName]</label2>
								<onclick>noop</onclick>
								<visible>!IsEmpty(ListItem.EpisodeName)</visible>
							</item>
							<item>
								<label>$LOCALIZE[20373]:</label>
								<label2>$INFO[ListItem.Season]</label2>
								<onclick>noop</onclick>
								<visible>!IsEmpty(ListItem.Season)</visible>
							</item>
							<item>
								<label>$LOCALIZE[20359]:</label>
								<label2>$INFO[ListItem.Episode]</label2>
								<onclick>noop</onclick>
								<visible>!IsEmpty(ListItem.Episode)</visible>
							</item>
							<item>
								<label>$LOCALIZE[19148]:</label>
								<label2>$INFO[ListItem.ChannelName]</label2>
								<onclick>noop</onclick>
							</item>
							<item>
								<label>$LOCALIZE[142]</label>
								<label2>$INFO[ListItem.StartTime] - $INFO[ListItem.EndTime] ($INFO[ListItem.StartDate])</label2>
								<onclick>noop</onclick>
							</item>
							<item>
								<label>$LOCALIZE[180]:</label>
								<label2>$INFO[ListItem.Duration]</label2>
								<onclick>noop</onclick>
							</item>
							<item>
								<label>$LOCALIZE[515]:</label>
								<label2>$INFO[ListItem.Genre]</label2>
								<onclick>noop</onclick>
							</item>
							<item>
								<label>$LOCALIZE[20417]:</label>
								<label2>$INFO[ListItem.Writer]</label2>
								<onclick>noop</onclick>
								<visible>!IsEmpty(ListItem.Writer)</visible>
							</item>
							<item>
								<label>$LOCALIZE[20339]:</label>
								<label2>$INFO[ListItem.Director]</label2>
								<onclick>noop</onclick>
								<visible>!IsEmpty(ListItem.Director)</visible>
							</item>
							<item>
								<label>$LOCALIZE[206]:</label>
								<label2>$INFO[ListItem.Cast]</label2>
								<onclick>noop</onclick>
								<visible>!IsEmpty(ListItem.Cast)</visible>
							</item>
						</content>
					</control>
					<control type="image">
						<left>390</left>
						<top>370</top>
						<width>640</width>
						<height>4</height>
						<aspectratio>stretch</aspectratio>
						<texture>separator.png</texture>
					</control>
				</control>
				<control type="label">
					<right>130</right>
					<top>480</top>
					<width>400</width>
					<height>30</height>
					<font>font13_title</font>
					<textcolor>grey2</textcolor>
					<shadowcolor>black</shadowcolor>
					<scroll>true</scroll>
					<align>right</align>
					<aligny>center</aligny>
					<label>[COLOR=blue]$LOCALIZE[207][/COLOR]$INFO[Container(400).CurrentPage, ( $LOCALIZE[31024] ]$INFO[Container(400).NumPages,/, )]</label>
					<visible>Control.IsVisible(400)</visible>
				</control>
				<control type="spincontrol" id="61">
					<description>Next page button</description>
					<left>120r</left>
					<top>485</top>
					<subtype>page</subtype>
					<font>-</font>
					<onleft>61</onleft>
					<onright>61</onright>
					<ondown>9000</ondown>
					<onup>49</onup>
					<textcolor>-</textcolor>
					<showonepage>true</showonepage>
				</control>
				<control type="textbox" id="400">
					<left>210</left>
					<top>527</top>
					<width>1030</width>
					<height>120</height>
					<font>font13</font>
					<align>justify</align>
					<textcolor>white</textcolor>
					<pagecontrol>61</pagecontrol>
					<label>$INFO[ListItem.Plot]</label>
					<autoscroll time="3000" delay="4000" repeat="5000">!Control.HasFocus(61) + Skin.HasSetting(AutoScroll)</autoscroll>
				</control>
				<control type="grouplist" id="9000">
					<left>210</left>
					<top>660</top>
					<width>1030</width>
					<height>40</height>
					<itemgap>2</itemgap>
					<align>center</align>
					<orientation>horizontal</orientation>
					<onleft>9000</onleft>
					<onright>9000</onright>
					<onup>49</onup>
					<ondown>49</ondown>
					<control type="button" id="4">
						<description>Find similar</description>
						<include>ButtonInfoDialogsCommonValues</include>
						<label>19003</label>
					</control>
					<control type="button" id="5">
						<description>Switch to Channel</description>
						<include>ButtonInfoDialogsCommonValues</include>
						<label>19165</label>
					</control>
					<control type="button" id="8">
						<description>Play recording</description>
						<include>ButtonInfoDialogsCommonValues</include>
						<label>19687</label>
					</control>
					<control type="button" id="6">
						<description>Record</description>
						<include>ButtonInfoDialogsCommonValues</include>
						<label>-</label>
					</control>
					<control type="button" id="7">
						<description>OK</description>
						<include>ButtonInfoDialogsCommonValues</include>
						<label>186</label>
					</control>
				</control>
			</control>
		</control>
		<include>Clock</include>
	</controls>
</window>