<?xml version="1.0" encoding="UTF-8"?>
<window>
	<defaultcontrol always="true">50</defaultcontrol>
	<allowoverlay>no</allowoverlay>
	<views>50,5010,5060</views>
	<onunload>ClearProperty(SideBladeOpen)</onunload>
	<controls>
		<include>CommonBackground</include>
		<control type="image">
			<left>0</left>
			<top>100r</top>
			<width>1280</width>
			<height>100</height>
			<texture>floor.png</texture>
			<animation effect="fade" time="200" condition="Window.Previous(Home)">WindowOpen</animation>
			<animation effect="fade" time="200" condition="Window.Next(Home)">WindowClose</animation>
			<visible>!Skin.HasSetting(HideHomeFloor)</visible>
		</control>
		<control type="button" id="800">
			<include>InvisibleButton</include>
			<onleft>801</onleft>
			<onright>804</onright>
			<onup>50</onup>
			<ondown>50</ondown>
			<visible>false</visible>
		</control>
		<include>FloorReturnButtons</include>
		<include>PVRHeader</include>
		<!-- view id = 50 -->
		<include>ChannelList</include>
		<!-- view id = 5010 -->
		<include>ChannelList2</include>

		<include>AllWidthList</include>
		<!-- view id = 5060 -->


		<include>CommonNowPlaying</include>
		<include>BehindDialogFadeOut</include>
		<include>ScrollOffsetLabel</include>
		<control type="image">
			<left>0</left>
			<top>0</top>
			<width>1280</width>
			<height>720</height>
			<texture>black-back.png</texture>
			<animation effect="fade" time="400">Visible</animation>
			<animation effect="fade" time="200">Hidden</animation>
			<visible>Window.IsActive(FileBrowser) | Window.IsActive(PVRGuideInfo) | Window.IsActive(PVRRecordingInfo) | Window.IsActive(PVRTimerSetting) | Window.IsActive(PVRGroupManager) | Window.IsActive(PVRGuideSearch)</visible>
		</control>
		<include>PVRSideBlade</include>
		<include>Clock</include>
	</controls>
</window>
