<?xml version="1.0" encoding="UTF-8"?>
    <addon id="hellyrepo.kodi" name="HellyRepo" version="0.1.0" provider-name="Ivo Helwegen">
        <requires>
            <import addon="xbmc.addon" version="12.0.0"/>
        </requires>
        <extension point="xbmc.addon.repository" name="HellyRepo">
            <info compressed="false">https://raw.githubusercontent.com/Helly1206/_repo/master/addons.xml</info>
            <checksum>https://raw.githubusercontent.com/Helly1206/_repo/master/addons.xml.md5</checksum>
            <datadir zip="true">https://raw.githubusercontent.com/Helly1206/_repo/master/</datadir>
            <hashes>false</hashes>
        </extension>
        <extension point="xbmc.addon.metadata">
            <summary>The repository contains addons and scripts to be used with kodi.</summary>
            <description>HellyRepo is a repository that contains addons and scripts to be used with kodi.</description>
            <platform>all</platform>
    </extension>
</addon>
