<?xml version="1.0" encoding="utf-8"?>
<window type="dialog" id="1198">
	<defaultcontrol always="false">100</defaultcontrol>
	<coordinates>
		<system>1</system>
		<left>0</left>
		<top>0</top>
	</coordinates>
	<include>dialogeffect</include>
	<controls>
		<control type="image" id="1">
			<left>-100</left>
			<top>-60</top>
			<width>1480</width>
			<height>160</height>
			<include condition="!IsEmpty(Skin.String(MediaPanelTrans))">TransparentEffect</include>
			<texture flipy="true" border="1">HomeNowPlayingBack.png</texture>
			<visible>!Skin.HasSetting(HideSystemTime)</visible>
		</control>
		<include condition="!Skin.HasSetting(HideSystemTime) + !Skin.HasSetting(HideSeekBarOSD)">TopLeftInfo</include>
		<include condition="!Skin.HasSetting(HideSeekBarOSD)">Clock</include>
		<include condition="!Skin.HasSetting(HideSeekBarOSD)">Date</include>
		<control type="image" id="1">
			<left>0</left>
			<top>230r</top>
			<width>1280</width>
			<height>230</height>
			<texture border="1">HomeNowPlayingBack.png</texture>
			<visible>!Skin.HasSetting(HideSeekBarOSD)</visible>
			<animation effect="slide" end="0,45" time="0" tween="back" easing="out" condition="Skin.HasSetting(HideSeekBarOSD)" reversible="true">Conditional</animation>
			<animation effect="slide" end="0,45" time="0" tween="back" easing="out" condition="Skin.HasSetting(HideSeekBarOSD) + !Player.ShowInfo" reversible="true">Conditional</animation>
		</control>
		<control type="group">
			<left>20</left>
			<top>230r</top>
			<visible>!Player.ShowInfo + Player.HasMedia</visible>
			<include>VisibleFadeEffect</include>
			<include>SmallMusicInfo</include>
		</control>
		<control type="button" id="1000">
			<description>Close Window button</description>
			<left>84r</left>
			<top>0</top>
			<width>64</width>
			<height>32</height>
			<label>-</label>
			<font>-</font>
			<onclick>PreviousMenu</onclick>
			<texturefocus>DialogCloseButton-focus.png</texturefocus>
			<texturenofocus>DialogCloseButton.png</texturenofocus>
			<onleft>1000</onleft>
			<onright>1000</onright>
			<onup>100</onup>
			<ondown>100</ondown>
			<animation effect="fade" time="150">VisibleChange</animation>
			<visible>system.getbool(input.enablemouse)</visible>
		</control>
		<control type="grouplist" id="100">
			<left>625</left>
			<top>60r</top>
			<onup>1000</onup>
			<ondown>1000</ondown>
			<onleft>200</onleft>
			<onright>200</onright>
			<orientation>horizontal</orientation>
			<itemgap>0</itemgap>
			<animation effect="fade" time="150">VisibleChange</animation>
			<control type="button" id="101">
				<width>55</width>
				<height>55</height>
				<label>pr</label>
				<font>-</font>
				<texturefocus colordiffuse="$VAR[MainColorOne]">OSDPrevTrackFO.png</texturefocus>
				<texturenofocus>OSDPrevTrackNF.png</texturenofocus>
				<onclick>Action(PreviousPicture,SlideShow)</onclick>
			</control>
			<control type="togglebutton" id="102">
				<width>55</width>
				<height>55</height>
				<label>p</label>
				<font>-</font>
				<texturefocus colordiffuse="$VAR[MainColorOne]">OSDPlayFO.png</texturefocus>
				<texturenofocus>OSDPlayNF.png</texturenofocus>
				<usealttexture>!SlideShow.IsPaused + SlideShow.IsActive</usealttexture>
				<alttexturefocus colordiffuse="$VAR[MainColorOne]">OSDPauseFO.png</alttexturefocus>
				<alttexturenofocus>OSDPauseNF.png</alttexturenofocus>
				<!-- <animation effect="fade" start="100" end="50" time="75" condition="!Player.PauseEnabled">Conditional</animation> -->
				<onclick>Action(Pause,SlideShow)</onclick>
			</control>
			<control type="button" id="103">
				<width>55</width>
				<height>55</height>
				<label>n</label>
				<font>-</font>
				<texturefocus colordiffuse="$VAR[MainColorOne]">OSDNextTrackFO.png</texturefocus>
				<texturenofocus>OSDNextTrackNF.png</texturenofocus>
				<onclick>Action(NextPicture,SlideShow)</onclick>
			</control>
			<control type="button" id="104">
				<width>55</width>
				<height>55</height>
				<label>r</label>
				<font>-</font>
				<texturefocus colordiffuse="$VAR[MainColorOne]">OSDRepeatFO.png</texturefocus>
				<texturenofocus>OSDRepeatNF.png</texturenofocus>
				<onclick>Action(Rotate,SlideShow)</onclick>
			</control>
			<control type="button" id="105">
				<width>55</width>
				<height>55</height>
				<label>+</label>
				<font>-</font>
				<texturefocus colordiffuse="$VAR[MainColorOne]">OSDZoomInFO.png</texturefocus>
				<texturenofocus>OSDZoomInNF.png</texturenofocus>
				<onclick>Action(ZoomIn,SlideShow)</onclick>
			</control>
			<control type="button" id="106">
				<width>55</width>
				<height>55</height>
				<label>_</label>
				<font>-</font>
				<texturefocus colordiffuse="$VAR[MainColorOne]">OSDZoomOutFO.png</texturefocus>
				<texturenofocus>OSDZoomOutNF.png</texturenofocus>
				<onclick>Action(ZoomOut,SlideShow)</onclick>
			</control>
			<control type="button" id="107">
				<width>55</width>
				<height>55</height>
				<label>I</label>
				<font>-</font>
				<texturefocus colordiffuse="$VAR[MainColorOne]">OSDInfoFO.png</texturefocus>
				<texturenofocus>OSDInfoNF.png</texturenofocus>
				<onclick>Action(CodecInfo,SlideShow)</onclick>
			</control>
		</control>
		<control type="group">
			<left>20</left>
			<top>230r</top>
			<visible>Player.HasMedia</visible>
			<include>VisibleFadeEffect</include>
			<include>SmallMusicInfo</include>
		</control>
		<control type="grouplist" id="200">
			<left>20</left>
			<top>60r</top>
			<onup>1000</onup>
			<ondown>1000</ondown>
			<onleft>100</onleft>
			<onright>100</onright>
			<orientation>horizontal</orientation>
			<itemgap>0</itemgap>
			<animation effect="fade" time="150">VisibleChange</animation>
			<visible>Player.HasMedia</visible>
			<control type="button" id="201">
				<width>55</width>
				<height>55</height>
				<label>210</label>
				<font>-</font>
				<texturefocus colordiffuse="$VAR[MainColorOne]">OSDVolUpFO.png</texturefocus>
				<texturenofocus>OSDVolUpNF.png</texturenofocus>
				<onclick>$VAR[VolumeStepUp]</onclick>
				<onclick>VolumeUp</onclick>
				<visible>Skin.HasSetting(EnableVolumeButtons)</visible>
			</control>
			<control type="button" id="202">
				<width>50</width>
				<height>50</height>
				<label>210</label>
				<font>-</font>
				<texturefocus colordiffuse="$VAR[MainColorOne]">OSDVolDownFO.png</texturefocus>
				<texturenofocus>OSDVolDownNF.png</texturenofocus>
				<onclick>$VAR[VolumeStepDown]</onclick>
				<onclick>VolumeDown</onclick>
				<visible>Skin.HasSetting(EnableVolumeButtons)</visible>
			</control>
			<control type="button" id="203">
				<width>55</width>
				<height>55</height>
				<label>210</label>
				<font>-</font>
				<texturefocus colordiffuse="$VAR[MainColorOne]">OSDPrevTrackFO.png</texturefocus>
				<texturenofocus>OSDPrevTrackNF.png</texturenofocus>
				<onclick>PlayerControl(Previous)</onclick>
				<visible>!MusicPlayer.Content(LiveTV)</visible>
			</control>
			<control type="button" id="204">
				<width>55</width>
				<height>55</height>
				<label>31354</label>
				<font>-</font>
				<texturefocus colordiffuse="$VAR[MainColorOne]">OSDRewindFO.png</texturefocus>
				<texturenofocus>OSDRewindNF.png</texturenofocus>
				<animation effect="fade" start="100" end="50" time="75" condition="!Player.SeekEnabled">Conditional</animation>
				<onclick>PlayerControl(Rewind)</onclick>
				<enable>Player.SeekEnabled</enable>
			</control>
			<control type="togglebutton" id="205">
				<width>55</width>
				<height>55</height>
				<label>31351</label>
				<altlabel>208</altlabel>
				<font>-</font>
				<texturefocus colordiffuse="$VAR[MainColorOne]">OSDPauseFO.png</texturefocus>
				<texturenofocus>OSDPauseNF.png</texturenofocus>
				<usealttexture>Player.Paused | Player.Forwarding | Player.Rewinding</usealttexture>
				<alttexturefocus colordiffuse="$VAR[MainColorOne]">OSDPlayFO.png</alttexturefocus>
				<alttexturenofocus>OSDPlayNF.png</alttexturenofocus>
				<animation effect="fade" start="100" end="50" time="75" condition="!Player.PauseEnabled">Conditional</animation>
				<onclick>PlayerControl(Play)</onclick>
				<enable>Player.PauseEnabled</enable>
			</control>
			<control type="button" id="206">
				<width>55</width>
				<height>55</height>
				<label>31352</label>
				<font>-</font>
				<texturefocus colordiffuse="$VAR[MainColorOne]">OSDStopFO.png</texturefocus>
				<texturenofocus>OSDStopNF.png</texturenofocus>
				<onclick>PlayerControl(Stop)</onclick>
			</control>
			<control type="button" id="207">
				<width>55</width>
				<height>55</height>
				<label>31353</label>
				<font>-</font>
				<texturefocus colordiffuse="$VAR[MainColorOne]">OSDForwardFO.png</texturefocus>
				<texturenofocus>OSDForwardNF.png</texturenofocus>
				<animation effect="fade" start="100" end="50" time="75" condition="!Player.SeekEnabled">Conditional</animation>
				<onclick>PlayerControl(Forward)</onclick>
				<enable>Player.SeekEnabled</enable>
			</control>
			<control type="button" id="208">
				<width>55</width>
				<height>55</height>
				<label>209</label>
				<font>-</font>
				<texturefocus colordiffuse="$VAR[MainColorOne]">OSDNextTrackFO.png</texturefocus>
				<texturenofocus>OSDNextTrackNF.png</texturenofocus>
				<visible>!MusicPlayer.Content(LiveTV)</visible>
				<onclick>PlayerControl(Next)</onclick>
			</control>
		</control>
	</controls>
</window>