<?xml version="1.0" encoding="UTF-8"?>
<window>
	<defaultcontrol always="true">5</defaultcontrol>
	<onload>ClearProperty(SideBladeOpen)</onload>
	<coordinates>
		<system>1</system>
		<left>240</left>
		<top>100</top>
	</coordinates>
	<include>dialogeffect</include>
	<controls>
		<include name="DialogBackgroundCommons">
			<param name="DialogBackgroundWidth" value="800" />
			<param name="DialogBackgroundHeight" value="500" />
			<param name="DialogHeaderWidth" value="720" />
			<param name="DialogHeaderLabel" value="$LOCALIZE[587]" />
			<param name="DialogHeaderId" value="2" />
			<param name="CloseButtonLeft" value="710" />
			<param name="CloseButtonNav" value="10" />
		</include>
		<control type="grouplist" id="5">
			<description>control area</description>
			<left>30</left>
			<top>70</top>
			<width>720</width>
			<height>350</height>
			<itemgap>4</itemgap>
			<pagecontrol>6</pagecontrol>
			<onup>9001</onup>
			<ondown>9001</ondown>
			<onleft>9001</onleft>
			<onright>6</onright>
		</control>
		<control type="scrollbar" id="6">
			<left>755</left>
			<top>70</top>
			<width>25</width>
			<height>350</height>
			<texturesliderbackground border="0,14,0,14">ScrollBarV.png</texturesliderbackground>
			<texturesliderbar border="2,16,2,16">ScrollBarV_bar.png</texturesliderbar>
			<texturesliderbarfocus border="2,16,2,16" colordiffuse="$VAR[MainColorOne]">ScrollBarV_bar_focus.png</texturesliderbarfocus>
			<textureslidernib colordiffuse="$VAR[MainColorOne]">ScrollBarNib.png</textureslidernib>
			<textureslidernibfocus colordiffuse="$VAR[MainColorOne]">ScrollBarNib.png</textureslidernibfocus>
			<onleft>5</onleft>
			<onright>9001</onright>
			<showonepage>false</showonepage>
			<orientation>vertical</orientation>
		</control>
		<control type="button" id="7">
			<description>Default Button</description>
			<left>0</left>
			<top>0</top>
			<height>40</height>
			<font>font13</font>
			<textcolor>grey2</textcolor>
			<focusedcolor>white</focusedcolor>
			<invalidcolor>invalid</invalidcolor>
			<texturenofocus border="5">button-nofocus.png</texturenofocus>
			<texturefocus border="5" colordiffuse="$VAR[MainColorOne]">button-focus2.png</texturefocus>
		</control>
		<control type="radiobutton" id="8">
			<description>Default RadioButton</description>
			<left>0</left>
			<top>0</top>
			<height>40</height>
			<font>font13</font>
			<textcolor>grey2</textcolor>
			<focusedcolor>white</focusedcolor>
			<texturenofocus border="5">button-nofocus.png</texturenofocus>
			<texturefocus border="5" colordiffuse="$VAR[MainColorOne]">button-focus2.png</texturefocus>
		</control>
		<control type="spincontrolex" id="9">
			<description>Default SpinControlex</description>
			<left>0</left>
			<top>0</top>
			<height>40</height>
			<font>font13</font>
			<textcolor>grey2</textcolor>
			<focusedcolor>white</focusedcolor>
			<texturenofocus border="5">button-nofocus.png</texturenofocus>
			<texturefocus border="5" colordiffuse="$VAR[MainColorOne]">button-focus2.png</texturefocus>
			<aligny>center</aligny>
			<reverse>yes</reverse>
		</control>
		<control type="sliderex" id="13">
			<description>Default Slider</description>
			<left>0</left>
			<top>0</top>
			<height>40</height>
			<font>font13</font>
			<textcolor>grey2</textcolor>
			<focusedcolor>white</focusedcolor>
			<texturenofocus border="5">button-nofocus.png</texturenofocus>
			<texturefocus border="5" colordiffuse="$VAR[MainColorOne]">button-focus2.png</texturefocus>
			<aligny>center</aligny>
		</control>
		<control type="edit" id="12">
			<description>Default Edit</description>
			<left>0</left>
			<top>0</top>
			<height>40</height>
			<font>font13</font>
			<textcolor>grey2</textcolor>
			<focusedcolor>white</focusedcolor>
			<texturenofocus border="5">button-nofocus.png</texturenofocus>
			<texturefocus border="5" colordiffuse="$VAR[MainColorOne]">button-focus2.png</texturefocus>
		</control>
		<control type="group" id="9001">
			<left>190</left>
			<top>435</top>
			<control type="button" id="28">
				<description>Ok Button</description>
				<left>0</left>
				<top>0</top>
				<width>200</width>
				<height>40</height>
				<align>center</align>
				<aligny>center</aligny>
				<texturenofocus border="5">button-nofocus.png</texturenofocus>
				<texturefocus border="5" colordiffuse="$VAR[MainColorOne]">button-focus.png</texturefocus>
				<label>186</label>
				<font>font12_title</font>
				<onup>5</onup>
				<onleft>27</onleft>
				<onright>27</onright>
				<ondown>5</ondown>
			</control>
			<control type="button" id="27">
				<description>Clear Button</description>
				<left>210</left>
				<top>0</top>
				<width>200</width>
				<height>40</height>
				<align>center</align>
				<aligny>center</aligny>
				<texturenofocus border="5">button-nofocus.png</texturenofocus>
				<texturefocus border="5" colordiffuse="$VAR[MainColorOne]">button-focus.png</texturefocus>
				<label>192</label>
				<font>font12_title</font>
				<onup>5</onup>
				<onleft>28</onleft>
				<onright>28</onright>
				<ondown>5</ondown>
			</control>
		</control>
	</controls>
</window>