<?xml version="1.0" encoding="utf-8"?>
<window type="dialog">
	<defaultcontrol always="true">10</defaultcontrol>
	<coordinates>
		<system>1</system>
		<left>240</left>
		<top>100</top>
	</coordinates>
	<include>dialogeffect</include>
	<controls>
		<!-- Standard dialog header //-->
		<control type="image">
			<description>background image</description>
			<left>0</left>
			<top>0</top>
			<width>800</width>
			<height>500</height>
			<texture border="40" fallback="special://xbmc/addons/pvr.mediaportal.tvserver/resources/skins/skin.confluence/media/DialogBack.png">DialogBack.png</texture>
		</control>
		<control type="image">
			<description>Dialog Header image</description>
			<left>40</left>
			<top>16</top>
			<width>720</width>
			<height>40</height>
			<texture>dialogheader.png</texture>
		</control>
		<control type="label">
			<description>header label</description>
			<left>40</left>
			<top>20</top>
			<width>720</width>
			<height>30</height>
			<font>font13_title</font>
			<label>$LOCALIZE[31605]</label>
			<align>center</align>
			<aligny>center</aligny>
			<textcolor>selected</textcolor>
			<shadowcolor>black</shadowcolor>
		</control>
		<control type="button">
			<description>Close Window button</description>
			<left>710</left>
			<top>15</top>
			<width>64</width>
			<height>32</height>
			<label>-</label>
			<font>-</font>
			<onclick>PreviousMenu</onclick>
			<texturefocus>DialogCloseButton-focus.png</texturefocus>
			<texturenofocus>DialogCloseButton.png</texturenofocus>
			<onleft>10</onleft>
			<onright>10</onright>
			<onup>10</onup>
			<ondown>10</ondown>
			<visible>system.getbool(input.enablemouse)</visible>
		</control>
		<!-- Dialog specific controls //-->
		<control type="label" description="Program title" id="20">
			<left>40</left>
			<top>100</top>
			<width>720</width>
			<height>30</height>
			<font>font12_title</font>
			<!--<label>filled in by code</label>-->
			<align>left</align>
			<aligny>center</aligny>
			<textcolor>white</textcolor>
		</control>
		<control type="label" description="Program start time" id="21">
			<left>40</left>
			<top>60</top>
			<width>355</width>
			<height>30</height>
			<font>font12_title</font>
			<!--<label>filled in by code</label>-->
			<align>left</align>
			<aligny>center</aligny>
			<textcolor>white</textcolor>
		</control>
		<control type="label" description="Program channel" id="22">
			<left>400</left>
			<top>60</top>
			<width>355</width>
			<height>30</height>
			<font>font12_title</font>
			<!--<label>filled in by code</label>-->
			<align>left</align>
			<aligny>center</aligny>
			<textcolor>white</textcolor>
		</control>
		<control type="grouplist" description="spincontrols" id="23">
			<left>40</left>
			<top>140</top>
			<itemgap>5</itemgap>
			<width>720</width>
			<height>290</height>
			<onup>9001</onup>
			<ondown>9001</ondown>
			<control type="spincontrolex" id="10">
				<description>Frequency</description>
				<width>720</width>
				<height>40</height>
				<label>$LOCALIZE[31606]</label>
				<onright>10</onright>
				<onleft>10</onleft>
			</control>
			<control type="spincontrolex" id="11">
				<description>Airtime</description>
				<width>720</width>
				<height>40</height>
				<label>$LOCALIZE[31607]</label>
				<onright>11</onright>
				<onleft>11</onleft>
			</control>
			<control type="spincontrolex" id="12">
				<description>Channels</description>
				<width>720</width>
				<height>40</height>
				<label>$LOCALIZE[31608]</label>
				<onright>12</onright>
				<onleft>12</onleft>
			</control>
			<control type="image" id="24">
				<description>Separator</description>
				<height>2</height>
				<width>720</width>
				<aspectratio align="left" aligny="top">stretch</aspectratio>
				<texture fallback="special://xbmc/addons/pvr.mediaportal.tvserver/resources/skins/skin.confluence/media/separator2.png">separator2.png</texture>
			</control>
			<control type="spincontrolex" id="13">
				<description>Keep</description>
				<width>720</width>
				<height>40</height>
				<label>$LOCALIZE[31609]</label>
				<onright>13</onright>
				<onleft>13</onleft>
			</control>
			<control type="spincontrolex" id="14">
				<description>Record minutes before start</description>
				<width>720</width>
				<height>40</height>
				<label>$LOCALIZE[31610]</label>
				<onright>14</onright>
				<onleft>14</onleft>
			</control>
			<control type="spincontrolex" id="15">
				<description>Record minutes after end</description>
				<width>720</width>
				<height>40</height>
				<label>$LOCALIZE[31611]</label>
				<onright>15</onright>
				<onleft>15</onleft>
			</control>
		</control>
		<!-- Dialog Ok/Cancel buttons //-->
		<control type="grouplist" id="9001">
			<left>190</left>
			<top>435</top>
			<onup>15</onup>
			<ondown>10</ondown>
			<orientation>horizontal</orientation>
			<control type="button" id="1">
				<description>Ok Button</description>
				<width>200</width>
				<align>center</align>
				<aligny>center</aligny>
				<label>186</label>
				<onleft>2</onleft>
				<onright>2</onright>
			</control>
			<control type="button" id="2">
				<description>Cancel Button</description>
				<width>200</width>
				<align>center</align>
				<aligny>center</aligny>
				<label>222</label>
				<onleft>1</onleft>
				<onright>1</onright>
			</control>
		</control>
	</controls>
</window>