<?xml version="1.0" encoding="UTF-8"?>
<window>
	<defaultcontrol always="true">10</defaultcontrol>
	<coordinates>
		<left>75</left>
		<top>60</top>
	</coordinates>
	<animation effect="fade" time="200">WindowOpen</animation>
	<animation effect="fade" time="200">WindowClose</animation>
	<depth>0.52</depth>
	<controls>
		<control type="image">
			<visible>![Window.IsVisible(FullscreenVideo) | Window.IsVisible(Visualisation)]</visible>
			<description>background image</description>
			<left>0</left>
			<top>0</top>
			<width>1130</width>
			<height>600</height>
			<texture border="40">DialogBack.png</texture>
		</control>
		<control type="image">
			<visible>Window.IsVisible(FullscreenVideo) | Window.IsVisible(Visualisation)</visible>
			<description>background image</description>
			<left>0</left>
			<top>0</top>
			<width>1130</width>
			<height>600</height>
			<texture border="40">DialogBack2.png</texture>
		</control>
		<control type="image">
			<description>Dialog Header image</description>
			<left>20</left>
			<top>16</top>
			<width>1090</width>
			<height>40</height>
			<texture>dialogheader.png</texture>
		</control>
		<control type="label" id="15">
			<description>header label</description>
			<left>40</left>
			<top>20</top>
			<width>1050</width>
			<height>30</height>
			<font>font13_title</font>
			<align>center</align>
			<aligny>center</aligny>
			<textcolor>FFEB9E17</textcolor>
			<shadowcolor>FF000000</shadowcolor>
		</control>
		<control type="button" id="20">
			<description>Close Window button</description>
			<left>1040</left>
			<top>16</top>
			<width>64</width>
			<height>32</height>
			<label></label>
			<font></font>
			<texturefocus colordiffuse="FF0084FF">DialogCloseButton-focus.png</texturefocus>
			<texturenofocus>DialogCloseButton.png</texturenofocus>
			<onleft>10</onleft>
			<onright>10</onright>
			<onup>10</onup>
			<ondown>40</ondown>
			<visible>system.getbool(input.enablemouse)</visible>
		</control>
		<control type="group">
			<left>30</left>
			<top>70</top>
			<control type="image">
				<left>0</left>
				<top>0</top>
				<width>1070</width>
				<height>245</height>
				<texture border="15">ContentPanel.png</texture>
				<include condition="!IsEmpty(Skin.String(MediaPanelTrans))">TransparentEffect</include>
			</control>
			<control type="label" id="100">
				<description>Video file</description>
				<left>0</left>
				<top>10</top>
				<width>250</width>
				<height>25</height>
				<align>right</align>
				<font>font13</font>
				<textcolor>FF999999</textcolor>
				<scroll>true</scroll>
			</control>
			<control type="label" id="110">
				<description>Current Video file</description>
				<left>260</left>
				<top>10</top>
				<width>780</width>
				<height>25</height>
				<align>left</align>
				<font>font13</font>
				<scroll>true</scroll>
			</control>
			<control type="label" id="101">
				<description>Edit file</description>
				<left>0</left>
				<top>35</top>
				<width>250</width>
				<height>25</height>
				<align>right</align>
				<font>font13</font>
				<textcolor>FF999999</textcolor>
				<scroll>true</scroll>
			</control>
			<control type="label" id="111">
				<description>Current Edit file</description>
				<left>260</left>
				<top>35</top>
				<width>780</width>
				<height>25</height>
				<align>left</align>
				<font>font13</font>
				<scroll>true</scroll>
			</control>
			<control type="label" id="102">
				<description>Edit type</description>
				<left>0</left>
				<top>60</top>
				<width>250</width>
				<height>25</height>
				<align>right</align>
				<font>font13</font>
				<textcolor>FF999999</textcolor>
				<scroll>true</scroll>
			</control>
			<control type="label" id="112">
				<description>Current Edit type</description>
				<left>260</left>
				<top>60</top>
				<width>780</width>
				<height>25</height>
				<align>left</align>
				<font>font13</font>
				<scroll>true</scroll>
			</control>
			<control type="label" id="103">
				<description>Edit unit</description>
				<left>0</left>
				<top>85</top>
				<width>250</width>
				<height>25</height>
				<align>right</align>
				<font>font13</font>
				<textcolor>FF999999</textcolor>
				<scroll>true</scroll>
			</control>
			<control type="label" id="113">
				<description>Current Edit unit</description>
				<left>260</left>
				<top>85</top>
				<width>780</width>
				<height>25</height>
				<align>left</align>
				<font>font13</font>
				<scroll>true</scroll>
			</control>
			<control type="label" id="104">
				<description>Edit nr</description>
				<left>0</left>
				<top>110</top>
				<width>250</width>
				<height>25</height>
				<align>right</align>
				<font>font13</font>
				<textcolor>FF999999</textcolor>
				<scroll>true</scroll>
			</control>
			<control type="label" id="114">
				<description>Current Edit nr</description>
				<left>260</left>
				<top>110</top>
				<width>780</width>
				<height>25</height>
				<align>left</align>
				<font>font13</font>
				<scroll>true</scroll>
			</control>
			<control type="label" id="105">
				<description>Starttime</description>
				<left>0</left>
				<top>135</top>
				<width>250</width>
				<height>25</height>
				<align>right</align>
				<font>font13</font>
				<textcolor>FF999999</textcolor>
				<scroll>true</scroll>
			</control>
			<control type="label" id="115">
				<description>Current Starttime</description>
				<left>260</left>
				<top>135</top>
				<width>780</width>
				<height>25</height>
				<align>left</align>
				<font>font13</font>
				<scroll>true</scroll>
			</control>
			<control type="label" id="106">
				<description>Duration</description>
				<left>0</left>
				<top>160</top>
				<width>250</width>
				<height>25</height>
				<align>right</align>
				<font>font13</font>
				<textcolor>FF999999</textcolor>
				<scroll>true</scroll>
			</control>
			<control type="label" id="116">
				<description>Current Duration</description>
				<left>260</left>
				<top>160</top>
				<width>780</width>
				<height>25</height>
				<align>left</align>
				<font>font13</font>
				<scroll>true</scroll>
			</control>
			<control type="label" id="107">
				<description>Interval</description>
				<left>0</left>
				<top>185</top>
				<width>250</width>
				<height>25</height>
				<align>right</align>
				<font>font13</font>
				<textcolor>FF999999</textcolor>
				<scroll>true</scroll>
			</control>
			<control type="label" id="117">
				<description>Current Interval</description>
				<left>260</left>
				<top>185</top>
				<width>780</width>
				<height>25</height>
				<align>left</align>
				<font>font13</font>
				<scroll>true</scroll>
			</control>
			<control type="label" id="108">
				<description>Framerate</description>
				<left>0</left>
				<top>210</top>
				<width>250</width>
				<height>25</height>
				<align>right</align>
				<font>font13</font>
				<textcolor>FF999999</textcolor>
				<scroll>true</scroll>
			</control>
			<control type="label" id="118">
				<description>Current Framerate</description>
				<left>260</left>
				<top>210</top>
				<width>780</width>
				<height>25</height>
				<align>left</align>
				<font>font13</font>
				<scroll>true</scroll>
			</control>
		</control>
		<control type="group">
			<left>30</left>
			<top>325</top>
			<control type="image">
				<left>0</left>
				<top>0</top>
				<width>1070</width>
				<height>170</height>
				<texture border="15">dialogheader.png</texture>
				<include condition="!IsEmpty(Skin.String(MediaPanelTrans))">TransparentEffect</include>
				<visible>!Control.HasFocus(40)</visible>
			</control>
			<control type="image">
				<left>0</left>
				<top>0</top>
				<width>1070</width>
				<height>170</height>
				<texture border="15" colordiffuse="FF0084FF">dialogheader.png</texture>
				<include condition="!IsEmpty(Skin.String(MediaPanelTrans))">TransparentEffect</include>
				<visible>Control.HasFocus(40)</visible>
			</control>
			<control type="list" id="40">
				<hitrect x="0" y="0" w="1070" h="120" />
				<left>0</left>
				<top>0</top>
				<width>1070</width>
				<height>170</height>
				<onleft>40</onleft>
				<onright>40</onright>
				<onup>20</onup>
				<ondown>60</ondown>
				<pagecontrol>60</pagecontrol>
				<scrolltime>200</scrolltime>
				<focusposition>1</focusposition>
				<movement>1</movement>
				<orientation>horizontal</orientation>
				<preloaditems>4</preloaditems>
				<itemlayout height="160" width="510">
					<control type="image">
						<left>5</left>
						<top>5</top>
						<width>250</width>
						<height>160</height>
						<aspectratio>stretch</aspectratio>
						<bordertexture border="5">button-nofocus.png</bordertexture>
						<bordersize>4</bordersize>
						<fadetime>200</fadetime>
						<texture background="true">$INFO[ListItem.Art(start)]</texture>
					</control>
					<control type="image">
						<left>255</left>
						<top>5</top>
						<width>250</width>
						<height>160</height>
						<aspectratio>stretch</aspectratio>
						<bordertexture border="5">button-nofocus.png</bordertexture>
						<bordersize>4</bordersize>
						<fadetime>200</fadetime>
						<texture background="true">$INFO[ListItem.Art(stop)]</texture>
					</control>
					<control type="label">
                        <left>30</left>
                        <top>140</top>
                        <width>200</width>
                        <height>22</height>
                        <font>font13</font>
                        <aligny>center</aligny>
                        <selectedcolor>green</selectedcolor>
                        <textcolor>grey</textcolor>
                        <align>center</align>
                        <info>ListItem.Label</info>
                	</control>
                	<control type="label">
                        <left>285</left>
                        <top>140</top>
                        <width>200</width>
                        <height>22</height>
                        <font>font13</font>
                        <aligny>center</aligny>
                        <selectedcolor>green</selectedcolor>
                        <textcolor>grey</textcolor>
                        <align>center</align>
                        <info>ListItem.Label2</info>
                	</control>
				</itemlayout>
				<focusedlayout height="160" width="510">
					<control type="image">
						<left>5</left>
						<top>5</top>
						<width>250</width>
						<height>160</height>
						<aspectratio>stretch</aspectratio>
						<bordertexture border="5" colordiffuse="FF0084FF">button-focus.png</bordertexture>
						<bordersize>4</bordersize>
						<fadetime>200</fadetime>
						<texture background="true">$INFO[ListItem.Art(start)]</texture>
					</control>
					<control type="image">
						<left>255</left>
						<top>5</top>
						<width>250</width>
						<height>160</height>
						<aspectratio>stretch</aspectratio>
						<bordertexture border="5" colordiffuse="FF0084FF">button-focus.png</bordertexture>
						<bordersize>4</bordersize>
						<fadetime>200</fadetime>
						<texture background="true">$INFO[ListItem.Art(stop)]</texture>
					</control>
					<control type="label">
                        <left>30</left>
                        <top>140</top>
                        <width>200</width>
                        <height>22</height>
                        <font>font13</font>
                        <aligny>center</aligny>
                        <selectedcolor>green</selectedcolor>
                        <textcolor>white</textcolor>
                        <align>center</align>
                        <info>ListItem.Label</info>
                	</control>
                	<control type="label">
                        <left>285</left>
                        <top>140</top>
                        <width>200</width>
                        <height>22</height>
                        <font>font13</font>
                        <aligny>center</aligny>
                        <selectedcolor>green</selectedcolor>
                        <textcolor>white</textcolor>
                        <align>center</align>
                        <info>ListItem.Label2</info>
                	</control>
				</focusedlayout>
			</control>
			<control type="scrollbar" id="60">
				<left>0</left>
				<top>170</top>
				<width>1070</width>
				<height>25</height>
				<texturesliderbackground border="14,0,14,0">ScrollBarH.png</texturesliderbackground>
				<texturesliderbar border="14,0,14,0">ScrollBarH_bar.png</texturesliderbar>
				<texturesliderbarfocus border="14,0,14,0" colordiffuse="FF0084FF">ScrollBarH_bar_focus.png</texturesliderbarfocus>
				<textureslidernib colordiffuse="FF0084FF">ScrollBarNib.png</textureslidernib>
				<textureslidernibfocus colordiffuse="FF0084FF">ScrollBarNib.png</textureslidernibfocus>
				<onup>40</onup>
				<ondown>10</ondown>
				<showonepage>true</showonepage>
				<orientation>horizontal</orientation>
				<visible>Control.IsVisible(40)</visible>
			</control>
		</control>
		<control type="group">
			<left>30</left>
			<top>535</top>
			<control type="button" id="70">
				<description>Edit button</description>
				<left>0</left>
				<top>0</top>
				<width>150</width>
				<height>40</height>
				<font>font12_title</font>
				<textcolor>white</textcolor>
				<focusedcolor>white</focusedcolor>
				<align>center</align>
				<onleft>11</onleft>
				<onright>71</onright>
				<onup>60</onup>
				<ondown>20</ondown>
			</control>
			<control type="button" id="71">
				<description>Add button</description>
				<left>160</left>
				<top>0</top>
				<width>150</width>
				<height>40</height>
				<font>font12_title</font>
				<textcolor>white</textcolor>
				<focusedcolor>white</focusedcolor>
				<align>center</align>
				<onleft>70</onleft>
				<onright>72</onright>
				<onup>60</onup>
				<ondown>20</ondown>
			</control>
			<control type="button" id="72">
				<description>Delete button</description>
				<left>320</left>
				<top>0</top>
				<width>150</width>
				<height>40</height>
				<font>font12_title</font>
				<textcolor>white</textcolor>
				<focusedcolor>white</focusedcolor>
				<align>center</align>
				<onleft>71</onleft>
				<onright>10</onright>
				<onup>60</onup>
				<ondown>20</ondown>
			</control>
			<control type="button" id="10">
				<description>Store button</description>
				<left>600</left>
				<top>0</top>
				<width>200</width>
				<height>40</height>
				<font>font12_title</font>
				<textcolor>white</textcolor>
				<focusedcolor>white</focusedcolor>
				<align>center</align>
				<onleft>72</onleft>
				<onright>11</onright>
				<onup>60</onup>
				<ondown>20</ondown>
			</control>
			<control type="button" id="11">
				<description>Cancel button</description>
				<left>870</left>
				<top>0</top>
				<width>200</width>
				<height>40</height>
				<font>font12_title</font>
				<textcolor>white</textcolor>
				<focusedcolor>white</focusedcolor>
				<align>center</align>
				<onleft>10</onleft>
				<onright>70</onright>
				<onup>60</onup>
				<ondown>20</ondown>
			</control>
		</control>
	</controls>
</window>

