<?xml version="1.0" encoding="UTF-8" standalone="yes"?>
<addon id="service.webgrabplusplus"
       name="WebGrab++ Management for Kodi"
       version="1.0.1"
       provider-name="Helly">
  <requires>
    <import addon="xbmc.python" version="2.20.0"/>
  </requires>
  <extension point="xbmc.service" library="default.py" start="login|startup"/>
  <extension point="xbmc.python.script" library="script.py"/>
  <extension point="xbmc.addon.metadata">
    <summary lang="en">WebGrab++ Management</summary>
    <description lang="en">WebGrab++ management to run and check WebGrab++ status from Kodi.</description>
    <disclaimer lang="en">Use at your own risk. No liability for not set timers, lack of EPG data and other side effects!</disclaimer>
    <license>GNU GENERAL PUBLIC LICENSE. Version 2, June 1991</license>
    <forum></forum>
    <website></website>
    <email></email>
    <source>https://github.com/Helly1206/service.webgrabplusplus</source>
  </extension>
</addon>
