<?xml version="1.0" encoding="UTF-8"?>
<window type="dialog">
	<include>dialogeffect</include>
	<coordinates>
		<system>1</system>
		<left>415</left>
		<top>275</top>
	</coordinates>
	<controls>
		<control type="group">
			<include name="DialogBackgroundCommons">
				<param name="DialogBackgroundWidth" value="450" />
				<param name="DialogBackgroundHeight" value="170" />
				<param name="DialogHeaderWidth" value="370" />
				<param name="DialogHeaderLabel" value="$LOCALIZE[31321]" />
				<param name="DialogHeaderId" value="1" />
				<param name="CloseButtonLeft" value="360" />
				<param name="CloseButtonNav" value="10" />
			</include>
			<control type="label" id="401">
				<description>Song Number Label</description>
				<left>30</left>
				<top>70</top>
				<width>390</width>
				<height>30</height>
				<font>font28_title</font>
				<textcolor>white</textcolor>
				<align>center</align>
				<aligny>center</aligny>
			</control>
			<control type="label" id="402">
				<description>Song Name Label</description>
				<left>30</left>
				<top>120</top>
				<width>390</width>
				<height>20</height>
				<font>font13</font>
				<align>center</align>
				<aligny>center</aligny>
				<textcolor>$VAR[MainColorOne]</textcolor>
				<scroll>true</scroll>
			</control>
		</control>
	</controls>
</window>
