<?xml version="1.0" encoding="UTF-8"?>
<window>
	<defaultcontrol>-</defaultcontrol>
	<include>dialogeffect</include>
	<coordinates>
		<system>0</system>
		<left>0</left>
		<top>0</top>
	</coordinates>
	<controls>
		<control type="image">
			<left>50r</left>
			<top>2</top>
			<width>45</width>
			<height>45</height>
			<aspectratio>keep</aspectratio>
			<texture>icon-mute.png</texture>
			<animation effect="slide" start="0,0" end="-80,0" time="0" condition="Window.IsVisible(MusicOSD)">conditional</animation>
			<animation effect="slide" start="0,0" end="-80,0" time="0" condition="Window.IsVisible(VideoOSD)">conditional</animation>
		</control>
	</controls>
</window>