<?xml version="1.0" encoding="UTF-8" standalone="yes"?>
<addon id="script.audioswitch"
       name="Kodi Audio Switch"
       version="1.1.0"
       provider-name="Helly">
  <requires>
    <import addon="xbmc.python" version="3.0.0"/>
  </requires>
  <extension point="xbmc.python.script"
             library="default.py" />
  <extension point="xbmc.addon.metadata">
    <platform>all</platform>
    <summary lang="en">Kodi Audio Switch</summary>
    <summary lang="nl">Kodi Audio Switch</summary>
    <description lang="en">This addon makes it possible to easily switch audio output.</description>
    <description lang="en">Deze addon maakt gemakkelijk schakelen tussen audio uitgangen mogelijk."</description>
    <license>GNU GENERAL PUBLIC LICENSE. Version 2, June 1991</license>
    <forum></forum>
    <website></website>
    <email></email>
    <source>https://github.com/Helly1206/script.audioswitch</source>
    <assets>
        <icon>icon.png</icon>
        <fanart>fanart.jpg</fanart>
    </assets>
  </extension>
</addon>
