<?xml version="1.0" encoding="UTF-8"?>
<window type="dialog" id="1105">
	<defaultcontrol always="true">5000</defaultcontrol>
	<coordinates>
        <left>322</left>
        <top>90</top>
    </coordinates>
	<include>dialogeffect</include>
	<controls>
		<control type="group">
			<animation effect="fade" start="100" end="0" time="150" condition="Window.IsVisible(AddonSettings) | Window.IsVisible(selectdialog)">Conditional</animation>
			<include content="DialogBackgroundCommons">
				<param name="DialogBackgroundWidth" value="1200" />
                <param name="DialogBackgroundHeight" value="900" />
                <param name="DialogHeaderWidth" value="1080" />
                <param name="DialogHeaderId" value="" />
                <param name="DialogHeaderLabel" value="$LOCALIZE[5]" />
                <param name="CloseButtonLeft" value="1025" />
                <param name="CloseButtonNav" value="10" />
			</include>
			<control type="group">
				<left>60</left>
				<top>105</top>
				<control type="grouplist" id="5000">
					<width>1080</width>
                	<height>570</height>
                	<itemgap>8</itemgap>
                	<orientation>vertical</orientation>
					<onup>5029</onup>
					<ondown>5029</ondown>
					<control type="button" id="5002">
						<width>1080</width>
						<height>60</height>
                		<font>font13</font>
						<label>$LOCALIZE[15047]</label>
						<onclick>ActivateWindow(OSDAudioDSPSettings)</onclick>
						<visible>system.getbool(audiooutput.dspaddonsenabled)</visible>
					</control>
					<control type="button" id="5003">
						<width>1080</width>
						<height>60</height>
                		<font>font13</font>
						<label>$LOCALIZE[15020]</label>
						<onclick>ActivateWindow(AudioDSPManager)</onclick>
						<visible>system.getbool(audiooutput.dspaddonsenabled)</visible>
					</control>
					<control type="button" id="5004">
						<width>1080</width>
						<height>60</height>
                		<font>font13</font>
						<label>$LOCALIZE[250]</label>
						<label2>[B]$INFO[Visualisation.Name][/B]</label2>
						<onclick>SendClick(500)</onclick>
					</control>
					<control type="button" id="5005">
						<width>1080</width>
						<height>60</height>
                		<font>font13</font>
						<label>$LOCALIZE[31160]</label>
						<onclick>Addon.Default.OpenSettings(xbmc.player.musicviz)</onclick>
					</control>
					<control type="button" id="5006">
						<width>1080</width>
						<height>60</height>
                		<font>font13</font>
						<label>$LOCALIZE[31048]</label>
						<onclick>ActivateWindow(visualisationpresetlist)</onclick>
						<visible>Visualisation.HasPresets</visible>
					</control>
					<control type="button" id="5007">
						<width>1080</width>
						<height>60</height>
                		<font>font13</font>
						<label>$LOCALIZE[31132]</label>
						<label2>[B]$INFO[Skin.String(LyricScript_Path)][/B]</label2>
						<onclick>Skin.SetAddon(LyricScript_Path,xbmc.python.lyrics)</onclick>
					</control>
					<control type="button" id="5008">
						<width>1080</width>
						<height>60</height>
                		<font>font13</font>
						<label>$LOCALIZE[31161]</label>
						<onclick>Addon.OpenSettings($INFO[Skin.String(LyricScript_Path)])</onclick>
						<visible>!String.IsEmpty(Skin.String(LyricScript_Path))</visible>
					</control>
				</control>
			</control>
			<control type="button" id="5029">
                <description>Cancel Button</description>
                <top>802</top>
                <left>420</left>
                <width>300</width>
                <height>60</height>
                <align>center</align>
                <aligny>center</aligny>
                <font>font12_title</font>
                <label>$LOCALIZE[222]</label>
                <onleft>29</onleft>
                <onright>29</onright>
                <onup>5000</onup>
                <ondown>5000</ondown>
                <onclick>PreviousMenu</onclick>
            </control>
		</control>
	</controls>
</window>