<?xml version="1.0" encoding="utf-8"?>
<window type="dialog" id="2128">
	<defaultcontrol always="true">10</defaultcontrol>
	<coordinates>
		<system>1</system>
		<posx>335</posx>
		<posy>230</posy>
	</coordinates>
	<include>dialogeffect</include>
	<controls>
		<control type="image">
			<posx>0</posx>
			<posy>0</posy>
			<width>610</width>
			<height>240</height>
			<texture border="40">DialogBack.png</texture>
		</control>
		<control type="image">
			<description>Dialog Header image</description>
			<posx>40</posx>
			<posy>16</posy>
			<width>530</width>
			<height>40</height>
			<texture>dialogheader.png</texture>
		</control>
		<control type="label">
			<description>header label</description>
			<posx>40</posx>
			<posy>20</posy>
			<width>530</width>
			<height>30</height>
			<font>font13_title</font>
			<label>$LOCALIZE[31171] $LOCALIZE[31341]</label>
			<align>center</align>
			<aligny>center</aligny>
			<textcolor>selected</textcolor>
			<shadowcolor>black</shadowcolor>
		</control>
		<control type="button">
			<description>Close Window button</description>
			<posx>520</posx>
			<posy>15</posy>
			<width>64</width>
			<height>32</height>
			<label>-</label>
			<font>-</font>
			<onclick>PreviousMenu</onclick>
			<texturefocus>DialogCloseButton-focus.png</texturefocus>
			<texturenofocus>DialogCloseButton.png</texturenofocus>
			<onleft>10</onleft>
			<onright>10</onright>
			<onup>10</onup>
			<ondown>10</ondown>
			<visible>system.getbool(input.enablemouse)</visible>
		</control>
		<control type="label">
			<posx>0</posx>
			<posy>90</posy>
			<width>550</width>
			<height>65</height>
			<align>center</align>
			<aligny>center</aligny>
			<label>$LOCALIZE[19194]</label>
			<font>font24_title</font>
		</control>
		<control type="label">
			<posx>30</posx>
			<posy>60</posy>
			<width>550</width>
			<height>30</height>
			<align>center</align>
			<aligny>center</aligny>
			<label>$LOCALIZE[31339]</label>
			<font>font13</font>
		</control>
		<control type="button" id="11">
			<description>Yes button</description>
			<posx>95</posx>
			<posy>175</posy>
			<width>200</width>
			<height>40</height>
			<label>107</label>
			<font>font12_title</font>
			<textcolor>white</textcolor>
			<focusedcolor>white</focusedcolor>
			<align>center</align>
			<onleft>10</onleft>
			<onright>10</onright>
			<onup>11</onup>
			<ondown>11</ondown>
			<onclick>Skin.Reset(UPnP_Path)</onclick>
			<onclick>Skin.SetBool(UPnP_Mode)</onclick>
			<onclick>Skin.SetBool(ToggleUPnPMode)</onclick>
			<onclick>Dialog.Close(2128)</onclick>
			<onclick>Skin.SetPath(UPnP_Path)</onclick>
			<onclick>ActivateWindow(home)</onclick>
		</control>
		<control type="button" id="10">
			<description>No button</description>
			<posx>305</posx>
			<posy>175</posy>
			<width>200</width>
			<height>40</height>
			<label>106</label>
			<font>font12_title</font>
			<textcolor>white</textcolor>
			<focusedcolor>white</focusedcolor>
			<align>center</align>
			<onleft>11</onleft>
			<onright>11</onright>
			<onup>10</onup>
			<ondown>10</ondown>
			<onclick>PreviousMenu</onclick>
		</control>
	</controls>
</window>