<?xml version="1.0" encoding="UTF-8"?>
<window>
	<defaultcontrol always="true">1</defaultcontrol>
	<coordinates>
		<system>1</system>
		<left>335</left>
		<top>235</top>
	</coordinates>
	<include>dialogeffect</include>
	<controls>
		<include name="DialogBackgroundCommons">
			<param name="DialogBackgroundWidth" value="610" />
			<param name="DialogBackgroundHeight" value="230" />
			<param name="DialogHeaderWidth" value="530" />
			<param name="DialogHeaderLabel" value="$LOCALIZE[13406]" />
			<param name="DialogHeaderId" value="1" />
			<param name="CloseButtonLeft" value="520" />
			<param name="CloseButtonNav" value="10" />
		</include>
		<control type="label" id="2">
			<description>dialog line 1</description>
			<left>30</left>
			<top>70</top>
			<width>550</width>
			<height>30</height>
			<align>left</align>
			<aligny>center</aligny>
			<label>-</label>
			<font>font13</font>
		</control>
		<control type="label" id="3">
			<description>dialog line 2</description>
			<left>30</left>
			<top>95</top>
			<width>550</width>
			<height>30</height>
			<align>left</align>
			<aligny>center</aligny>
			<label>-</label>
			<font>font13</font>
		</control>
		<control type="label" id="4">
			<description>dialog line 3</description>
			<left>30</left>
			<top>130</top>
			<width>550</width>
			<height>30</height>
			<align>left</align>
			<aligny>center</aligny>
			<label>-</label>
			<font>font35_title</font>
		</control>
	</controls>
</window>