<?xml version="1.0" encoding="utf-8"?>
<window>
	<defaultcontrol always="true">10</defaultcontrol>
	<coordinates>
		<system>1</system>
		<left>240</left>
		<top>100</top>
	</coordinates>
	<include>dialogeffect</include>
	<controls>
		<control type="image">
			<description>background image</description>
			<left>0</left>
			<top>0</top>
			<width>800</width>
			<height>500</height>
			<texture border="40">DialogBack.png</texture>
		</control>
		<control type="image">
			<description>Dialog Header image</description>
			<left>40</left>
			<top>16</top>
			<width>720</width>
			<height>40</height>
			<texture>dialogheader.png</texture>
		</control>
		<control type="label">
			<description>header label</description>
			<left>40</left>
			<top>20</top>
			<width>720</width>
			<height>30</height>
			<font>font13_title</font>
			<label>$ADDON[pvr.wmc 30100]</label>
			<align>center</align>
			<aligny>center</aligny>
			<textcolor>selected</textcolor>
			<shadowcolor>black</shadowcolor>
		</control>
		<control type="button" id="22">
			<description>Close Window button</description>
			<left>710</left>
			<top>15</top>
			<width>64</width>
			<height>32</height>
			<label>-</label>
			<font>-</font>
			<!--<onclick>PreviousMenu</onclick>-->
			<texturefocus>DialogCloseButton-focus.png</texturefocus>
			<texturenofocus>DialogCloseButton.png</texturenofocus>
			<onleft>10</onleft>
			<onright>10</onright>
			<onup>10</onup>
			<ondown>10</ondown>
			<visible>system.getbool(input.enablemouse)</visible>
		</control>
		<control type="label" description="program title" id="20">
			<left>40</left>
			<top>60</top>
			<width>720</width>
			<height>30</height>
			<font>font13_title</font>
			<!--<label>filled in by code</label>-->
			<align>left</align>
			<aligny>center</aligny>
			<textcolor>white</textcolor>
			<!--<shadowcolor>black</shadowcolor>-->
		</control>
		<control type="group" description="radio buttons">
			<left>40</left>
			<top>100</top>
			<width>720</width>
			<height>100</height>
			<control type="radiobutton" id="10">
				<description>episode recording</description>
				<left>0</left>
				<top>0</top>
				<height>40</height>
				<width>720</width>
				<label>$ADDON[pvr.wmc 30101]</label>
				<font>font13</font>
				<textcolor>grey2</textcolor>
				<focusedcolor>white</focusedcolor>
				<texturenofocus border="5">button-nofocus.png</texturenofocus>
				<texturefocus border="5">button-focus2.png</texturefocus>
				<onright>10</onright>
				<onleft>10</onleft>
				<onup>1</onup>
				<ondown>11</ondown>
			</control>
			<control type="radiobutton" id="11">
				<description>series recording</description>
				<left>0</left>
				<top>45</top>
				<height>40</height>
				<width>720</width>
				<label>$ADDON[pvr.wmc 30102]</label>
				<font>font13</font>
				<textcolor>grey2</textcolor>
				<focusedcolor>white</focusedcolor>
				<texturenofocus border="5">button-nofocus.png</texturenofocus>
				<texturefocus border="5">button-focus2.png</texturefocus>
				<onright>11</onright>
				<onleft>11</onleft>
				<onup>10</onup>
				<ondown>12</ondown>
			</control>
		</control>
		<control type="group" descripton="series spinners">
			<left>340</left>
			<top>190</top>
			<width>420</width>
			<height>150</height>
			<control type="spincontrolex" id="12">
				<description>series runtype</description>
				<left>0</left>
				<top>0</top>
				<width>420</width>
				<height>40</height>
				<font>font13</font>
				<textcolor>grey2</textcolor>
				<focusedcolor>white</focusedcolor>
				<texturenofocus border="5">button-nofocus.png</texturenofocus>
				<texturefocus border="5">button-focus2.png</texturefocus>
				<label>$ADDON[pvr.wmc 30103]</label>
				<onright>12</onright>
				<onleft>12</onleft>
				<onup>10</onup>
				<ondown>13</ondown>
			</control>
			<control type="spincontrolex" id="13">
				<description>channel series choice</description>
				<left>0</left>
				<top>45</top>
				<width>420</width>
				<height>40</height>
				<font>font13</font>
				<textcolor>grey2</textcolor>
				<focusedcolor>white</focusedcolor>
				<texturenofocus border="5">button-nofocus.png</texturenofocus>
				<texturefocus border="5">button-focus2.png</texturefocus>
				<label>$ADDON[pvr.wmc 30107]</label>
				<onright>13</onright>
				<onleft>13</onleft>
				<onup>12</onup>
				<ondown>14</ondown>
			</control>
			<control type="spincontrolex" id="14">
				<description>airtime series choice</description>
				<left>0</left>
				<top>90</top>
				<width>420</width>
				<height>40</height>
				<font>font13</font>
				<textcolor>grey2</textcolor>
				<focusedcolor>white</focusedcolor>
				<texturenofocus border="5">button-nofocus.png</texturenofocus>
				<texturefocus border="5">button-focus2.png</texturefocus>
				<label>$ADDON[pvr.wmc 30110]</label>
				<onright>14</onright>
				<onleft>14</onleft>
				<onup>13</onup>
				<ondown>1</ondown>
			</control>
		</control>
		<control type="group" id="9001">
			<left>190</left>
			<top>435</top>
			<control type="button" id="1">
				<description>Ok Button</description>
				<left>0</left>
				<top>0</top>
				<width>200</width>
				<height>40</height>
				<align>center</align>
				<aligny>center</aligny>
				<texturenofocus border="5">button-nofocus.png</texturenofocus>
				<texturefocus border="5">button-focus.png</texturefocus>
				<label>186</label>
				<font>font12_title</font>
				<onup>14</onup>
				<onleft>2</onleft>
				<onright>2</onright>
				<ondown>10</ondown>
			</control>
			<control type="button" id="2">
				<description>Cancel Button</description>
				<left>210</left>
				<top>0</top>
				<width>200</width>
				<height>40</height>
				<align>center</align>
				<aligny>center</aligny>
				<texturenofocus border="5">button-nofocus.png</texturenofocus>
				<texturefocus border="5">button-focus.png</texturefocus>
				<label>222</label>
				<font>font12_title</font>
				<onup>14</onup>
				<onleft>1</onleft>
				<onright>1</onright>
				<ondown>10</ondown>
			</control>
		</control>
	</controls>
</window>