<?xml version="1.0" encoding="utf-8"?>
<window type="dialog" id="2119">
	<defaultcontrol always="true">450</defaultcontrol>
	<coordinates>
		<left>0</left>
		<top>0</top>
	</coordinates>
	<controls>
		<control type="group">
			<animation effect="slide" start="400,0" end="0,0" time="400" tween="quadratic" easing="out">WindowOpen</animation>
			<animation effect="slide" start="0,0" end="400,0" time="400" tween="quadratic" easing="out">WindowClose</animation>
			<control type="image">
				<left>400r</left>
				<top>0</top>
				<width>400</width>
				<height>720</height>
				<texture border="15,0,0,0" flipx="true">MediaBladeSub.png</texture>
			</control>
			<control type="button">
				<description>Close Window button</description>
				<left>380r</left>
				<top>0</top>
				<width>64</width>
				<height>32</height>
				<onclick>PreviousMenu</onclick>
				<texturefocus>DialogCloseButton-focus.png</texturefocus>
				<texturenofocus>DialogCloseButton.png</texturenofocus>
				<onleft>450</onleft>
				<onright>450</onright>
				<onup>450</onup>
				<ondown>450</ondown>
				<visible>system.getbool(input.enablemouse)</visible>
			</control>
			<control type="label">
				<left>380r</left>
				<top>35</top>
				<width>360</width>
				<height>40</height>
				<font>font13_title</font>
				<align>center</align>
				<aligny>center</aligny>
				<textcolor>$VAR[MainColorOne]</textcolor>
				<shadowcolor>black</shadowcolor>
				<label>$LOCALIZE[31318]</label>
			</control>
			<control type="list" id="450">
				<left>390r</left>
				<top>130</top>
				<width>440</width>
				<height>480</height>
				<onup>450</onup>
				<onleft>Dialog.Close(2119)</onleft>
				<onright>60</onright>
				<ondown>450</ondown>
				<pagecontrol>60</pagecontrol>
				<scrolltime>200</scrolltime>
				<itemlayout height="40">
					<control type="image">
						<left>0</left>
						<top>0</top>
						<width>360</width>
						<height>40</height>
						<texture border="5">button-nofocus.png</texture>
					</control>
					<control type="label">
						<left>10</left>
						<top>0</top>
						<width>340</width>
						<height>40</height>
						<font>font12_title</font>
						<align>left</align>
						<aligny>center</aligny>
						<selectedcolor>selected</selectedcolor>
						<info>ListItem.Label</info>
					</control>
				</itemlayout>
				<focusedlayout height="40">
					<control type="image">
						<left>0</left>
						<top>0</top>
						<width>360</width>
						<height>40</height>
						<visible>!Control.HasFocus(450)</visible>
						<texture border="3">button-nofocus.png</texture>
					</control>
					<control type="image">
						<left>0</left>
						<top>0</top>
						<width>360</width>
						<height>40</height>
						<visible>Control.HasFocus(450)</visible>
						<texture border="3" colordiffuse="$VAR[MainColorOne]">button-focus.png</texture>
					</control>
					<control type="label">
						<left>10</left>
						<top>0</top>
						<width>340</width>
						<height>40</height>
						<font>font12_title</font>
						<align>left</align>
						<aligny>center</aligny>
						<selectedcolor>selected</selectedcolor>
						<info>ListItem.Label</info>
					</control>
				</focusedlayout>
				<content>
					<item>
						<description>Clear Setting</description>
						<label>$LOCALIZE[31499]</label>
						<onclick>Dialog.Close(2119)</onclick>
						<onclick>Skin.Reset($INFO[Window(Home).Property(UsrSelectBtn)].Label)</onclick>
						<onclick>Skin.Reset($INFO[Window(Home).Property(UsrSelectBtn)].Path)</onclick>
						<onclick>Skin.Reset($INFO[Window(Home).Property(UsrSelectBtn)].Icon)</onclick>
						<onclick>ClearProperty(UsrSelectBtn,home)</onclick>
						<visible>!String.IsEqual(Window(Home).Property(UsrSelectBtn),UsrFavBtnCmd)</visible>
					</item>
					<item>
						<description>Favourites Window</description>
						<label>$LOCALIZE[31338]</label>
						<onclick>Dialog.Close(2119)</onclick>
						<onclick>Skin.SetString(UsrFavBtnCmd.Path,ActivateWindow(Favourites),return)</onclick>
						<onclick>Skin.SetString(UsrFavBtnCmd.Label,$LOCALIZE[31338])</onclick>
						<onclick>ClearProperty(UsrSelectBtn,home)</onclick>
						<visible>String.IsEqual(Window(Home).Property(UsrSelectBtn),UsrFavBtnCmd)</visible>
					</item>
					<item>
						<description>Favourites</description>
						<label>$LOCALIZE[31443] $LOCALIZE[1036]</label>
						<onclick>Dialog.Close(2119)</onclick>
						<onclick>RunScript(script.favourites,changetitle=true&amp;property=$INFO[Window(Home).Property(UsrSelectBtn)])</onclick>
						<onclick>ClearProperty(UsrSelectBtn,home)</onclick>
						<visible>System.HasAddon(script.favourites)</visible>
					</item>
					<item>
						<description>Last Video Played</description>
						<label>$LOCALIZE[31018]</label>
						<onclick>Dialog.Close(2119)</onclick>
						<onclick>Skin.SetString(UsrFavBtnCmd.Path,LastVideo)</onclick>
						<onclick>Skin.SetString(UsrFavBtnCmd.Label,$LOCALIZE[31018])</onclick>
						<onclick>ClearProperty(UsrSelectBtn,home)</onclick>
						<visible>String.IsEqual(Window(Home).Property(UsrSelectBtn),UsrFavBtnCmd)</visible>
					</item>
					<item>
						<description>Suggested Movies</description>
						<label>$LOCALIZE[31197]</label>
						<onclick>Dialog.Close(2119)</onclick>
						<onclick>Skin.SetString(UsrFavBtnCmd.Path,ActivateWindow(2125))</onclick>
						<onclick>Skin.SetString(UsrFavBtnCmd.Label,$LOCALIZE[31197])</onclick>
						<onclick>ClearProperty(UsrSelectBtn,home)</onclick>
						<visible>String.IsEqual(Window(Home).Property(UsrSelectBtn),UsrFavBtnCmd)</visible>
						<visible>Library.HasContent(Movies)</visible>
					</item>
					<item>
						<description>Suggested TV Episodes</description>
						<label>$LOCALIZE[31194]</label>
						<onclick>Dialog.Close(2119)</onclick>
						<onclick>Skin.SetString(UsrFavBtnCmd.Path,ActivateWindow(2124))</onclick>
						<onclick>Skin.SetString(UsrFavBtnCmd.Label,$LOCALIZE[31194])</onclick>
						<onclick>ClearProperty(UsrSelectBtn,home)</onclick>
						<visible>String.IsEqual(Window(Home).Property(UsrSelectBtn),UsrFavBtnCmd)</visible>
						<visible>Library.HasContent(TVShows)</visible>
					</item>
					<item>
						<description>Suggested Music</description>
						<label>$LOCALIZE[31191]</label>
						<onclick>Dialog.Close(2119)</onclick>
						<onclick>Skin.SetString(UsrFavBtnCmd.Path,ActivateWindow(2123))</onclick>
						<onclick>Skin.SetString(UsrFavBtnCmd.Label,$LOCALIZE[31191])</onclick>
						<onclick>ClearProperty(UsrSelectBtn,home)</onclick>
						<visible>String.IsEqual(Window(Home).Property(UsrSelectBtn),UsrFavBtnCmd)</visible>
						<visible>Library.HasContent(Music)</visible>
					</item>
					<item>
						<description>Suggested Concerts</description>
						<label>$LOCALIZE[31199]</label>
						<onclick>Dialog.Close(2119)</onclick>
						<onclick>Skin.SetString(UsrFavBtnCmd.Path,ActivateWindow(2126))</onclick>
						<onclick>Skin.SetString(UsrFavBtnCmd.Label,$LOCALIZE[31199])</onclick>
						<onclick>ClearProperty(UsrSelectBtn,home)</onclick>
						<visible>String.IsEqual(Window(Home).Property(UsrSelectBtn),UsrFavBtnCmd)</visible>
						<visible>Library.HasContent(MusicVideos)</visible>
					</item>
					<item>
						<description>Auto Suggested Media</description>
						<label>$LOCALIZE[31020]</label>
						<onclick>Dialog.Close(2119)</onclick>
						<onclick>Skin.SetString(UsrFavBtnCmd.Path,AutoSuggest)</onclick>
						<onclick>Skin.SetString(UsrFavBtnCmd.Label,$LOCALIZE[31020])</onclick>
						<onclick>ClearProperty(UsrSelectBtn,home)</onclick>
						<visible>String.IsEqual(Window(Home).Property(UsrSelectBtn),UsrFavBtnCmd)</visible>
					</item>
					<item>
						<description>Eject DVD</description>
						<label>$LOCALIZE[31019] DVD</label>
						<onclick>Dialog.Close(2119)</onclick>
						<onclick>Skin.SetString(UsrFavBtnCmd.Path,EjectTray())</onclick>
						<onclick>Skin.SetString(UsrFavBtnCmd.Label,$LOCALIZE[31019] DVD)</onclick>
						<onclick>ClearProperty(UsrSelectBtn,home)</onclick>
						<visible>String.IsEqual(Window(Home).Property(UsrSelectBtn),UsrFavBtnCmd)</visible>
					</item>
					<item>
						<description>Skin Settings</description>
						<label>$LOCALIZE[166] $LOCALIZE[5]</label>
						<onclick>Dialog.Close(2119)</onclick>
						<onclick>Skin.SetString(UsrFavBtnCmd.Path,ActivateWindow(SkinSettings),return)</onclick>
						<onclick>Skin.SetString(UsrFavBtnCmd.Label,$LOCALIZE[166] $LOCALIZE[5])</onclick>
						<onclick>ClearProperty(UsrSelectBtn,home)</onclick>
						<visible>String.IsEqual(Window(Home).Property(UsrSelectBtn),UsrFavBtnCmd)</visible>
					</item>
					<item>
						<description>Shutdown Menu</description>
						<label>$LOCALIZE[31077]</label>
						<onclick>Dialog.Close(2119)</onclick>
						<onclick>Skin.SetString(UsrFavBtnCmd.Path,ActivateWindow(ShutdownMenu))</onclick>
						<onclick>Skin.SetString(UsrFavBtnCmd.Label,$LOCALIZE[31077])</onclick>
						<onclick>ClearProperty(UsrSelectBtn,home)</onclick>
						<visible>String.IsEqual(Window(Home).Property(UsrSelectBtn),UsrFavBtnCmd)</visible>
					</item>
					<item>
						<description>Video addons</description>
						<label>$LOCALIZE[1037]</label>
						<onclick>Skin.Reset(UsrSelectAddon)</onclick>
						<onclick>Dialog.Close(2119)</onclick>
						<onclick>Skin.SetAddon(UsrSelectAddon,xbmc.addon.video)</onclick>
						<onclick>Skin.SetString($INFO[Window(Home).Property(UsrSelectBtn)].Label,$INFO[system.addontitle(Skin.String(UsrSelectAddon))])</onclick>
						<onclick>Skin.SetString($INFO[Window(Home).Property(UsrSelectBtn)].Path,RunAddon($INFO[Skin.String(UsrSelectAddon)]))</onclick>
						<onclick>Skin.SetString($INFO[Window(Home).Property(UsrSelectBtn)].Icon,$INFO[system.addonicon(Skin.String(UsrSelectAddon))])</onclick>
						<onclick>Skin.SetString($INFO[Window(Home).Property(UsrSelectBtn)].Label)</onclick>
						<onclick>ClearProperty(UsrSelectBtn,home)</onclick>
					</item>
					<item>
						<description>Music addons</description>
						<label>$LOCALIZE[1038]</label>
						<onclick>Skin.Reset(UsrSelectAddon)</onclick>
						<onclick>Dialog.Close(2119)</onclick>
						<onclick>Skin.SetAddon(UsrSelectAddon,xbmc.addon.audio)</onclick>
						<onclick>Skin.SetString($INFO[Window(Home).Property(UsrSelectBtn)].Label,$INFO[system.addontitle(Skin.String(UsrSelectAddon))])</onclick>
						<onclick>Skin.SetString($INFO[Window(Home).Property(UsrSelectBtn)].Path,RunAddon($INFO[Skin.String(UsrSelectAddon)]))</onclick>
						<onclick>Skin.SetString($INFO[Window(Home).Property(UsrSelectBtn)].Icon,$INFO[system.addonicon(Skin.String(UsrSelectAddon))])</onclick>
						<onclick>Skin.SetString($INFO[Window(Home).Property(UsrSelectBtn)].Label)</onclick>
						<onclick>ClearProperty(UsrSelectBtn,home)</onclick>
					</item>
					<item>
						<description>Picture addons</description>
						<label>$LOCALIZE[1039]</label>
						<onclick>Skin.Reset(UsrSelectAddon)</onclick>
						<onclick>Dialog.Close(2119)</onclick>
						<onclick>Skin.SetAddon(UsrSelectAddon,xbmc.addon.image)</onclick>
						<onclick>Skin.SetString($INFO[Window(Home).Property(UsrSelectBtn)].Label,$INFO[system.addontitle(Skin.String(UsrSelectAddon))])</onclick>
						<onclick>Skin.SetString($INFO[Window(Home).Property(UsrSelectBtn)].Path,RunAddon($INFO[Skin.String(UsrSelectAddon)]))</onclick>
						<onclick>Skin.SetString($INFO[Window(Home).Property(UsrSelectBtn)].Icon,$INFO[system.addonicon(Skin.String(UsrSelectAddon))])</onclick>
						<onclick>Skin.SetString($INFO[Window(Home).Property(UsrSelectBtn)].Label)</onclick>
						<onclick>ClearProperty(UsrSelectBtn,home)</onclick>
					</item>
					<item>
						<description>Programme addons</description>
						<label>$LOCALIZE[1043]</label>
						<onclick>Skin.Reset(UsrSelectAddon)</onclick>
						<onclick>Dialog.Close(2119)</onclick>
						<onclick>Skin.SetAddon(UsrSelectAddon,xbmc.addon.executable)</onclick>
						<onclick>Skin.SetString($INFO[Window(Home).Property(UsrSelectBtn)].Label,$INFO[system.addontitle(Skin.String(UsrSelectAddon))])</onclick>
						<onclick>Skin.SetString($INFO[Window(Home).Property(UsrSelectBtn)].Path,RunAddon($INFO[Skin.String(UsrSelectAddon)]))</onclick>
						<onclick>Skin.SetString($INFO[Window(Home).Property(UsrSelectBtn)].Icon,$INFO[system.addonicon(Skin.String(UsrSelectAddon))])</onclick>
						<onclick>Skin.SetString($INFO[Window(Home).Property(UsrSelectBtn)].Label)</onclick>
						<onclick>ClearProperty(UsrSelectBtn,home)</onclick>
					</item>
					<item>
						<description>Playlist Music</description>
						<label>$LOCALIZE[559] ([COLOR=selected]$LOCALIZE[2][/COLOR])</label>
						<onclick>Skin.Reset(UsrSelectAddon)</onclick>
						<onclick>Dialog.Close(2119)</onclick>
						<onclick>Skin.SetFile(UsrSelectAddon,.m3u|.xsp|.pls,special://musicplaylists/)</onclick>
						<onclick>Skin.SetString($INFO[Window(Home).Property(UsrSelectBtn)].Label,$LOCALIZE[559])</onclick>
						<onclick>Skin.SetString($INFO[Window(Home).Property(UsrSelectBtn)].Path,PlayMedia("$INFO[Skin.String(UsrSelectAddon)]"))</onclick>
						<onclick>Skin.SetString($INFO[Window(Home).Property(UsrSelectBtn)].Icon,DefaultMusicPlaylists.png)</onclick>
						<onclick>Skin.SetString($INFO[Window(Home).Property(UsrSelectBtn)].Label)</onclick>
						<onclick>ClearProperty(UsrSelectBtn,home)</onclick>
					</item>
					<item>
						<description>Playlist Video</description>
						<label>$LOCALIZE[559] ([COLOR=selected]$LOCALIZE[3][/COLOR])</label>
						<onclick>Skin.Reset(UsrSelectAddon)</onclick>
						<onclick>Dialog.Close(2119)</onclick>
						<onclick>Skin.SetFile(UsrSelectAddon,.xsp,special://videoplaylists/)</onclick>
						<onclick>Skin.SetString($INFO[Window(Home).Property(UsrSelectBtn)].Label,$LOCALIZE[559])</onclick>
						<onclick>Skin.SetString($INFO[Window(Home).Property(UsrSelectBtn)].Path,ActivateWindow(Videos,"$INFO[Skin.String(UsrSelectAddon)]",return))</onclick>
						<onclick>Skin.SetString($INFO[Window(Home).Property(UsrSelectBtn)].Icon,DefaultVideoPlaylists.png)</onclick>
						<onclick>Skin.SetString($INFO[Window(Home).Property(UsrSelectBtn)].Label)</onclick>
						<onclick>ClearProperty(UsrSelectBtn,home)</onclick>
					</item>
					<item>
						<description>Watch it Later Playlist</description>
						<label>$LOCALIZE[559] - $LOCALIZE[31215]</label>
						<onclick>Skin.Reset(UsrSelectAddon)</onclick>
						<onclick>Dialog.Close(2119)</onclick>
						<onclick>Skin.SetString($INFO[Window(Home).Property(UsrSelectBtn)].Label,$LOCALIZE[31215])</onclick>
						<onclick>Skin.SetString($INFO[Window(Home).Property(UsrSelectBtn)].Path,RunAddon(script.simpleplaylists))</onclick>
						<onclick>Skin.SetString($INFO[Window(Home).Property(UsrSelectBtn)].Icon,DefaultVideoPlaylists.png)</onclick>
						<onclick>Skin.SetString($INFO[Window(Home).Property(UsrSelectBtn)].Label)</onclick>
						<onclick>ClearProperty(UsrSelectBtn,home)</onclick>
						<visible>System.HasAddon(script.simpleplaylists)</visible>
					</item>
				</content>
			</control>
			<control type="scrollbar" id="60">
				<left>1250</left>
				<top>95</top>
				<width>25</width>
				<height>550</height>
				<texturesliderbackground border="0,14,0,14">ScrollBarV.png</texturesliderbackground>
				<texturesliderbar border="0,14,0,14">ScrollBarV_bar.png</texturesliderbar>
				<texturesliderbarfocus border="0,14,0,14" colordiffuse="$VAR[MainColorOne]">ScrollBarV_bar_focus.png</texturesliderbarfocus>
				<textureslidernib colordiffuse="$VAR[MainColorOne]">ScrollBarNib.png</textureslidernib>
				<textureslidernibfocus colordiffuse="$VAR[MainColorOne]">ScrollBarNib.png</textureslidernibfocus>
				<onleft>450</onleft>
				<onright>450</onright>
				<showonepage>true</showonepage>
				<orientation>vertical</orientation>
				<visible>Control.IsVisible(450)</visible>
			</control>
		</control>
	</controls>
</window>
