<?xml version="1.0" encoding="utf-8"?>
<includes>
	<include name="ChannelList">
		<control type="group">
			<visible>Control.IsVisible(50)</visible>
			<include>Window_OpenClose_Animation</include>
			<control type="group">
				<include>VisibleFadeEffect</include>
				<control type="image">
					<left>50</left>
					<top>60</top>
					<width>450</width>
					<height>600</height>
					<texture border="15">ContentPanel.png</texture>
				</control>
				<control type="image">
					<left>50</left>
					<top>652</top>
					<width>450</width>
					<height>64</height>
					<texture border="15">ContentPanelMirror.png</texture>
				</control>
				<control type="image">
					<left>510</left>
					<top>60</top>
					<width>730</width>
					<height>600</height>
					<texture border="15">ContentPanel.png</texture>
				</control>
				<control type="image">
					<left>510</left>
					<top>652</top>
					<width>730</width>
					<height>64</height>
					<texture border="15">ContentPanelMirror.png</texture>
				</control>
			</control>
		</control>
		<control type="group">
			<description>Small Media Window</description>
			<left>530</left>
			<top>80</top>
			<visible>Control.IsVisible(50)</visible>
			<include>VisibleFadeEffect</include>
			<include>Window_OpenClose_Animation</include>
			<control type="image">
				<left>0</left>
				<top>0</top>
				<width>690</width>
				<height>400</height>
				<texture border="5">button-nofocus.png</texture>
			</control>
			<control type="multiimage">
				<left>5</left>
				<top>5</top>
				<width>680</width>
				<height>390</height>
				<aspectratio>scale</aspectratio>
				<imagepath background="true">$VAR[CommonMenuItemBackground]</imagepath>
				<include>BackgroundTimePerImage</include>
				<randomize>true</randomize>
				<fadetime>1000</fadetime>
				<visible>!Player.HasVideo</visible>
			</control>
			<control type="videowindow">
				<left>5</left>
				<top>5</top>
				<width>680</width>
				<height>390</height>
				<visible>Player.HasVideo</visible>
				<animation effect="slide" start="0,0" end="-2000,0" time="0">WindowClose</animation>
			</control>
			<control type="image">
				<left>1</left>
				<top>1</top>
				<width>688</width>
				<height>35</height>
				<texture>black-back.png</texture>
				<colordiffuse>DDFFFFFF</colordiffuse>
				<visible>Player.HasVideo</visible>
			</control>
			<control type="label">
				<description>Current Video label</description>
				<left>30</left>
				<top>1</top>
				<width>650</width>
				<height>35</height>
				<font>font12</font>
				<textcolor>grey2</textcolor>
				<align>center</align>
				<aligny>center</aligny>
				<label>$INFO[Player.Title]</label>
				<visible>Player.HasVideo</visible>
			</control>
		</control>
		<control type="group">
			<include>Window_OpenClose_Animation</include>
			<description>TV Channels group</description>
			<visible>Control.IsVisible(50)</visible>
			<include>VisibleFadeEffect</include>
			<control type="group">
				<left>530</left>
				<top>490</top>
				<visible>![Control.IsVisible(50) + !String.IsEmpty(Window.Property(IsRadio)) + System.GetBool(PVRPlayback.EnableRadioRDS) + !Skin.HasSetting(HideEPGwithRDS) + RDS.HasRDS]</visible>
				<control type="label">
					<left>0</left>
					<top>0</top>
					<width>690</width>
					<height>20</height>
					<font>font13</font>
					<textcolor>white</textcolor>
					<shadowcolor>black</shadowcolor>
					<scroll>true</scroll>
					<align>center</align>
					<aligny>center</aligny>
					<label>[B]$INFO[Container(50).ListItem.Title]$INFO[ListItem.EpisodeName, (,)][/B]</label>
				</control>
				<control type="label">
					<left>0</left>
					<top>22</top>
					<width>80</width>
					<height>20</height>
					<align>right</align>
					<aligny>center</aligny>
					<font>font10_title</font>
					<textcolor>$VAR[MainColorOne]</textcolor>
					<visible>Container(50).ListItem.HasEpg</visible>
					<label>$INFO[Container(50).ListItem.StartTime]</label>
				</control>
				<control type="progress">
					<description>Progressbar</description>
					<left>85</left>
					<top>30</top>
					<width>510</width>
					<height>8</height>
					<visible>Container(50).ListItem.HasEpg</visible>
					<info>Container(50).ListItem.Progress</info>
				</control>
				<control type="label">
					<left>600</left>
					<top>22</top>
					<width>80</width>
					<height>20</height>
					<align>left</align>
					<aligny>center</aligny>
					<font>font10_title</font>
					<textcolor>$VAR[MainColorOne]</textcolor>
					<visible>Container(50).ListItem.HasEpg</visible>
					<label>$INFO[Container(50).ListItem.EndTime]</label>
				</control>
				<control type="textbox">
					<description>Plot Value for TVShow</description>
					<left>0</left>
					<top>52</top>
					<width>690</width>
					<height>72</height>
					<font>font13</font>
					<align>justify</align>
					<textcolor>white</textcolor>
					<shadowcolor>black</shadowcolor>
					<pagecontrol>-</pagecontrol>
					<label>$INFO[Container(50).ListItem.Plot]</label>
					<autoscroll time="2000" delay="3000" repeat="5000">Skin.HasSetting(AutoScroll)</autoscroll>
				</control>
				<control type="label">
					<left>0</left>
					<top>140</top>
					<width>690</width>
					<height>20</height>
					<font>font12</font>
					<textcolor>grey2</textcolor>
					<align>right</align>
					<aligny>center</aligny>
					<scroll>false</scroll>
					<visible>!String.IsEmpty(Container(50).ListItem.NextTitle)</visible>
					<label>$LOCALIZE[19031]: $INFO[Container(50).ListItem.NextTitle]</label>
				</control>
			</control>
			<control type="group">
				<left>530</left>
				<top>490</top>
				<visible>Control.IsVisible(50) + !String.IsEmpty(Window.Property(IsRadio)) + System.GetBool(PVRPlayback.EnableRadioRDS) + !Skin.HasSetting(HideEPGwithRDS) + RDS.HasRDS</visible>
				<control type="image">
					<left>580</left>
					<top>-3</top>
					<width>104</width>
					<height>40</height>
					<visible>!RDS.HasRadioText</visible>
					<texture>flagging/rds/rds-logo.png</texture>
				</control>
				<control type="image">
					<left>580</left>
					<top>-3</top>
					<width>104</width>
					<height>34</height>
					<visible>RDS.HasRadioText + !RDS.HasRadioTextPlus</visible>
					<texture>flagging/rds/rds-radiotext-logo.png</texture>
				</control>
				<control type="image">
					<left>580</left>
					<top>-3</top>
					<width>104</width>
					<height>40</height>
					<visible>RDS.HasRadioTextPlus</visible>
					<texture>flagging/rds/rds-radiotext-plus-logo.png</texture>
				</control>
				<control type="label">
					<left>0</left>
					<top>40</top>
					<width>690</width>
					<height>20</height>
					<font>font13</font>
					<textcolor>white</textcolor>
					<shadowcolor>black</shadowcolor>
					<align>left</align>
					<aligny>center</aligny>
					<scroll>true</scroll>
					<visible>RDS.HasRDS</visible>
					<label>$INFO[RDS.Getline(3)]</label>
				</control>
				<control type="label">
					<left>0</left>
					<top>65</top>
					<width>690</width>
					<height>20</height>
					<font>font13</font>
					<textcolor>white</textcolor>
					<shadowcolor>black</shadowcolor>
					<align>left</align>
					<aligny>center</aligny>
					<scroll>true</scroll>
					<visible>RDS.HasRDS</visible>
					<label>$INFO[RDS.Getline(2)]</label>
				</control>
				<control type="label">
					<left>0</left>
					<top>90</top>
					<width>690</width>
					<height>20</height>
					<font>font13</font>
					<textcolor>white</textcolor>
					<shadowcolor>black</shadowcolor>
					<align>left</align>
					<aligny>center</aligny>
					<scroll>true</scroll>
					<visible>RDS.HasRDS</visible>
					<label>$INFO[RDS.Getline(1)]</label>
				</control>
				<control type="label">
					<left>0</left>
					<top>115</top>
					<width>690</width>
					<height>20</height>
					<font>font13</font>
					<textcolor>white</textcolor>
					<shadowcolor>black</shadowcolor>
					<align>left</align>
					<aligny>center</aligny>
					<scroll>true</scroll>
					<visible>RDS.HasRDS</visible>
					<label>$INFO[RDS.Getline(0)]</label>
				</control>
			</control>
			<control type="list" id="50">
				<left>70</left>
				<top>85</top>
				<width>390</width>
				<height>541</height>
				<onleft>100</onleft>
				<onright>70</onright>
				<onup>50</onup>
				<ondown>50</ondown>
				<viewtype label="535">list</viewtype>
				<pagecontrol>70</pagecontrol>
				<scrolltime>200</scrolltime>
				<itemlayout height="60" width="390">
					<control type="image">
						<left>0</left>
						<top>0</top>
						<width>390</width>
						<height>61</height>
						<texture border="2">MenuItemNF.png</texture>
						<include>VisibleFadeEffect</include>
					</control>
					<control type="label">
						<left>5</left>
						<top>-4</top>
						<width>40</width>
						<height>35</height>
						<font>font12</font>
						<align>left</align>
						<aligny>center</aligny>
						<textcolor>grey</textcolor>
						<selectedcolor>grey</selectedcolor>
						<info>ListItem.ChannelNumberLabel</info>
					</control>
					<control type="label">
						<left>50</left>
						<top>0</top>
						<width>270</width>
						<height>25</height>
						<font>font13</font>
						<textcolor>white</textcolor>
						<selectedcolor>selected</selectedcolor>
						<align>left</align>
						<aligny>center</aligny>
						<label>$INFO[ListItem.Label]</label>
					</control>
					<control type="label">
						<left>50</left>
						<top>25</top>
						<width>330</width>
						<height>20</height>
						<font>font12</font>
						<textcolor>grey</textcolor>
						<selectedcolor>grey</selectedcolor>
						<align>left</align>
						<aligny>center</aligny>
						<label>$INFO[ListItem.Title]</label>
						<visible>String.IsEmpty(Listitem.Icon)</visible>
					</control>
					<control type="label">
						<left>50</left>
						<top>25</top>
						<width>280</width>
						<height>20</height>
						<font>font12</font>
						<textcolor>grey</textcolor>
						<selectedcolor>grey</selectedcolor>
						<align>left</align>
						<aligny>center</aligny>
						<label>$INFO[ListItem.Title]</label>
						<visible>!String.IsEmpty(Listitem.Icon)</visible>
					</control>
					<control type="progress">
						<description>Progressbar</description>
						<left>50</left>
						<top>48</top>
						<width>280</width>
						<height>6</height>
						<colordiffuse>88FFFFFF</colordiffuse>
						<visible>ListItem.HasEpg</visible>
						<info>ListItem.Progress</info>
					</control>
					<control type="image">
						<left>340</left>
						<top>4</top>
						<width>50</width>
						<height>50</height>
						<texture>$INFO[ListItem.Icon]</texture>
						<aspectratio>keep</aspectratio>
					</control>
					<control type="image">
						<left>5</left>
						<top>37</top>
						<width>30</width>
						<height>20</height>
						<texture>PVR-IsRecording.png</texture>
						<visible>ListItem.IsRecording</visible>
					</control>
				</itemlayout>
				<focusedlayout height="60" width="390">
					<control type="image">
						<left>0</left>
						<top>0</top>
						<width>390</width>
						<height>61</height>
						<texture border="2">MenuItemNF.png</texture>
						<visible>!Control.HasFocus(50)</visible>
						<include>VisibleFadeEffect</include>
					</control>
					<control type="image">
						<left>0</left>
						<top>0</top>
						<width>390</width>
						<height>61</height>
						<texture border="2" colordiffuse="$VAR[MainColorOne]">$VAR[SelectMenuItem]</texture>
						<visible>Control.HasFocus(50)</visible>
						<include>VisibleFadeEffect</include>
					</control>
					<control type="label">
						<left>5</left>
						<top>-4</top>
						<width>40</width>
						<height>35</height>
						<font>font12</font>
						<align>left</align>
						<aligny>center</aligny>
						<textcolor>grey</textcolor>
						<selectedcolor>grey</selectedcolor>
						<info>ListItem.ChannelNumberLabel</info>
					</control>
					<control type="label">
						<left>50</left>
						<top>0</top>
						<width>270</width>
						<height>25</height>
						<font>font13</font>
						<textcolor>white</textcolor>
						<selectedcolor>selected</selectedcolor>
						<align>left</align>
						<aligny>center</aligny>
						<label>$INFO[ListItem.Label]</label>
					</control>
					<control type="label">
						<left>50</left>
						<top>25</top>
						<width>330</width>
						<height>20</height>
						<font>font12</font>
						<textcolor>grey</textcolor>
						<selectedcolor>grey</selectedcolor>
						<align>left</align>
						<aligny>center</aligny>
						<label>$INFO[ListItem.Title]</label>
						<visible>String.IsEmpty(Listitem.Icon)</visible>
					</control>
					<control type="label">
						<left>50</left>
						<top>25</top>
						<width>280</width>
						<height>20</height>
						<font>font12</font>
						<textcolor>grey</textcolor>
						<selectedcolor>grey</selectedcolor>
						<align>left</align>
						<aligny>center</aligny>
						<label>$INFO[ListItem.Title]</label>
						<visible>!String.IsEmpty(Listitem.Icon)</visible>
					</control>
					<control type="progress">
						<description>Progressbar</description>
						<left>50</left>
						<top>48</top>
						<width>280</width>
						<height>6</height>
						<colordiffuse>88FFFFFF</colordiffuse>
						<visible>ListItem.HasEpg</visible>
						<info>ListItem.Progress</info>
					</control>
					<control type="image">
						<left>340</left>
						<top>4</top>
						<width>50</width>
						<height>50</height>
						<texture>$INFO[ListItem.Icon]</texture>
						<aspectratio>keep</aspectratio>
					</control>
					<control type="image">
						<left>5</left>
						<top>37</top>
						<width>30</width>
						<height>20</height>
						<texture>PVR-IsRecording.png</texture>
						<visible>ListItem.IsRecording</visible>
					</control>
				</focusedlayout>
			</control>
			<control type="scrollbar" id="70">
				<left>465</left>
				<top>85</top>
				<width>25</width>
				<height>540</height>
				<texturesliderbackground border="0,14,0,14">ScrollBarV.png</texturesliderbackground>
				<texturesliderbar border="0,14,0,14">ScrollBarV_bar.png</texturesliderbar>
				<texturesliderbarfocus border="0,14,0,14" colordiffuse="$VAR[MainColorOne]">ScrollBarV_bar_focus.png</texturesliderbarfocus>
				<textureslidernib colordiffuse="$VAR[MainColorOne]">ScrollBarNib.png</textureslidernib>
				<textureslidernibfocus colordiffuse="$VAR[MainColorOne]">ScrollBarNib.png</textureslidernibfocus>
				<onleft>50</onleft>
				<onright>800</onright>
				<showonepage>false</showonepage>
				<orientation>vertical</orientation>
			</control>
			<control type="label">
				<animation effect="slide" start="0,0" end="-90,0" time="0" condition="system.getbool(input.enablemouse)">Conditional</animation>
				<description>Page Count Label</description>
				<right>545</right>
				<top>53r</top>
				<width>500</width>
				<height>20</height>
				<font>font12</font>
				<textcolor>grey</textcolor>
				<scroll>false</scroll>
				<align>right</align>
				<aligny>center</aligny>
				<label>([COLOR=$VAR[MainColorOne]]$INFO[Container(50).NumItems][/COLOR]) $LOCALIZE[19019] - $LOCALIZE[31024] ([COLOR=$VAR[MainColorOne]]$INFO[Container(50).CurrentPage]/$INFO[Container(50).NumPages][/COLOR])</label>
				<include>Window_OpenClose_Animation</include>
				<visible>[!Player.HasMedia | Skin.HasSetting(HideNowPlayingInfo)] + !Skin.HasSetting(HidePageCountInfo)</visible>
			</control>
		</control>
	</include>
	<include name="ChannelList2">
		<control type="group">
			<visible>Control.IsVisible(5010)</visible>
			<include>Window_OpenClose_Animation</include>
			<control type="group">
				<include>VisibleFadeEffect</include>
				
				<!--BG image LEFTVIEW -->
				<control type="image">
					<left>50</left>
					<top>60</top>
					<width>600</width>
					<height>600</height>
					<texture border="15">ContentPanel.png</texture>
				</control>
				<control type="image">
					<left>50</left>
					<top>652</top>
					<width>600</width>
					<height>64</height>
					<texture border="15">ContentPanelMirror.png</texture>
				</control>
				<control type="image">
					<left>660</left>
					<top>60</top>
					<width>580</width>
					<height>600</height>
					<texture border="15">ContentPanel.png</texture>
				</control>
				<control type="image">
					<left>660</left>
					<top>652</top>
					<width>580</width>
					<height>64</height>
					<texture border="15">ContentPanelMirror.png</texture>
				</control>
			</control>
		</control>
		<control type="group">
			<description>Small Media Window</description>
			<left>680</left>
			<top>80</top>
			<visible>Control.IsVisible(5010)</visible>
			<include>VisibleFadeEffect</include>
			<include>Window_OpenClose_Animation</include>
			<control type="image">
				<left>220</left>
				<top>0</top>
				<width>320</width>
				<height>184</height>
				<texture border="5">button-nofocus.png</texture>
			</control>
			<control type="image">
				<left>15</left>
				<top>20</top>
				<width>173</width>
				<height>117</height>
				<texture>$INFO[ListItem.Icon]</texture>
				<aspectratio>keep</aspectratio>
				<visible>!String.IsEmpty(Listitem.Icon)</visible>
			</control>
			<control type="multiimage">
				<left>225</left>
				<top>5</top>
				<width>310</width>
				<height>174</height>
				<aspectratio>scale</aspectratio>
				<imagepath background="true">$VAR[CommonMenuItemBackground]</imagepath>
				<include>BackgroundTimePerImage</include>
				<randomize>true</randomize>
				<fadetime>1000</fadetime>
				<visible>!Player.HasVideo</visible>
			</control>
			<control type="videowindow">
				<left>225</left>
				<top>5</top>
				<width>310</width>
				<height>174</height>
				<visible>Player.HasVideo</visible>
				<animation effect="slide" start="0,0" end="-2000,0" time="0">WindowClose</animation>
			</control>
		</control>
		<control type="group">
			<include>Window_OpenClose_Animation</include>
			<description>TV Channels group</description>
			<visible>Control.IsVisible(5010)</visible>
			<include>VisibleFadeEffect</include>
			<control type="group">
				<left>680</left>
				<top>340</top>
				<control type="label">
					<left>0</left>
					<top>-60</top>
					<width>530</width>
					<height>20</height>
					<font>font13</font>
					<textcolor>white</textcolor>
					<shadowcolor>black</shadowcolor>
					<scroll>true</scroll>
					<align>center</align>
					<aligny>center</aligny>
					<label>[B]$INFO[Container(5010).ListItem.Title][/B]</label>
				</control>
				<control type="label">
					<left>0</left>
					<top>-80</top>
					<width>80</width>
					<height>20</height>
					<align>left</align>
					<aligny>center</aligny>
					<font>font10_title</font>
					<textcolor>$VAR[MainColorOne]</textcolor>
					<visible>Container(5010).ListItem.HasEpg</visible>
					<label>$INFO[Container(5010).ListItem.StartTime]</label>
				</control>
				<control type="progress">
					<description>Progressbar</description>
					<left>4</left>
					<top>-95</top>
					<width>195</width>
					<height>12</height>
					<visible>Container(5010).ListItem.HasEpg</visible>
					<info>Container(5010).ListItem.Progress</info>
				</control>
				<control type="label">
					<left>123</left>
					<top>-80</top>
					<width>80</width>
					<height>20</height>
					<align>right</align>
					<aligny>center</aligny>
					<font>font10_title</font>
					<textcolor>$VAR[MainColorOne]</textcolor>
					<visible>Container(5010).ListItem.HasEpg</visible>
					<label>$INFO[Container(5010).ListItem.EndTime]</label>
				</control>
				<control type="textbox">
					<description>Plot Value for TVShow</description>
					<left>0</left>
					<top>-35</top>
					<width>530</width>
					<height>320</height>
					<font>font13</font>
					<align>justify</align>
					<textcolor>grey</textcolor>
					<shadowcolor>black</shadowcolor>
					<pagecontrol>-</pagecontrol>
					<label>$INFO[Container(5010).ListItem.Plot]</label>
					<autoscroll time="2000" delay="3000" repeat="501000">Skin.HasSetting(AutoScroll)</autoscroll>
				</control>
				<control type="label">
					<left>0</left>
					<top>280</top>
					<width>330</width>
					<height>20</height>
					<font>font12</font>
					<textcolor>grey2</textcolor>
					<align>left</align>
					<aligny>center</aligny>
					<scroll>false</scroll>
					<visible>!String.IsEmpty(Container(5010).ListItem.NextTitle)</visible>
					<label>$LOCALIZE[19031]: $INFO[Container(5010).ListItem.NextTitle]</label>
				</control>
				<control type="label">
					<left>335</left>
					<top>280</top>
					<width>200</width>
					<height>20</height>
					<font>font12</font>
					<textcolor>grey2</textcolor>
					<align>right</align>
					<aligny>center</aligny>
					<scroll>false</scroll>
					<visible>!String.IsEmpty(Container(5010).ListItem.NextTitle)</visible>
					<label>$INFO[Container(5010).ListItem.NextStartTime]$INFO[Container(5010).ListItem.NextEndTime, - ,]</label>
				</control>
			</control>
			<control type="list" id="5010">
				<left>70</left>
				<top>85</top>
				<width>559</width>
				<height>534</height>
				<onleft>100</onleft>
				<onright>70</onright>
				<onup>50</onup>
				<ondown>50</ondown>
				<viewtype label="537">list</viewtype>
				<pagecontrol>70</pagecontrol>
				<scrolltime>200</scrolltime>
				<itemlayout height="38" width="590">
					<control type="image">
						<left>0</left>
						<top>0</top>
						<width>559</width>
						<height>38</height>
						<texture border="2">MenuItemNF.png</texture>
						<include>VisibleFadeEffect</include>
					</control>
					<control type="label">
						<left>3</left>
						<top>1</top>
						<width>40</width>
						<height>35</height>
						<font>font13</font>
						<align>left</align>
						<aligny>center</aligny>
						<textcolor>grey</textcolor>
						<selectedcolor>grey</selectedcolor>
						<info>ListItem.ChannelNumberLabel</info>
					</control>
					<control type="image">
						<left>50</left>
						<top>2</top>
						<width>35</width>
						<height>35</height>
						<texture>$INFO[ListItem.Icon]</texture>
						<aspectratio>keep</aspectratio>
					</control>
					<control type="label">
						<left>100</left>
						<top>1</top>
						<width>160</width>
						<height>31</height>
						<font>font13</font>
						<textcolor>white</textcolor>
						<selectedcolor>selected</selectedcolor>
						<align>left</align>
						<aligny>center</aligny>
						<label>$INFO[ListItem.Label]</label>
					</control>
					<control type="label">
						<left>270</left>
						<top>1</top>
						<width>220</width>
						<height>31</height>
						<font>fontContextMenu</font>
						<textcolor>grey</textcolor>
						<selectedcolor>grey</selectedcolor>
						<align>left</align>
						<aligny>center</aligny>
						<label>$INFO[ListItem.Title]</label>
						<visible>String.IsEmpty(Listitem.Icon)</visible>
					</control>
					<control type="label">
						<left>270</left>
						<top>1</top>
						<width>220</width>
						<height>31</height>
						<font>fontContextMenu</font>
						<textcolor>grey</textcolor>
						<selectedcolor>grey</selectedcolor>
						<align>left</align>
						<aligny>center</aligny>
						<label>$INFO[ListItem.Title]</label>
						<visible>!String.IsEmpty(Listitem.Icon)</visible>
					</control>
					<control type="progress">
						<description>Progressbar</description>
						<left>100</left>
						<top>28</top>
						<width>421</width>
						<height>7</height>
						<colordiffuse>88FFFFFF</colordiffuse>
						<visible>ListItem.HasEpg</visible>
						<info>ListItem.Progress</info>
					</control>
					<control type="image">
						<left>503</left>
						<top>5</top>
						<width>30</width>
						<height>20</height>
						<texture>PVR-IsRecording.png</texture>
						<visible>ListItem.IsRecording</visible>
					</control>
				</itemlayout>
				<focusedlayout height="38" width="590">
					<control type="image">
						<left>0</left>
						<top>0</top>
						<width>555</width>
						<height>38</height>
						<texture border="2">MenuItemNF.png</texture>
						<visible>!Control.HasFocus(5010)</visible>
						<include>VisibleFadeEffect</include>
					</control>
					<control type="image">
						<left>0</left>
						<top>0</top>
						<width>555</width>
						<height>35</height>
						<texture border="2" colordiffuse="$VAR[MainColorOne]">$VAR[SelectMenuItem]</texture>
						<visible>Control.HasFocus(5010)</visible>
						<include>VisibleFadeEffect</include>
					</control>
					<control type="label">
						<left>3</left>
						<top>1</top>
						<width>40</width>
						<height>35</height>
						<font>font13</font>
						<align>left</align>
						<aligny>center</aligny>
						<textcolor>grey</textcolor>
						<selectedcolor>grey</selectedcolor>
						<info>ListItem.ChannelNumberLabel</info>
					</control>
					<control type="image">
						<left>50</left>
						<top>2</top>
						<width>35</width>
						<height>35</height>
						<texture>$INFO[ListItem.Icon]</texture>
						<aspectratio>keep</aspectratio>
					</control>
					<control type="label">
						<left>100</left>
						<top>1</top>
						<width>160</width>
						<height>31</height>
						<font>font13</font>
						<textcolor>white</textcolor>
						<selectedcolor>selected</selectedcolor>
						<align>left</align>
						<aligny>center</aligny>
						<label>$INFO[ListItem.Label]</label>
					</control>
					<control type="label">
						<left>270</left>
						<top>1</top>
						<width>220</width>
						<height>31</height>
						<font>fontContextMenu</font>
						<textcolor>grey</textcolor>
						<selectedcolor>grey</selectedcolor>
						<align>left</align>
						<aligny>center</aligny>
						<label>$INFO[ListItem.Title]</label>
						<visible>String.IsEmpty(Listitem.Icon)</visible>
					</control>
					<control type="label">
						<left>270</left>
						<top>1</top>
						<width>220</width>
						<height>31</height>
						<font>fontContextMenu</font>
						<textcolor>grey</textcolor>
						<selectedcolor>grey</selectedcolor>
						<align>left</align>
						<aligny>center</aligny>
						<label>$INFO[ListItem.Title]</label>
						<visible>!String.IsEmpty(Listitem.Icon)</visible>
					</control>
					<control type="progress">
						<description>Progressbar</description>
						<left>100</left>
						<top>28</top>
						<width>421</width>
						<height>7</height>
						<colordiffuse>88FFFFFF</colordiffuse>
						<visible>ListItem.HasEpg</visible>
						<info>ListItem.Progress</info>
					</control>
					<control type="image">
						<left>503</left>
						<top>5</top>
						<width>30</width>
						<height>20</height>
						<texture>PVR-IsRecording.png</texture>
						<visible>ListItem.IsRecording</visible>
					</control>
				</focusedlayout>
			</control>
			<control type="scrollbar" id="70">
				<left>615</left>
				<top>85</top>
				<width>25</width>
				<height>540</height>
				<texturesliderbackground border="0,14,0,14">ScrollBarV.png</texturesliderbackground>
				<texturesliderbar border="0,14,0,14">ScrollBarV_bar.png</texturesliderbar>
				<texturesliderbarfocus border="0,14,0,14" colordiffuse="$VAR[MainColorOne]">ScrollBarV_bar_focus.png</texturesliderbarfocus>
				<textureslidernib colordiffuse="$VAR[MainColorOne]">ScrollBarNib.png</textureslidernib>
				<textureslidernibfocus colordiffuse="$VAR[MainColorOne]">ScrollBarNib.png</textureslidernibfocus>
				<onleft>50</onleft>
				<onright>800</onright>
				<showonepage>false</showonepage>
				<orientation>vertical</orientation>
			</control>
			<control type="label">
				<animation effect="slide" start="0,0" end="-90,0" time="0" condition="system.getbool(input.enablemouse)">Conditional</animation>
				<description>Page Count Label</description>
				<right>405</right>
				<top>53r</top>
				<width>500</width>
				<height>20</height>
				<font>font12</font>
				<textcolor>grey</textcolor>
				<scroll>false</scroll>
				<align>right</align>
				<aligny>center</aligny>
				<label>([COLOR=$VAR[MainColorOne]]$INFO[Container(5010).NumItems][/COLOR]) $LOCALIZE[19019] - $LOCALIZE[31024] ([COLOR=$VAR[MainColorOne]]$INFO[Container(5010).CurrentPage]/$INFO[Container(5010).NumPages][/COLOR])</label>
				<include>Window_OpenClose_Animation</include>
				<visible>[!Player.HasMedia | Skin.HasSetting(HideNowPlayingInfo)] + !Skin.HasSetting(HidePageCountInfo)</visible>
			</control>
		</control>
	</include>	
	<include name="AllWidthList">	
		<control type="group">
			<visible>Control.IsVisible(5060)</visible>
			<include>VisibleFadeEffect</include>
			<control type="image">
				<posx>440r</posx>
				<posy>40</posy>
				<width>440</width>
				<height>613</height>
				<texture border="15">ContentPanel.png</texture>
			</control>
			<control type="image">
				<posx>440r</posx>
				<posy>645</posy>
				<width>440</width>
				<height>64</height>
				<texture border="15">ContentPanelMirror.png</texture>
			</control>
			<control type="list" id="5060">
				<posx>420r</posx>
				<posy>55</posy>
				<height>585</height>
				<width>420</width>
				<onleft>100</onleft>
				<onright>60</onright>
				<onup>5060</onup>
				<ondown>5060</ondown>
				<pagecontrol>60</pagecontrol>
				<viewtype label="$LOCALIZE[1000] $LOCALIZE[535]">list</viewtype>
				<orientation>vertical</orientation>
				<scrolltime>300</scrolltime>
				<focusposition>2</focusposition>
				<preloaditems>2</preloaditems>
				<itemlayout condition="Control.IsVisible(5060)" width="390" height="60">
					<control type="image">
						<left>0</left>
						<top>0</top>
						<width>390</width>
						<height>61</height>
						<texture border="2">MenuItemNF.png</texture>
						<include>VisibleFadeEffect</include>
					</control>
					<control type="label">
						<left>5</left>
						<top>-4</top>
						<width>40</width>
						<height>35</height>
						<font>font12</font>
						<align>left</align>
						<aligny>center</aligny>
						<textcolor>grey</textcolor>
						<selectedcolor>grey</selectedcolor>
						<info>ListItem.ChannelNumberLabel</info>
					</control>
					<control type="label">
						<left>50</left>
						<top>0</top>
						<width>270</width>
						<height>25</height>
						<font>font13</font>
						<textcolor>white</textcolor>
						<selectedcolor>selected</selectedcolor>
						<align>left</align>
						<aligny>center</aligny>
						<label>$INFO[ListItem.Label]</label>
					</control>
					<control type="label">
						<left>50</left>
						<top>25</top>
						<width>330</width>
						<height>20</height>
						<font>font12</font>
						<textcolor>grey</textcolor>
						<selectedcolor>grey</selectedcolor>
						<align>left</align>
						<aligny>center</aligny>
						<label>$INFO[ListItem.Title]</label>
						<visible>String.IsEmpty(Listitem.Icon)</visible>
					</control>
					<control type="label">
						<left>50</left>
						<top>25</top>
						<width>280</width>
						<height>20</height>
						<font>font12</font>
						<textcolor>grey</textcolor>
						<selectedcolor>grey</selectedcolor>
						<align>left</align>
						<aligny>center</aligny>
						<label>$INFO[ListItem.Title]</label>
						<visible>!String.IsEmpty(Listitem.Icon)</visible>
					</control>
					<control type="progress">
						<description>Progressbar</description>
						<left>50</left>
						<top>48</top>
						<width>280</width>
						<height>6</height>
						<colordiffuse>88FFFFFF</colordiffuse>
						<visible>ListItem.HasEpg</visible>
						<info>ListItem.Progress</info>
					</control>
					<control type="image">
						<left>340</left>
						<top>4</top>
						<width>50</width>
						<height>50</height>
						<texture>$INFO[ListItem.Icon]</texture>
						<aspectratio>keep</aspectratio>
					</control>
					<control type="image">
						<left>5</left>
						<top>37</top>
						<width>30</width>
						<height>20</height>
						<texture>PVR-IsRecording.png</texture>
						<visible>ListItem.IsRecording</visible>
					</control>
				</itemlayout> 
				<focusedlayout condition="Control.IsVisible(5060)" width="390" height="60">
					<control type="image">
						<left>0</left>
						<top>0</top>
						<width>390</width>
						<height>61</height>
						<texture border="2">MenuItemNF.png</texture>
						<visible>!Control.HasFocus(5060)</visible>
						<include>VisibleFadeEffect</include>
					</control>
					<control type="image">
						<left>0</left>
						<top>0</top>
						<width>390</width>
						<height>61</height>
						<texture border="2" colordiffuse="$VAR[MainColorOne]">$VAR[SelectMenuItem]</texture>
						<visible>Control.HasFocus(5060)</visible>
						<include>VisibleFadeEffect</include>
					</control>
					<control type="label">
						<left>5</left>
						<top>-4</top>
						<width>40</width>
						<height>35</height>
						<font>font12</font>
						<align>left</align>
						<aligny>center</aligny>
						<textcolor>grey</textcolor>
						<selectedcolor>grey</selectedcolor>
						<info>ListItem.ChannelNumberLabel</info>
					</control>
					<control type="label">
						<left>50</left>
						<top>0</top>
						<width>270</width>
						<height>25</height>
						<font>font13</font>
						<textcolor>white</textcolor>
						<selectedcolor>selected</selectedcolor>
						<align>left</align>
						<aligny>center</aligny>
						<label>$INFO[ListItem.Label]</label>
					</control>
					<control type="label">
						<left>50</left>
						<top>25</top>
						<width>330</width>
						<height>20</height>
						<font>font12</font>
						<textcolor>grey</textcolor>
						<selectedcolor>grey</selectedcolor>
						<align>left</align>
						<aligny>center</aligny>
						<label>$INFO[ListItem.Title]</label>
						<visible>String.IsEmpty(Listitem.Icon)</visible>
					</control>
					<control type="label">
						<left>50</left>
						<top>25</top>
						<width>280</width>
						<height>20</height>
						<font>font12</font>
						<textcolor>grey</textcolor>
						<selectedcolor>grey</selectedcolor>
						<align>left</align>
						<aligny>center</aligny>
						<label>$INFO[ListItem.Title]</label>
						<visible>!String.IsEmpty(Listitem.Icon)</visible>
					</control>
					<control type="progress">
						<description>Progressbar</description>
						<left>50</left>
						<top>48</top>
						<width>280</width>
						<height>6</height>
						<colordiffuse>88FFFFFF</colordiffuse>
						<visible>ListItem.HasEpg</visible>
						<info>ListItem.Progress</info>
					</control>
					<control type="image">
						<left>340</left>
						<top>4</top>
						<width>50</width>
						<height>50</height>
						<texture>$INFO[ListItem.Icon]</texture>
						<aspectratio>keep</aspectratio>
					</control>
					<control type="image">
						<left>5</left>
						<top>37</top>
						<width>30</width>
						<height>20</height>
						<texture>PVR-IsRecording.png</texture>
						<visible>ListItem.IsRecording</visible>
					</control>
				</focusedlayout>
			</control>
			<control type="scrollbar" id="60">
				<posx>35r</posx>
				<posy>65</posy>
				<width>25</width>
				<height>565</height>
				<texturesliderbackground border="0,14,0,14">ScrollBarV.png</texturesliderbackground>
				<texturesliderbar border="0,14,0,14">ScrollBarV_bar.png</texturesliderbar>
				<texturesliderbarfocus border="0,14,0,14">ScrollBarV_bar_focus.png</texturesliderbarfocus>
				<textureslidernib>ScrollBarNib.png</textureslidernib>
				<textureslidernibfocus>ScrollBarNib.png</textureslidernibfocus>
				<onleft>5060</onleft>
				<onright>800</onright>
				<onright condition="Skin.HasSetting(DisableHomeReturnButtons)">9000</onright>
				<onright condition="!Skin.HasSetting(DisableHomeReturnButtons)">82</onright>
				<showonepage>true</showonepage>
				<orientation>vertical</orientation>
				<visible>Control.IsVisible(5060)</visible>
			</control>
			<control type="label">
				<animation effect="slide" start="0,0" end="-90,0" time="0" condition="system.getbool(input.enablemouse)">Conditional</animation>
				<description>Page Count Label</description>
				<left>850</left>
				<top>53r</top>
				<width>500</width>
				<height>20</height>
				<font>font12</font>
				<textcolor>grey</textcolor>
				<scroll>false</scroll>
				<align>left</align>
				<aligny>center</aligny>
				<label>([COLOR=$VAR[MainColorOne]]$INFO[Container(5060).NumItems][/COLOR]) $LOCALIZE[19019] - $LOCALIZE[31024] ([COLOR=$VAR[MainColorOne]]$INFO[Container(5060).CurrentPage]/$INFO[Container(5060).NumPages][/COLOR])</label>
				<include>Window_OpenClose_Animation</include>
				<visible>[!Player.HasMedia | Skin.HasSetting(HideNowPlayingInfo)] + !Skin.HasSetting(HidePageCountInfo)</visible>
			</control>
			<control type="group">
				<visible>Control.IsVisible(5060)</visible>
				<posx>45</posx>
				<posy>40</posy>
				<control type="image">
					<posx>0</posx>
					<posy>0</posy>
					<width>790</width>
					<height>440</height>
					<texture>ContentPanel.png</texture>
				</control>
				<control type="multiimage">
					<posx>5</posx>
					<posy>5</posy>
					<width>780</width>
					<height>430</height>
					<aspectratio>scale</aspectratio>
					<imagepath background="true">$VAR[CommonMenuItemBackground]</imagepath>
					<include>BackgroundTimePerImage</include>
					<randomize>true</randomize>
					<fadetime>1000</fadetime>
					<visible>!Player.HasVideo</visible>
				</control>
				<control type="videowindow">
					<posx>5</posx>
					<posy>5</posy>
					<width>780</width>
					<height>430</height>
					<aspectratio>scale</aspectratio>
					<visible>Player.HasVideo</visible>
					<animation effect="slide" start="0,0" end="-2000,0" time="0">WindowClose</animation>
				</control>

				<control type="group">
					<description>Description Value for Video</description>
					<posx>0</posx>
					<posy>435</posy>
					<width>790</width>
					<control type="image">
						<posx>0</posx>
						<posy>0</posy>
						<width>790</width>
						<height>176</height>
						<texture border="4">ContentPanel.png</texture>
					</control>
					<control type="image">
						<posx>0</posx>
						<posy>168</posy>
						<width>790</width>
						<height>64</height>
						<texture border="15">ContentPanelMirror.png</texture>
					</control>
					<control type="label">
						<posx>0</posx>
						<posy>5</posy>
						<width>690</width>
						<height>20</height>
						<font>font13</font>
						<textcolor>white</textcolor>
						<shadowcolor>black</shadowcolor>
						<scroll>true</scroll>
						<align>center</align>
						<aligny>center</aligny>
						<label>[B]$INFO[Container(5060).ListItem.Title][/B]</label>
						<animation effect="fade" start="100" end="0" time="2000" condition="Player.HasVideo + System.IdleTime(10) + !Skin.HasSetting(HideNowPlayingInfo)">Conditional</animation>
					</control>
					<control type="label">
						<posx>80</posx>
						<posy>22</posy>
						<width>80</width>
						<height>20</height>
						<align>right</align>
						<aligny>center</aligny>
						<font>font10_title</font>
						<textcolor>$VAR[MainColorOne]</textcolor>
						<visible>Container(5060).ListItem.HasEpg</visible>
						<animation effect="fade" start="100" end="0" time="2000" condition="Player.HasVideo + System.IdleTime(10) + !Skin.HasSetting(HideNowPlayingInfo)">Conditional</animation>
						<label>$INFO[Container(5060).ListItem.StartTime]</label>
					</control>
					<control type="progress">
						<description>Progressbar</description>
						<posx>85</posx>
						<posy>30</posy>
						<width>440</width>
						<height>8</height>
						<visible>Container(5060).ListItem.HasEpg</visible>
						<animation effect="fade" start="100" end="0" time="2000" condition="Player.HasVideo + System.IdleTime(10) + !Skin.HasSetting(HideNowPlayingInfo)">Conditional</animation>
						<info>Container(5060).ListItem.Progress</info>
					</control>
					<control type="label">
						<posx>530</posx>
						<posy>22</posy>
						<width>80</width>
						<height>20</height>
						<align>left</align>
						<aligny>center</aligny>
						<font>font10_title</font>
						<textcolor>$VAR[MainColorOne]</textcolor>
						<visible>Container(5060).ListItem.HasEpg</visible>
						<animation effect="fade" start="100" end="0" time="2000" condition="Player.HasVideo + System.IdleTime(10) + !Skin.HasSetting(HideNowPlayingInfo)">Conditional</animation>
						<label>$INFO[Container(5060).ListItem.EndTime]</label>
					</control>
					<control type="textbox">
						<description>Plot Value for TVShow</description>
						<posx>10</posx>
						<posy>43</posy>
						<width>595</width>
						<height>95</height>
						<font>font12</font>
						<align>justify</align>
						<textcolor>white</textcolor>
						<shadowcolor>black</shadowcolor>
						<pagecontrol>-</pagecontrol>
						<visible>Control.IsVisible(5060)</visible>
						<label>$INFO[Container(5060).ListItem.Plot]</label>
						<animation effect="fade" start="100" end="0" time="2000" condition="Player.HasVideo + System.IdleTime(10) + !Skin.HasSetting(HideNowPlayingInfo)">Conditional</animation>
						<autoscroll time="2000" delay="3000" repeat="5000">Skin.HasSetting(AutoScroll)</autoscroll>
					</control>
					<control type="image">
						<posx>610</posx>
						<posy>5</posy>
						<width>170</width>
						<height>140</height>
						<texture>$INFO[ListItem.PlotOutline]</texture>
						<visible>Control.IsVisible(5060)</visible>
						<animation effect="fade" start="100" end="0" time="2000" condition="Player.HasVideo + System.IdleTime(10) + !Skin.HasSetting(HideNowPlayingInfo)">Conditional</animation>
					</control>
					<control type="image">
						<posx>610</posx>
						<posy>5</posy>
						<width>170</width>
						<height>140</height>
						<texture>$INFO[ListItem.Icon]</texture>
						<visible>Control.IsVisible(5060) + String.IsEmpty(ListItem.PlotOutline)</visible>						
						<animation effect="fade" start="100" end="0" time="2000" condition="Player.HasVideo + System.IdleTime(10) + !Skin.HasSetting(HideNowPlayingInfo)">Conditional</animation>
					</control>
					<control type="label">
						<posx>610</posx>
						<posy>145</posy>
						<width>690</width>
						<height>20</height>
						<font>font13</font>
						<textcolor>$VAR[MainColorOne]</textcolor>
						<align>right</align>
						<aligny>center</aligny>
						<scroll>false</scroll>
						<visible>!String.IsEmpty(Container(5060).ListItem.NextTitle)</visible>
						<label>$LOCALIZE[19031]: $INFO[Container(5060).ListItem.NextTitle]</label>
						<animation effect="fade" start="100" end="0" time="2000" condition="Player.HasVideo + System.IdleTime(10) + !Skin.HasSetting(HideNowPlayingInfo)">Conditional</animation>
					</control>
					<control type="label">
				     		<description>header label</description>
						<posx>245</posx>
						<posy>-475</posy>
						<width>140</width>
						<height>40</height>
						<font>font12</font>
						<label>$INFO[ListItem.ChannelGroup]</label>
						<align>right</align>
						<aligny>center</aligny>
						<textcolor>$VAR[MainColorOne]</textcolor>
						<shadowcolor>black</shadowcolor>
						<visible>!pvr.IsPlayingRadio</visible>
					</control>
					<control type="image">
				     		<description>group logo</description>
						<posx>-10</posx>
						<posy>155</posy>
						<width>130</width>
						<height>90</height>
						<texture>group/$INFO[ListItem.ChannelGroup].png</texture>
						<visible>!pvr.IsPlayingRadio</visible>
					</control>	
				</control>
				<visible>Control.IsVisible(5060)</visible>
			</control>
		</control>
	</include>
</includes>
