<?xml version="1.0" encoding="utf-8"?>
<window type="dialog" id="1198">
	<defaultcontrol always="false">100</defaultcontrol>
	<coordinates>
		<left>0</left>
		<top>0</top>
	</coordinates>
	<include>dialogeffect</include>
	<controls>
		<control type="image" id="1">
			<left>-100</left>
			<top>-60</top>
			<width>1480</width>
			<height>160</height>
			<include condition="!String.IsEmpty(Skin.String(MediaPanelTrans))">TransparentEffect</include>
			<texture flipy="true" border="1">HomeNowPlayingBack.png</texture>
			<visible>!Skin.HasSetting(HideSystemTime)</visible>
		</control>
		<include condition="!Skin.HasSetting(HideSystemTime)">TopLeftInfo</include>
		<include condition="!Skin.HasSetting(HideSystemTime)">Clock</include>
		<include condition="!Skin.HasSetting(HideSystemTime)">Date</include>
		<control type="image" id="1">
			<left>0</left>
			<top>230r</top>
			<width>1280</width>
			<height>230</height>
			<texture border="1">HomeNowPlayingBack.png</texture>
			<animation effect="slide" end="0,45" time="0" tween="back" easing="out" condition="!Player.ShowInfo" reversible="true">Conditional</animation>
		</control>
		<control type="group">
			<left>20</left>
			<top>230r</top>
			<visible>!Player.ShowInfo + Player.HasMedia</visible>
			<include>VisibleFadeEffect</include>
			<include>SmallMusicInfo</include>
		</control>
		<control type="button" id="1000">
			<description>Close Window button</description>
			<left>84r</left>
			<top>0</top>
			<width>64</width>
			<height>32</height>
			<label></label>
			<onclick>PreviousMenu</onclick>
			<texturefocus colordiffuse="$VAR[MainColorOne]">DialogCloseButton-focus.png</texturefocus>
			<texturenofocus>DialogCloseButton.png</texturenofocus>
			<onleft>1000</onleft>
			<onright>1000</onright>
			<onup>100</onup>
			<ondown>100</ondown>
			<animation effect="fade" time="150">VisibleChange</animation>
			<visible>system.getbool(input.enablemouse)</visible>
		</control>
		<control type="label" id="1001">
			<left>625</left>
			<top>135r</top>
			<width min="10" max="520">auto</width>
			<height>30</height>
			<font>font30</font>
			<align>left</align>
			<aligny>center</aligny>
			<label>$INFO[Slideshow.FileName]</label>
			<textcolor>orange</textcolor>
			<scroll>true</scroll>
		</control>
		<control type="label" id="1001">
			<left>625</left>
			<top>100r</top>
			<width min="10" max="520">auto</width>
			<height>15</height>
			<font>font13</font>
			<align>left</align>
			<aligny>center</aligny>
			<label>$LOCALIZE[21804]$LOCALIZE[31156] $INFO[Slideshow.SlideIndex]</label>
			<textcolor>grey</textcolor>
			<scroll>true</scroll>
		</control>
		<control type="label" id="1001">
			<left>625</left>
			<top>80r</top>
			<width min="10" max="520">auto</width>
			<height>15</height>
			<font>font13</font>
			<align>left</align>
			<aligny>center</aligny>
			<label>$LOCALIZE[577]$LOCALIZE[31156] $INFO[Slideshow.EXIFDate]</label>
			<textcolor>grey</textcolor>
			<scroll>true</scroll>
		</control>
		<control type="group">
			<visible>!Skin.HasSetting(HidePopUpSeekBar)+ !Skin.HasSetting(Show_SlideShow_Paused)</visible>
			<visible>SlideShow.IsPaused</visible>
			<animation effect="slide" start="0,0" end="-100,0" time="0" condition="system.getbool(input.enablemouse)">conditional</animation>
			<left>505r</left>
			<top>-6</top>
			<include>VisibleFadeEffect</include>
			<control type="image">
				<left>0</left>
				<top>0</top>
				<width>150</width>
				<height>70</height>
				<colordiffuse>EEFFFFFF</colordiffuse>
				<texture border="12">OverlayDialogBackground.png</texture>
			</control>
			<control type="label" id="1">
				<description>Chapter Pos No</description>
				<left>20</left>
				<top>10</top>
				<width>110</width>
				<height>20</height>
				<align>center</align>
				<aligny>center</aligny>
				<font>font12_title</font>
				<textcolor>$VAR[MainColorOne]</textcolor>
				<label>$LOCALIZE[21804]</label>
				<!-- <visible>player.chaptercount</visible> -->
			</control>
			<control type="label" id="1">
				<description>Chapter Pos No</description>
				<left>20</left>
				<top>30</top>
				<width>110</width>
				<height>20</height>
				<align>center</align>
				<aligny>center</aligny>
				<font>font13_title</font>
				<textcolor>grey2</textcolor>
				<label>$INFO[Slideshow.SlideIndex]</label>
				<!-- <visible>player.chaptercount</visible> -->
			</control>
		</control>
		<control type="group">
			<visible>!Skin.HasSetting(Show_SlideShow_Paused)</visible>
			<visible>SlideShow.IsPaused</visible>
			<animation effect="slide" start="0,0" end="185,665" time="0" condition="Skin.HasSetting(HidePopUpSeekBar)">Conditional</animation>
			<animation effect="slide" start="0,0" end="-100,0" time="0" condition="!Skin.HasSetting(HidePopUpSeekBar) + system.getbool(input.enablemouse)">conditional</animation>
			<left>360r</left>
			<top>-6</top>
			<control type="image">
				<left>0</left>
				<top>0</top>
				<width>180</width>
				<height>70</height>
				<colordiffuse>EEFFFFFF</colordiffuse>
				<texture border="12">OverlayDialogBackground.png</texture>
				<visible>!Skin.HasSetting(HidePopUpSeekBar)</visible>
			</control>
			<control type="image">
				<left>80</left>
				<top>10</top>
				<width>80</width>
				<height>50</height>
				<texture>OSDSeekFrame.png</texture>
			</control>
			<control type="image">
				<left>101</left>
				<top>14</top>
				<width>40</width>
				<height>40</height>
				<texture>OSDPause.png</texture>
			</control>
			<control type="label">
				<description>Paused Label</description>
				<animation effect="slide" start="0,0" end="0,19" time="0" condition="Skin.HasSetting(HidePopUpSeekBar)">Conditional</animation>
				<left>20</left>
				<top>7</top>
				<width>240</width>
				<height>20</height>
				<align>left</align>
				<aligny>center</aligny>
				<font>font10_title</font>
				<textcolor>$VAR[MainColorOne]</textcolor>
				<label>31043</label>
			</control>
		</control>
		<control type="grouplist" id="100">
			<left>625</left>
			<top>60r</top>
			<onup>1000</onup>
			<ondown>1000</ondown>
			<onleft>200</onleft>
			<onright>200</onright>
			<orientation>horizontal</orientation>
			<itemgap>0</itemgap>
			<animation effect="fade" time="150">VisibleChange</animation>
			<control type="button" id="101">
				<width>55</width>
				<height>55</height>
				<label></label>
				<font></font>
				<texturefocus colordiffuse="$VAR[MainColorTwo]">OSDPrevTrackFO.png</texturefocus>
				<texturenofocus>OSDPrevTrackNF.png</texturenofocus>
				<onclick>Action(PreviousPicture,SlideShow)</onclick>
			</control>
			<control type="togglebutton" id="102">
				<width>55</width>
				<height>55</height>
				<label></label>
				<font></font>
				<texturefocus colordiffuse="$VAR[MainColorTwo]">OSDPlayFO.png</texturefocus>
				<texturenofocus>OSDPlayNF.png</texturenofocus>
				<usealttexture>!SlideShow.IsPaused + SlideShow.IsActive</usealttexture>
				<alttexturefocus colordiffuse="$VAR[MainColorTwo]">OSDPauseFO.png</alttexturefocus>
				<alttexturenofocus>OSDPauseNF.png</alttexturenofocus>
				<onclick>Action(Pause,SlideShow)</onclick>
			</control>
			<control type="button" id="103">
				<width>55</width>
				<height>55</height>
				<label></label>
				<font></font>
				<texturefocus colordiffuse="$VAR[MainColorTwo]">OSDNextTrackFO.png</texturefocus>
				<texturenofocus>OSDNextTrackNF.png</texturenofocus>
				<onclick>Action(NextPicture,SlideShow)</onclick>
			</control>
			<control type="button" id="104">
				<width>55</width>
				<height>55</height>
				<label></label>
				<font></font>
				<texturefocus colordiffuse="$VAR[MainColorTwo]">OSDRepeatFO.png</texturefocus>
				<texturenofocus>OSDRepeatNF.png</texturenofocus>
				<onclick>Action(Rotate,SlideShow)</onclick>
			</control>
			<control type="button" id="105">
				<width>55</width>
				<height>55</height>
				<label></label>
				<font></font>
				<texturefocus colordiffuse="$VAR[MainColorTwo]">OSDZoomInFO.png</texturefocus>
				<texturenofocus>OSDZoomInNF.png</texturenofocus>
				<onclick>Action(ZoomIn,SlideShow)</onclick>
			</control>
			<control type="button" id="106">
				<width>55</width>
				<height>55</height>
				<label>_</label>
				<font></font>
				<texturefocus colordiffuse="$VAR[MainColorTwo]">OSDZoomOutFO.png</texturefocus>
				<texturenofocus>OSDZoomOutNF.png</texturenofocus>
				<onclick>Action(ZoomOut,SlideShow)</onclick>
			</control>
			<control type="button" id="107">
				<width>55</width>
				<height>55</height>
				<label></label>
				<font></font>
				<texturefocus colordiffuse="$VAR[MainColorTwo]">OSDInfoFO.png</texturefocus>
				<texturenofocus>OSDInfoNF.png</texturenofocus>
				<onclick>Action(Info,SlideShow)</onclick>
			</control>
		</control>
		<control type="group">
			<left>20</left>
			<top>230r</top>
			<visible>Player.HasMedia</visible>
			<include>VisibleFadeEffect</include>
			<include>SmallMusicInfo</include>
		</control>
		<control type="grouplist" id="200">
			<left>20</left>
			<top>60r</top>
			<onup>1000</onup>
			<ondown>1000</ondown>
			<onleft>100</onleft>
			<onright>100</onright>
			<orientation>horizontal</orientation>
			<itemgap>0</itemgap>
			<animation effect="fade" time="150">VisibleChange</animation>
			<visible>Player.HasMedia</visible>
			<control type="button" id="201">
				<width>55</width>
				<height>55</height>
				<label>210</label>
				<font></font>
				<texturefocus colordiffuse="$VAR[MainColorTwo]">OSDVolUpFO.png</texturefocus>
				<texturenofocus>OSDVolUpNF.png</texturenofocus>
				<onclick>$VAR[VolumeStepUp]</onclick>
				<onclick>VolumeUp</onclick>
				<visible>Skin.HasSetting(EnableVolumeButtons)</visible>
			</control>
			<control type="button" id="202">
				<width>50</width>
				<height>50</height>
				<label>210</label>
				<font></font>
				<texturefocus colordiffuse="$VAR[MainColorTwo]">OSDVolDownFO.png</texturefocus>
				<texturenofocus>OSDVolDownNF.png</texturenofocus>
				<onclick>$VAR[VolumeStepDown]</onclick>
				<onclick>VolumeDown</onclick>
				<visible>Skin.HasSetting(EnableVolumeButtons)</visible>
			</control>
			<control type="button" id="203">
				<width>55</width>
				<height>55</height>
				<label>210</label>
				<font></font>
				<texturefocus colordiffuse="$VAR[MainColorTwo]">OSDPrevTrackFO.png</texturefocus>
				<texturenofocus>OSDPrevTrackNF.png</texturenofocus>
				<onclick>PlayerControl(Previous)</onclick>
				<visible>!MusicPlayer.Content(LiveTV)</visible>
			</control>
			<control type="button" id="204">
				<width>55</width>
				<height>55</height>
				<label>31354</label>
				<font></font>
				<texturefocus colordiffuse="$VAR[MainColorTwo]">OSDRewindFO.png</texturefocus>
				<texturenofocus>OSDRewindNF.png</texturenofocus>
				<animation effect="fade" start="100" end="50" time="75" condition="!Player.SeekEnabled">Conditional</animation>
				<onclick>PlayerControl(Rewind)</onclick>
				<enable>Player.SeekEnabled</enable>
			</control>
			<control type="togglebutton" id="205">
				<width>55</width>
				<height>55</height>
				<label>31351</label>
				<altlabel>208</altlabel>
				<font></font>
				<texturefocus colordiffuse="$VAR[MainColorTwo]">OSDPauseFO.png</texturefocus>
				<texturenofocus>OSDPauseNF.png</texturenofocus>
				<usealttexture>Player.Paused | Player.Forwarding | Player.Rewinding</usealttexture>
				<alttexturefocus colordiffuse="$VAR[MainColorTwo]">OSDPlayFO.png</alttexturefocus>
				<alttexturenofocus>OSDPlayNF.png</alttexturenofocus>
				<animation effect="fade" start="100" end="50" time="75" condition="!Player.PauseEnabled">Conditional</animation>
				<onclick>PlayerControl(Play)</onclick>
				<enable>Player.PauseEnabled</enable>
			</control>
			<control type="button" id="206">
				<width>55</width>
				<height>55</height>
				<label>31352</label>
				<font></font>
				<texturefocus colordiffuse="$VAR[MainColorTwo]">OSDStopFO.png</texturefocus>
				<texturenofocus>OSDStopNF.png</texturenofocus>
				<onclick>PlayerControl(Stop)</onclick>
			</control>
			<control type="button" id="207">
				<width>55</width>
				<height>55</height>
				<label>31353</label>
				<font></font>
				<texturefocus colordiffuse="$VAR[MainColorTwo]">OSDForwardFO.png</texturefocus>
				<texturenofocus>OSDForwardNF.png</texturenofocus>
				<animation effect="fade" start="100" end="50" time="75" condition="!Player.SeekEnabled">Conditional</animation>
				<onclick>PlayerControl(Forward)</onclick>
				<enable>Player.SeekEnabled</enable>
			</control>
			<control type="button" id="208">
				<width>55</width>
				<height>55</height>
				<label>209</label>
				<font></font>
				<texturefocus colordiffuse="$VAR[MainColorTwo]">OSDNextTrackFO.png</texturefocus>
				<texturenofocus>OSDNextTrackNF.png</texturenofocus>
				<visible>!MusicPlayer.Content(LiveTV)</visible>
				<onclick>PlayerControl(Next)</onclick>
			</control>
		</control>
	</controls>
</window>
