<?xml version="1.0" encoding="utf-8"?>
<window type="dialog" id="2123">
	<defaultcontrol always="true">450</defaultcontrol>
	<coordinates>
		<left>235</left>
		<top>75</top>
	</coordinates>
	<include>dialogeffect</include>
	<depth>DepthDialog+</depth>
	<controls>
		<control type="group">
			<control type="image">
				<description>background image</description>
				<left>0</left>
				<top>0</top>
				<width>850</width>
				<height>550</height>
				<texture border="40">$VAR[SelectBack]</texture>
			</control>
			<control type="image">
				<description>Dialog Header image</description>
				<left>40</left>
				<top>16</top>
				<width>770</width>
				<height>40</height>
				<texture>dialogheader.png</texture>
			</control>
			<control type="label" id="1">
				<description>header label</description>
				<left>40</left>
				<top>20</top>
				<width>770</width>
				<height>30</height>
				<font>font13_title</font>
				<label>$LOCALIZE[31191]</label>
				<align>center</align>
				<aligny>center</aligny>
				<textcolor>selected</textcolor>
				<shadowcolor>black</shadowcolor>
			</control>
			<control type="button">
				<description>Close Window button</description>
				<left>760</left>
				<top>15</top>
				<width>64</width>
				<height>32</height>
				<label></label>
				<font></font>
				<onclick>PreviousMenu</onclick>
				<texturefocus colordiffuse="$VAR[MainColorOne]">DialogCloseButton-focus.png</texturefocus>
				<texturenofocus>DialogCloseButton.png</texturenofocus>
				<onleft>450</onleft>
				<onright>450</onright>
				<onup>450</onup>
				<ondown>450</ondown>
				<visible>system.getbool(input.enablemouse)</visible>
			</control>
			<control type="list" id="450">
				<left>20</left>
				<top>67</top>
				<width>550</width>
				<height>460</height>
				<onup>450</onup>
				<ondown>450</ondown>
				<onleft>7</onleft>
				<onright>61</onright>
				<pagecontrol>61</pagecontrol>
				<scrolltime>200</scrolltime>
				<itemlayout height="92" width="550">
					<control type="image">
						<left>0</left>
						<top>0</top>
						<width>550</width>
						<height>86</height>
						<texture border="5">button-nofocus.png</texture>
					</control>
					<control type="image">
						<left>2</left>
						<top>3</top>
						<width>80</width>
						<height>80</height>
						<texture fallback="Fanart_Fallback_Music_Small.jpg">$INFO[Listitem.Icon]</texture>
						<aspectratio>keep</aspectratio>
						<colordiffuse>33FFFFFF</colordiffuse>
						<bordertexture border="3">black-back2.png</bordertexture>
						<bordersize>2</bordersize>
					</control>
					<control type="label">
						<left>90</left>
						<top>2</top>
						<width>450</width>
						<height>30</height>
						<font>font13</font>
						<textcolor>grey</textcolor>
						<selectedcolor>selected</selectedcolor>
						<align>left</align>
						<aligny>center</aligny>
						<label>[B]$INFO[ListItem.Label][/B]</label>
					</control>
					<control type="textbox">
						<left>90</left>
						<top>34</top>
						<width>450</width>
						<height>48</height>
						<font>font12</font>
						<textcolor>grey</textcolor>
						<selectedcolor>selected</selectedcolor>
						<align>left</align>
						<label>$INFO[ListItem.Label2]</label>
					</control>
				</itemlayout>
				<focusedlayout height="92" width="550">
					<control type="image">
						<left>0</left>
						<top>0</top>
						<width>550</width>
						<height>86</height>
						<texture border="5">button-nofocus.png</texture>
						<visible>!Control.HasFocus(450)</visible>
						<include>VisibleFadeEffect</include>
					</control>
					<control type="image">
						<left>0</left>
						<top>0</top>
						<width>550</width>
						<height>86</height>
						<texture border="5" colordiffuse="$VAR[MainColorOne]">$VAR[SelectButton2]</texture>
						<visible>Control.HasFocus(450)</visible>
						<include>VisibleFadeEffect</include>
					</control>
					<control type="image">
						<left>2</left>
						<top>3</top>
						<width>80</width>
						<height>80</height>
						<texture fallback="Fanart_Fallback_Music_Small.jpg">$INFO[Listitem.Icon]</texture>
						<aspectratio>keep</aspectratio>
						<bordertexture border="3">black-back2.png</bordertexture>
						<bordersize>2</bordersize>
					</control>
					<control type="label">
						<left>90</left>
						<top>2</top>
						<width>450</width>
						<height>30</height>
						<font>font13</font>
						<textcolor>white</textcolor>
						<selectedcolor>selected</selectedcolor>
						<align>left</align>
						<aligny>center</aligny>
						<label>[B]$INFO[ListItem.Label][/B]</label>
					</control>
					<control type="textbox">
						<left>90</left>
						<top>34</top>
						<width>450</width>
						<height>48</height>
						<font>font12</font>
						<textcolor>grey</textcolor>
						<selectedcolor>selected</selectedcolor>
						<align>left</align>
						<label>$INFO[ListItem.Label2]</label>
					</control>
				</focusedlayout>
				<content>
					<item id="1">
						<label>$INFO[Window(home).Property(RecommendedAlbum.1.Title)]</label>
						<label2>$INFO[Window(home).Property(RecommendedAlbum.1.Artist)]</label2>
						<onclick>PlayList.Clear</onclick>
						<onclick>Dialog.Close(2123)</onclick>
						<onclick>$INFO[Window(home).Property(RecommendedAlbum.1.Play)]</onclick>
						<onclick>fullscreen</onclick>
						<icon>$INFO[Window(home).Property(RecommendedAlbum.1.Thumb)]</icon>
						<thumb>$INFO[Window(home).Property(RecommendedAlbum.1.fanart)]</thumb>
						<visible>!String.IsEmpty(Window(home).Property(RecommendedAlbum.1.Title))</visible>
					</item>
					<item id="2">
						<label>$INFO[Window(home).Property(RecommendedAlbum.2.Title)]</label>
						<label2>$INFO[Window(home).Property(RecommendedAlbum.2.Artist)]</label2>
						<onclick>PlayList.Clear</onclick>
						<onclick>Dialog.Close(2123)</onclick>
						<onclick>$INFO[Window(home).Property(RecommendedAlbum.2.Play)]</onclick>
						<onclick>fullscreen</onclick>
						<icon>$INFO[Window(home).Property(RecommendedAlbum.2.Thumb)]</icon>
						<thumb>$INFO[Window(home).Property(RecommendedAlbum.2.fanart)]</thumb>
						<visible>!String.IsEmpty(Window(home).Property(RecommendedAlbum.2.Title))</visible>
					</item>
					<item id="3">
						<label>$INFO[Window(home).Property(RecommendedAlbum.3.Title)]</label>
						<label2>$INFO[Window(home).Property(RecommendedAlbum.3.Artist)]</label2>
						<onclick>PlayList.Clear</onclick>
						<onclick>Dialog.Close(2123)</onclick>
						<onclick>$INFO[Window(home).Property(RecommendedAlbum.3.Play)]</onclick>
						<onclick>fullscreen</onclick>
						<icon>$INFO[Window(home).Property(RecommendedAlbum.3.Thumb)]</icon>
						<thumb>$INFO[Window(home).Property(RecommendedAlbum.3.fanart)]</thumb>
						<visible>!String.IsEmpty(Window(home).Property(RecommendedAlbum.3.Title))</visible>
					</item>
					<item id="4">
						<label>$INFO[Window(home).Property(RecommendedAlbum.4.Title)]</label>
						<label2>$INFO[Window(home).Property(RecommendedAlbum.4.Artist)]</label2>
						<onclick>PlayList.Clear</onclick>
						<onclick>Dialog.Close(2123)</onclick>
						<onclick>$INFO[Window(home).Property(RecommendedAlbum.4.Play)]</onclick>
						<onclick>fullscreen</onclick>
						<icon>$INFO[Window(home).Property(RecommendedAlbum.4.Thumb)]</icon>
						<thumb>$INFO[Window(home).Property(RecommendedAlbum.4.fanart)]</thumb>
						<visible>!String.IsEmpty(Window(home).Property(RecommendedAlbum.4.Title))</visible>
					</item>
					<item id="5">
						<label>$INFO[Window(home).Property(RecommendedAlbum.5.Title)]</label>
						<label2>$INFO[Window(home).Property(RecommendedAlbum.5.Artist)]</label2>
						<onclick>PlayList.Clear</onclick>
						<onclick>Dialog.Close(2123)</onclick>
						<onclick>$INFO[Window(home).Property(RecommendedAlbum.5.Play)]</onclick>
						<onclick>fullscreen</onclick>
						<icon>$INFO[Window(home).Property(RecommendedAlbum.5.Thumb)]</icon>
						<thumb>$INFO[Window(home).Property(RecommendedAlbum.5.fanart)]</thumb>
						<visible>!String.IsEmpty(Window(home).Property(RecommendedAlbum.5.Title))</visible>
					</item>
					<item id="6">
						<label>$INFO[Window(home).Property(RecommendedAlbum.6.Title)]</label>
						<label2>$INFO[Window(home).Property(RecommendedAlbum.6.Artist)]</label2>
						<onclick>PlayList.Clear</onclick>
						<onclick>Dialog.Close(2123)</onclick>
						<onclick>$INFO[Window(home).Property(RecommendedAlbum.6.Play)]</onclick>
						<onclick>fullscreen</onclick>
						<icon>$INFO[Window(home).Property(RecommendedAlbum.6.Thumb)]</icon>
						<thumb>$INFO[Window(home).Property(RecommendedAlbum.6.fanart)]</thumb>
						<visible>!String.IsEmpty(Window(home).Property(RecommendedAlbum.6.Title))</visible>
					</item>
					<item id="7">
						<label>$INFO[Window(home).Property(RecommendedAlbum.7.Title)]</label>
						<label2>$INFO[Window(home).Property(RecommendedAlbum.7.Artist)]</label2>
						<onclick>PlayList.Clear</onclick>
						<onclick>Dialog.Close(2123)</onclick>
						<onclick>$INFO[Window(home).Property(RecommendedAlbum.7.Play)]</onclick>
						<onclick>fullscreen</onclick>
						<icon>$INFO[Window(home).Property(RecommendedAlbum.7.Thumb)]</icon>
						<thumb>$INFO[Window(home).Property(RecommendedAlbum.7.fanart)]</thumb>
						<visible>!String.IsEmpty(Window(home).Property(RecommendedAlbum.7.Title))</visible>
					</item>
					<item id="8">
						<label>$INFO[Window(home).Property(RecommendedAlbum.8.Title)]</label>
						<label2>$INFO[Window(home).Property(RecommendedAlbum.8.Artist)]</label2>
						<onclick>PlayList.Clear</onclick>
						<onclick>Dialog.Close(2123)</onclick>
						<onclick>$INFO[Window(home).Property(RecommendedAlbum.8.Play)]</onclick>
						<onclick>fullscreen</onclick>
						<icon>$INFO[Window(home).Property(RecommendedAlbum.8.Thumb)]</icon>
						<thumb>$INFO[Window(home).Property(RecommendedAlbum.8.fanart)]</thumb>
						<visible>!String.IsEmpty(Window(home).Property(RecommendedAlbum.8.Title))</visible>
					</item>
					<item id="9">
						<label>$INFO[Window(home).Property(RecommendedAlbum.9.Title)]</label>
						<label2>$INFO[Window(home).Property(RecommendedAlbum.9.Artist)]</label2>
						<onclick>PlayList.Clear</onclick>
						<onclick>Dialog.Close(2123)</onclick>
						<onclick>$INFO[Window(home).Property(RecommendedAlbum.9.Play)]</onclick>
						<onclick>fullscreen</onclick>
						<icon>$INFO[Window(home).Property(RecommendedAlbum.9.Thumb)]</icon>
						<thumb>$INFO[Window(home).Property(RecommendedAlbum.9.fanart)]</thumb>
						<visible>!String.IsEmpty(Window(home).Property(RecommendedAlbum.9.Title))</visible>
					</item>
					<item id="10">
						<label>$INFO[Window(home).Property(RecommendedAlbum.10.Title)]</label>
						<label2>$INFO[Window(home).Property(RecommendedAlbum.10.Artist)]</label2>
						<onclick>PlayList.Clear</onclick>
						<onclick>Dialog.Close(2123)</onclick>
						<onclick>$INFO[Window(home).Property(RecommendedAlbum.10.Play)]</onclick>
						<onclick>fullscreen</onclick>
						<icon>$INFO[Window(home).Property(RecommendedAlbum.10.Thumb)]</icon>
						<thumb>$INFO[Window(home).Property(RecommendedAlbum.10.fanart)]</thumb>
						<visible>!String.IsEmpty(Window(home).Property(RecommendedAlbum.10.Title))</visible>
					</item>
					<item id="11">
						<label>$INFO[Window(home).Property(RecommendedAlbum.11.Title)]</label>
						<label2>$INFO[Window(home).Property(RecommendedAlbum.11.Artist)]</label2>
						<onclick>PlayList.Clear</onclick>
						<onclick>Dialog.Close(2123)</onclick>
						<onclick>$INFO[Window(home).Property(RecommendedAlbum.11.Play)]</onclick>
						<onclick>fullscreen</onclick>
						<icon>$INFO[Window(home).Property(RecommendedAlbum.11.Thumb)]</icon>
						<thumb>$INFO[Window(home).Property(RecommendedAlbum.11.fanart)]</thumb>
						<visible>!String.IsEmpty(Window(home).Property(RecommendedAlbum.11.Title))</visible>
					</item>
					<item id="12">
						<label>$INFO[Window(home).Property(RecommendedAlbum.12.Title)]</label>
						<label2>$INFO[Window(home).Property(RecommendedAlbum.12.Artist)]</label2>
						<onclick>PlayList.Clear</onclick>
						<onclick>Dialog.Close(2123)</onclick>
						<onclick>$INFO[Window(home).Property(RecommendedAlbum.12.Play)]</onclick>
						<onclick>fullscreen</onclick>
						<icon>$INFO[Window(home).Property(RecommendedAlbum.12.Thumb)]</icon>
						<thumb>$INFO[Window(home).Property(RecommendedAlbum.12.fanart)]</thumb>
						<visible>!String.IsEmpty(Window(home).Property(RecommendedAlbum.12.Title))</visible>
					</item>
					<item id="13">
						<label>$INFO[Window(home).Property(RecommendedAlbum.13.Title)]</label>
						<label2>$INFO[Window(home).Property(RecommendedAlbum.13.Artist)]</label2>
						<onclick>PlayList.Clear</onclick>
						<onclick>Dialog.Close(2123)</onclick>
						<onclick>$INFO[Window(home).Property(RecommendedAlbum.13.Play)]</onclick>
						<onclick>fullscreen</onclick>
						<icon>$INFO[Window(home).Property(RecommendedAlbum.13.Thumb)]</icon>
						<thumb>$INFO[Window(home).Property(RecommendedAlbum.13.fanart)]</thumb>
						<visible>!String.IsEmpty(Window(home).Property(RecommendedAlbum.13.Title))</visible>
					</item>
					<item id="14">
						<label>$INFO[Window(home).Property(RecommendedAlbum.14.Title)]</label>
						<label2>$INFO[Window(home).Property(RecommendedAlbum.14.Artist)]</label2>
						<onclick>PlayList.Clear</onclick>
						<onclick>Dialog.Close(2123)</onclick>
						<onclick>$INFO[Window(home).Property(RecommendedAlbum.14.Play)]</onclick>
						<onclick>fullscreen</onclick>
						<icon>$INFO[Window(home).Property(RecommendedAlbum.14.Thumb)]</icon>
						<thumb>$INFO[Window(home).Property(RecommendedAlbum.14.fanart)]</thumb>
						<visible>!String.IsEmpty(Window(home).Property(RecommendedAlbum.14.Title))</visible>
					</item>
					<item id="15">
						<label>$INFO[Window(home).Property(RecommendedAlbum.15.Title)]</label>
						<label2>$INFO[Window(home).Property(RecommendedAlbum.15.Artist)]</label2>
						<onclick>PlayList.Clear</onclick>
						<onclick>Dialog.Close(2123)</onclick>
						<onclick>$INFO[Window(home).Property(RecommendedAlbum.15.Play)]</onclick>
						<onclick>fullscreen</onclick>
						<icon>$INFO[Window(home).Property(RecommendedAlbum.15.Thumb)]</icon>
						<thumb>$INFO[Window(home).Property(RecommendedAlbum.15.fanart)]</thumb>
						<visible>!String.IsEmpty(Window(home).Property(RecommendedAlbum.15.Title))</visible>
					</item>
					<item id="16">
						<label>$INFO[Window(home).Property(RecommendedAlbum.16.Title)]</label>
						<label2>$INFO[Window(home).Property(RecommendedAlbum.16.Artist)]</label2>
						<onclick>PlayList.Clear</onclick>
						<onclick>Dialog.Close(2123)</onclick>
						<onclick>$INFO[Window(home).Property(RecommendedAlbum.16.Play)]</onclick>
						<onclick>fullscreen</onclick>
						<icon>$INFO[Window(home).Property(RecommendedAlbum.16.Thumb)]</icon>
						<thumb>$INFO[Window(home).Property(RecommendedAlbum.16.fanart)]</thumb>
						<visible>!String.IsEmpty(Window(home).Property(RecommendedAlbum.16.Title))</visible>
					</item>
					<item id="17">
						<label>$INFO[Window(home).Property(RecommendedAlbum.17.Title)]</label>
						<label2>$INFO[Window(home).Property(RecommendedAlbum.17.Artist)]</label2>
						<onclick>PlayList.Clear</onclick>
						<onclick>Dialog.Close(2123)</onclick>
						<onclick>$INFO[Window(home).Property(RecommendedAlbum.17.Play)]</onclick>
						<onclick>fullscreen</onclick>
						<icon>$INFO[Window(home).Property(RecommendedAlbum.17.Thumb)]</icon>
						<thumb>$INFO[Window(home).Property(RecommendedAlbum.17.fanart)]</thumb>
						<visible>!String.IsEmpty(Window(home).Property(RecommendedAlbum.17.Title))</visible>
					</item>
					<item id="18">
						<label>$INFO[Window(home).Property(RecommendedAlbum.18.Title)]</label>
						<label2>$INFO[Window(home).Property(RecommendedAlbum.18.Artist)]</label2>
						<onclick>PlayList.Clear</onclick>
						<onclick>Dialog.Close(2123)</onclick>
						<onclick>$INFO[Window(home).Property(RecommendedAlbum.18.Play)]</onclick>
						<onclick>fullscreen</onclick>
						<icon>$INFO[Window(home).Property(RecommendedAlbum.18.Thumb)]</icon>
						<thumb>$INFO[Window(home).Property(RecommendedAlbum.18.fanart)]</thumb>
						<visible>!String.IsEmpty(Window(home).Property(RecommendedAlbum.18.Title))</visible>
					</item>
					<item id="19">
						<label>$INFO[Window(home).Property(RecommendedAlbum.19.Title)]</label>
						<label2>$INFO[Window(home).Property(RecommendedAlbum.19.Artist)]</label2>
						<onclick>PlayList.Clear</onclick>
						<onclick>Dialog.Close(2123)</onclick>
						<onclick>$INFO[Window(home).Property(RecommendedAlbum.19.Play)]</onclick>
						<onclick>fullscreen</onclick>
						<icon>$INFO[Window(home).Property(RecommendedAlbum.19.Thumb)]</icon>
						<thumb>$INFO[Window(home).Property(RecommendedAlbum.19.fanart)]</thumb>
						<visible>!String.IsEmpty(Window(home).Property(RecommendedAlbum.19.Title))</visible>
					</item>
					<item id="20">
						<label>$INFO[Window(home).Property(RecommendedAlbum.20.Title)]</label>
						<label2>$INFO[Window(home).Property(RecommendedAlbum.20.Artist)]</label2>
						<onclick>PlayList.Clear</onclick>
						<onclick>Dialog.Close(2123)</onclick>
						<onclick>$INFO[Window(home).Property(RecommendedAlbum.20.Play)]</onclick>
						<onclick>fullscreen</onclick>
						<icon>$INFO[Window(home).Property(RecommendedAlbum.20.Thumb)]</icon>
						<thumb>$INFO[Window(home).Property(RecommendedAlbum.20.fanart)]</thumb>
						<visible>!String.IsEmpty(Window(home).Property(RecommendedAlbum.20.Title))</visible>
					</item>
					<item id="21">
						<label>$INFO[Window(home).Property(RecentAlbum.1.Title)]</label>
						<label2>$INFO[Window(home).Property(RecentAlbum.1.Artist)]</label2>
						<onclick>PlayList.Clear</onclick>
						<onclick>Dialog.Close(2123)</onclick>
						<onclick>$INFO[Window(home).Property(RecentAlbum.1.Play)]</onclick>
						<onclick>fullscreen</onclick>
						<icon>$INFO[Window(home).Property(RecentAlbum.1.Thumb)]</icon>
						<thumb>$INFO[Window(home).Property(RecentAlbum.1.fanart)]</thumb>
						<visible>String.IsEmpty(Window(home).Property(RecommendedAlbum.1.Title)) + !String.IsEmpty(Window(home).Property(RecentAlbum.1.Title))</visible>
					</item>
					<item id="22">
						<label>31252</label>
						<label2>31252</label2>
						<onclick>PreviousMenu</onclick>
						<icon>DefaultAlbumCover.png</icon>
						<thumb>Fanart_Fallback_Music_Small.jpg</thumb>
						<visible>String.IsEmpty(Window(home).Property(RecommendedAlbum.1.Title)) + String.IsEmpty(Window(home).Property(RecentAlbum.1.Title))</visible>
					</item>
				</content>
			</control>
			<control type="scrollbar" id="61">
				<left>570</left>
				<top>65</top>
				<width>25</width>
				<height>464</height>
				<texturesliderbackground border="0,14,0,14">ScrollBarV.png</texturesliderbackground>
				<texturesliderbar border="0,14,0,14">ScrollBarV_bar.png</texturesliderbar>
				<texturesliderbarfocus border="0,14,0,14" colordiffuse="$VAR[MainColorOne]">ScrollBarV_bar_focus.png</texturesliderbarfocus>
				<textureslidernib colordiffuse="$VAR[MainColorOne]">ScrollBarNib.png</textureslidernib>
				<textureslidernibfocus colordiffuse="$VAR[MainColorOne]">ScrollBarNib.png</textureslidernibfocus>
				<onleft>450</onleft>
				<onright>90</onright>
				<ondown>61</ondown>
				<onup>61</onup>
				<showonepage>false</showonepage>
				<orientation>vertical</orientation>
				<visible>Control.IsVisible(450)</visible>
			</control>
			<control type="group">
				<control type="label">
					<description>number of files/pages in list text label</description>
					<left>592</left>
					<top>490</top>
					<width>240</width>
					<height>35</height>
					<font>font12</font>
					<align>center</align>
					<aligny>center</aligny>
					<textcolor>grey</textcolor>
					<label>([COLOR=$VAR[MainColorOne]]$INFO[Container(450).NumItems][/COLOR]) $LOCALIZE[31025] - $LOCALIZE[31024] ([COLOR=$VAR[MainColorOne]]$INFO[Container(450).CurrentPage]/$INFO[Container(450).NumPages][/COLOR])</label>
				</control>
				<control type="grouplist" id="90">
					<left>612</left>
					<top>100</top>
					<onleft>450</onleft>
					<onright>450</onright>
					<control type="button" id="7">
						<description>Cancel button</description>
						<width>200</width>
						<height>40</height>
						<label>222</label>
						<font>font12_title</font>
						<textcolor>white</textcolor>
						<focusedcolor>white</focusedcolor>
						<align>center</align>
						<onclick>PreviousMenu</onclick>
					</control>
					<control type="image">
						<width>1</width>
						<height>150</height>
						<texture></texture>
					</control>
					<control type="image">
						<width>216</width>
						<height>200</height>
						<align>center</align>
						<aspectratio align="center">stretch</aspectratio>
						<fadetime>IconCrossfadeTime</fadetime>
						<texture fallback="Fanart_Fallback_Music_Small.jpg" diffuse="episodematte.png">$INFO[Container(450).ListItem.Icon]</texture>
						<bordertexture border="8">ThumbShadow.png</bordertexture>
						<bordersize>8</bordersize>
					</control>
				</control>
			</control>
		</control>
	</controls>
</window>