<?xml version="1.0" encoding="utf-8"?>
<window type="dialog" id="2113">
	<defaultcontrol always="true">450</defaultcontrol>
	<coordinates>
		<left>235</left>
		<top>75</top>
	</coordinates>
	<include>dialogeffect</include>
	<depth>DepthDialog+</depth>
	<controls>
		<control type="group">
			<control type="image">
				<description>background image</description>
				<left>0</left>
				<top>0</top>
				<width>850</width>
				<height>550</height>
				<texture border="40">$VAR[SelectBack]</texture>
			</control>
			<control type="image">
				<description>Dialog Header image</description>
				<left>40</left>
				<top>16</top>
				<width>770</width>
				<height>40</height>
				<texture>dialogheader.png</texture>
			</control>
			<control type="label" id="1">
				<description>header label</description>
				<left>40</left>
				<top>20</top>
				<width>770</width>
				<height>30</height>
				<font>font13_title</font>
				<label>$LOCALIZE[31288]</label>
				<align>center</align>
				<aligny>center</aligny>
				<textcolor>selected</textcolor>
				<shadowcolor>black</shadowcolor>
			</control>
			<control type="button">
				<description>Close Window button</description>
				<left>760</left>
				<top>15</top>
				<width>64</width>
				<height>32</height>
				<label></label>
				<font></font>
				<onclick>PreviousMenu</onclick>
				<texturefocus colordiffuse="$VAR[MainColorOne]">DialogCloseButton-focus.png</texturefocus>
				<texturenofocus>DialogCloseButton.png</texturenofocus>
				<onleft>450</onleft>
				<onright>450</onright>
				<onup>450</onup>
				<ondown>450</ondown>
				<visible>system.getbool(input.enablemouse)</visible>
			</control>
			<control type="list" id="450">
				<left>20</left>
				<top>67</top>
				<width>550</width>
				<height>460</height>
				<onup>450</onup>
				<ondown>450</ondown>
				<onleft>7</onleft>
				<onright>61</onright>
				<pagecontrol>61</pagecontrol>
				<scrolltime>200</scrolltime>
				<itemlayout height="92" width="550">
					<control type="image">
						<left>0</left>
						<top>0</top>
						<width>550</width>
						<height>86</height>
						<texture border="5">button-nofocus.png</texture>
					</control>
					<control type="image">
						<left>2</left>
						<top>3</top>
						<width>80</width>
						<height>80</height>
						<texture>$INFO[Listitem.Icon]</texture>
						<aspectratio>keep</aspectratio>
						<colordiffuse>33FFFFFF</colordiffuse>
						<bordertexture border="3">black-back2.png</bordertexture>
						<bordersize>2</bordersize>
					</control>
					<control type="label">
						<left>90</left>
						<top>22</top>
						<width>450</width>
						<height>40</height>
						<font>font13</font>
						<textcolor>grey</textcolor>
						<selectedcolor>selected</selectedcolor>
						<align>left</align>
						<aligny>center</aligny>
						<label>[B]$INFO[ListItem.Label][/B]</label>
					</control>
				</itemlayout>
				<focusedlayout height="92" width="550">
					<control type="image">
						<left>0</left>
						<top>0</top>
						<width>550</width>
						<height>86</height>
						<texture border="5">button-nofocus.png</texture>
						<visible>!Control.HasFocus(450)</visible>
						<include>VisibleFadeEffect</include>
					</control>
					<control type="image">
						<left>0</left>
						<top>0</top>
						<width>550</width>
						<height>86</height>
						<texture border="5" colordiffuse="$VAR[MainColorOne]">$VAR[SelectButton2]</texture>
						<visible>Control.HasFocus(450)</visible>
						<include>VisibleFadeEffect</include>
					</control>
					<control type="image">
						<left>2</left>
						<top>3</top>
						<width>80</width>
						<height>80</height>
						<texture>$INFO[Listitem.Icon]</texture>
						<aspectratio>keep</aspectratio>
						<bordertexture border="3">black-back2.png</bordertexture>
						<bordersize>2</bordersize>
					</control>
					<control type="label">
						<left>90</left>
						<top>22</top>
						<width>450</width>
						<height>40</height>
						<font>font13</font>
						<textcolor>white</textcolor>
						<selectedcolor>selected</selectedcolor>
						<align>left</align>
						<aligny>center</aligny>
						<label>[B]$INFO[ListItem.Label][/B]</label>
					</control>
				</focusedlayout>
				<content>
					<item>
						<description>Addons</description>
						<label>$LOCALIZE[10040]</label>
						<icon>Icons/addons.png</icon>
						<onclick>Dialog.Close(2113)</onclick>
						<onclick>Skin.SetString($INFO[Window(Home).Property(UsrSelectBtn)].Icon,Icons/addons.png)</onclick>
						<onclick>ClearProperty(UsrSelectBtn,Home)</onclick>
					</item>
					<item>
						<description>Android</description>
						<label>$LOCALIZE[31287]</label>
						<icon>Icons/android.png</icon>
						<onclick>Dialog.Close(2113)</onclick>
						<onclick>Skin.SetString($INFO[Window(Home).Property(UsrSelectBtn)].Icon,Icons/android.png)</onclick>
						<onclick>ClearProperty(UsrSelectBtn,Home)</onclick>
					</item>
					<item>
						<description>Appearance</description>
						<label>$LOCALIZE[480]</label>
						<icon>Icons/appearance.png</icon>
						<onclick>Dialog.Close(2113)</onclick>
						<onclick>Skin.SetString($INFO[Window(Home).Property(UsrSelectBtn)].Icon,Icons/appearance.png)</onclick>
						<onclick>ClearProperty(UsrSelectBtn,Home)</onclick>
					</item>
					<item>
						<description>Favourites</description>
						<label>$LOCALIZE[1036]</label>
						<icon>Icons/favorites.png</icon>
						<onclick>Dialog.Close(2113)</onclick>
						<onclick>Skin.SetString($INFO[Window(Home).Property(UsrSelectBtn)].Icon,Icons/favorites.png)</onclick>
						<onclick>ClearProperty(UsrSelectBtn,Home)</onclick>
					</item>
					<item>
						<description>FileManager</description>
						<label>$LOCALIZE[10003]</label>
						<icon>Icons/filemanager.png</icon>
						<onclick>Dialog.Close(2113)</onclick>
						<onclick>Skin.SetString($INFO[Window(Home).Property(UsrSelectBtn)].Icon,Icons/filemanager.png)</onclick>
						<onclick>ClearProperty(UsrSelectBtn,Home)</onclick>
					</item>
					<item>
						<description>Library</description>
						<label>$LOCALIZE[14022]</label>
						<icon>Icons/library.png</icon>
						<onclick>Dialog.Close(2113)</onclick>
						<onclick>Skin.SetString($INFO[Window(Home).Property(UsrSelectBtn)].Icon,Icons/library.png)</onclick>
						<onclick>ClearProperty(UsrSelectBtn,Home)</onclick>
					</item>
					<item>
						<description>Movies</description>
						<label>$LOCALIZE[342]</label>
						<icon>Icons/movies.png</icon>
						<onclick>Dialog.Close(2113)</onclick>
						<onclick>Skin.SetString($INFO[Window(Home).Property(UsrSelectBtn)].Icon,Icons/movies.png)</onclick>
						<onclick>ClearProperty(UsrSelectBtn,Home)</onclick>
					</item>
					<item>
						<description>Music</description>
						<label>$LOCALIZE[1211]</label>
						<icon>Icons/music.png</icon>
						<onclick>Dialog.Close(2113)</onclick>
						<onclick>Skin.SetString($INFO[Window(Home).Property(UsrSelectBtn)].Icon,Icons/music.png)</onclick>
						<onclick>ClearProperty(UsrSelectBtn,Home)</onclick>
					</item>
					<item>
						<description>Music 2</description>
						<label>$LOCALIZE[1211] 2</label>
						<icon>Icons/music2.png</icon>
						<onclick>Dialog.Close(2113)</onclick>
						<onclick>Skin.SetString($INFO[Window(Home).Property(UsrSelectBtn)].Icon,Icons/music2.png)</onclick>
						<onclick>ClearProperty(UsrSelectBtn,Home)</onclick>
					</item>
					<item>
						<description>Network</description>
						<label>$LOCALIZE[13279]</label>
						<icon>Icons/network.png</icon>
						<onclick>Dialog.Close(2113)</onclick>
						<onclick>Skin.SetString($INFO[Window(Home).Property(UsrSelectBtn)].Icon,Icons/network.png)</onclick>
						<onclick>ClearProperty(UsrSelectBtn,Home)</onclick>
					</item>
					<item>
						<description>Pictures</description>
						<label>$LOCALIZE[1213]</label>
						<icon>Icons/pictures.png</icon>
						<onclick>Dialog.Close(2113)</onclick>
						<onclick>Skin.SetString($INFO[Window(Home).Property(UsrSelectBtn)].Icon,Icons/pictures.png)</onclick>
						<onclick>ClearProperty(UsrSelectBtn,Home)</onclick>
					</item>
					<item>
						<description>Pictures 2</description>
						<label>$LOCALIZE[1213] 2</label>
						<icon>Icons/pictures2.png</icon>
						<onclick>Dialog.Close(2113)</onclick>
						<onclick>Skin.SetString($INFO[Window(Home).Property(UsrSelectBtn)].Icon,Icons/pictures2.png)</onclick>
						<onclick>ClearProperty(UsrSelectBtn,Home)</onclick>
					</item>
					<item>
						<description>PlayDVD</description>
						<label>$LOCALIZE[341]</label>
						<icon>Icons/playdvd.png</icon>
						<onclick>Dialog.Close(2113)</onclick>
						<onclick>Skin.SetString($INFO[Window(Home).Property(UsrSelectBtn)].Icon,Icons/playdvd.png)</onclick>
						<onclick>ClearProperty(UsrSelectBtn,Home)</onclick>
					</item>
					<item>
						<description>Profiles</description>
						<label>$LOCALIZE[13200]</label>
						<icon>Icons/profiles.png</icon>
						<onclick>Dialog.Close(2113)</onclick>
						<onclick>Skin.SetString($INFO[Window(Home).Property(UsrSelectBtn)].Icon,Icons/profiles.png)</onclick>
						<onclick>ClearProperty(UsrSelectBtn,Home)</onclick>
					</item>
					<item>
						<description>Programs</description>
						<label>$LOCALIZE[0]</label>
						<icon>Icons/programs.png</icon>
						<onclick>Dialog.Close(2113)</onclick>
						<onclick>Skin.SetString($INFO[Window(Home).Property(UsrSelectBtn)].Icon,Icons/programs.png)</onclick>
						<onclick>ClearProperty(UsrSelectBtn,Home)</onclick>
					</item>
					<item>
						<description>Radio</description>
						<label>$LOCALIZE[19021]</label>
						<icon>Icons/radio.png</icon>
						<onclick>Dialog.Close(2113)</onclick>
						<onclick>Skin.SetString($INFO[Window(Home).Property(UsrSelectBtn)].Icon,Icons/radio.png)</onclick>
						<onclick>ClearProperty(UsrSelectBtn,Home)</onclick>
					</item>
					<item>
						<description>Settings</description>
						<label>$LOCALIZE[21417]</label>
						<icon>Icons/settings.png</icon>
						<onclick>Dialog.Close(2113)</onclick>
						<onclick>Skin.SetString($INFO[Window(Home).Property(UsrSelectBtn)].Icon,Icons/settings.png)</onclick>
						<onclick>ClearProperty(UsrSelectBtn,Home)</onclick>
					</item>
					<item>
						<description>Settings 2</description>
						<label>$LOCALIZE[21417] 2</label>
						<icon>Icons/settings2.png</icon>
						<onclick>Dialog.Close(2113)</onclick>
						<onclick>Skin.SetString($INFO[Window(Home).Property(UsrSelectBtn)].Icon,Icons/settings2.png)</onclick>
						<onclick>ClearProperty(UsrSelectBtn,Home)</onclick>
					</item>
					<item>
						<description>Skin</description>
						<label>$LOCALIZE[166]</label>
						<icon>Icons/skin.png</icon>
						<onclick>Dialog.Close(2113)</onclick>
						<onclick>Skin.SetString($INFO[Window(Home).Property(UsrSelectBtn)].Icon,Icons/skin.png)</onclick>
						<onclick>ClearProperty(UsrSelectBtn,Home)</onclick>
					</item>
					<item>
						<description>Skin Settings</description>
						<label>$LOCALIZE[20077]</label>
						<icon>Xonfluence_logo.png</icon>
						<onclick>Dialog.Close(2113)</onclick>
						<onclick>Skin.SetString($INFO[Window(Home).Property(UsrSelectBtn)].Icon,Xonfluence_logo.png)</onclick>
						<onclick>ClearProperty(UsrSelectBtn,Home)</onclick>
					</item>
					<item>
						<description>Sysinfo</description>
						<label>$LOCALIZE[130]</label>
						<icon>Icons/sysinfo.png</icon>
						<onclick>Dialog.Close(2113)</onclick>
						<onclick>Skin.SetString($INFO[Window(Home).Property(UsrSelectBtn)].Icon,Icons/sysinfo.png)</onclick>
						<onclick>ClearProperty(UsrSelectBtn,Home)</onclick>
					</item>
					<item>
						<description>System</description>
						<label>$LOCALIZE[13000]</label>
						<icon>Icons/system.png</icon>
						<onclick>Dialog.Close(2113)</onclick>
						<onclick>Skin.SetString($INFO[Window(Home).Property(UsrSelectBtn)].Icon,Icons/system.png)</onclick>
						<onclick>ClearProperty(UsrSelectBtn,Home)</onclick>
					</item>
					<item>
						<description>LiveTV</description>
						<label>$LOCALIZE[31502]</label>
						<icon>Icons/livetv.png</icon>
						<onclick>Dialog.Close(2113)</onclick>
						<onclick>Skin.SetString($INFO[Window(Home).Property(UsrSelectBtn)].Icon,Icons/livetv.png)</onclick>
						<onclick>ClearProperty(UsrSelectBtn,Home)</onclick>
					</item>
					<item>
						<description>TV 2</description>
						<label>$LOCALIZE[31502] 2</label>
						<icon>Icons/tv.png</icon>
						<onclick>Dialog.Close(2113)</onclick>
						<onclick>Skin.SetString($INFO[Window(Home).Property(UsrSelectBtn)].Icon,Icons/tv.png)</onclick>
						<onclick>ClearProperty(UsrSelectBtn,Home)</onclick>
					</item>
					<item>
						<description>TVGuide</description>
						<label>$LOCALIZE[31502] $LOCALIZE[22020]</label>
						<icon>Icons/tvguide.png</icon>
						<onclick>Dialog.Close(2113)</onclick>
						<onclick>Skin.SetString($INFO[Window(Home).Property(UsrSelectBtn)].Icon,Icons/tvguide.png)</onclick>
						<onclick>ClearProperty(UsrSelectBtn,Home)</onclick>
					</item>
					<item>
						<description>TVRemote</description>
						<label>$LOCALIZE[31502] $LOCALIZE[31286]</label>
						<icon>Icons/tvremote.png</icon>
						<onclick>Dialog.Close(2113)</onclick>
						<onclick>Skin.SetString($INFO[Window(Home).Property(UsrSelectBtn)].Icon,Icons/tvremote.png)</onclick>
						<onclick>ClearProperty(UsrSelectBtn,Home)</onclick>
					</item>
					<item>
						<description>TVShows</description>
						<label>$LOCALIZE[36903]</label>
						<icon>Icons/tvshows.png</icon>
						<onclick>Dialog.Close(2113)</onclick>
						<onclick>Skin.SetString($INFO[Window(Home).Property(UsrSelectBtn)].Icon,Icons/tvshows.png)</onclick>
						<onclick>ClearProperty(UsrSelectBtn,Home)</onclick>
					</item>
					<item>
						<description>Video</description>
						<label>$LOCALIZE[36912]</label>
						<icon>Icons/video.png</icon>
						<onclick>Dialog.Close(2113)</onclick>
						<onclick>Skin.SetString($INFO[Window(Home).Property(UsrSelectBtn)].Icon,Icons/video.png)</onclick>
						<onclick>ClearProperty(UsrSelectBtn,Home)</onclick>
					</item>
					<item>
						<description>Video 2</description>
						<label>$LOCALIZE[36912] 2</label>
						<icon>Icons/video2.png</icon>
						<onclick>Dialog.Close(2113)</onclick>
						<onclick>Skin.SetString($INFO[Window(Home).Property(UsrSelectBtn)].Icon,Icons/video2.png)</onclick>
						<onclick>ClearProperty(UsrSelectBtn,Home)</onclick>
					</item>
					<item>
						<description>Weather</description>
						<label>$LOCALIZE[8]</label>
						<icon>Icons/weather.png</icon>
						<onclick>Dialog.Close(2113)</onclick>
						<onclick>Skin.SetString($INFO[Window(Home).Property(UsrSelectBtn)].Icon,Icons/weather.png)</onclick>
						<onclick>ClearProperty(UsrSelectBtn,Home)</onclick>
					</item>
					<item>
						<description>Weather 2</description>
						<label>$LOCALIZE[8] 2</label>
						<icon>Icons/weather2.png</icon>
						<onclick>Dialog.Close(2113)</onclick>
						<onclick>Skin.SetString($INFO[Window(Home).Property(UsrSelectBtn)].Icon,Icons/weather2.png)</onclick>
						<onclick>ClearProperty(UsrSelectBtn,Home)</onclick>
					</item>
					<item>
						<description>Games</description>
						<label>$LOCALIZE[15016]</label>
						<icon>Icons/games.png</icon>
						<onclick>Dialog.Close(2113)</onclick>
						<onclick>Skin.SetString($INFO[Window(Home).Property(UsrSelectBtn)].Icon,Icons/games.png)</onclick>
						<onclick>ClearProperty(UsrSelectBtn,Home)</onclick>
					</item>
				</content>
			</control>
			<control type="scrollbar" id="61">
				<left>570</left>
				<top>65</top>
				<width>25</width>
				<height>464</height>
				<texturesliderbackground border="0,14,0,14">ScrollBarV.png</texturesliderbackground>
				<texturesliderbar border="0,14,0,14">ScrollBarV_bar.png</texturesliderbar>
				<texturesliderbarfocus border="0,14,0,14" colordiffuse="$VAR[MainColorOne]">ScrollBarV_bar_focus.png</texturesliderbarfocus>
				<textureslidernib colordiffuse="$VAR[MainColorOne]">ScrollBarNib.png</textureslidernib>
				<textureslidernibfocus colordiffuse="$VAR[MainColorOne]">ScrollBarNib.png</textureslidernibfocus>
				<onleft>450</onleft>
				<onright>90</onright>
				<ondown>61</ondown>
				<onup>61</onup>
				<showonepage>false</showonepage>
				<orientation>vertical</orientation>
				<visible>Control.IsVisible(450)</visible>
			</control>
			<control type="group">
				<control type="label">
					<description>number of files/pages in list text label</description>
					<left>592</left>
					<top>490</top>
					<width>240</width>
					<height>35</height>
					<font>font12</font>
					<align>center</align>
					<aligny>center</aligny>
					<textcolor>grey</textcolor>
					<label>([COLOR=$VAR[MainColorOne]]$INFO[Container(450).NumItems][/COLOR]) $LOCALIZE[31025] - $LOCALIZE[31024] ([COLOR=$VAR[MainColorOne]]$INFO[Container(450).CurrentPage]/$INFO[Container(450).NumPages][/COLOR])</label>
				</control>
				<control type="grouplist" id="90">
					<left>612</left>
					<top>100</top>
					<onleft>450</onleft>
					<onright>450</onright>
					<control type="button" id="7">
						<description>Cancel button</description>
						<width>200</width>
						<height>40</height>
						<label>222</label>
						<font>font12_title</font>
						<textcolor>white</textcolor>
						<focusedcolor>white</focusedcolor>
						<align>center</align>
						<onclick>PreviousMenu</onclick>
					</control>
					<control type="image">
						<width>1</width>
						<height>150</height>
						<texture></texture>
					</control>
					<control type="image">
						<width>216</width>
						<height>200</height>
						<align>center</align>
						<aspectratio align="center">keep</aspectratio>
						<fadetime>IconCrossfadeTime</fadetime>
						<texture diffuse="episodematte.png">$INFO[Container(450).ListItem.Icon]</texture>
						<bordertexture border="8">ThumbShadow.png</bordertexture>
						<bordersize>8</bordersize>
					</control>
				</control>
			</control>
		</control>
	</controls>
</window>