<?xml version="1.0" encoding="utf-8"?>
<window type="dialog" id="2125">
	<defaultcontrol always="true">450</defaultcontrol>
	<coordinates>
		<left>235</left>
		<top>75</top>
	</coordinates>
	<include>dialogeffect</include>
	<depth>DepthDialog+</depth>
	<controls>
		<control type="group">
			<control type="image">
				<description>background image</description>
				<left>0</left>
				<top>0</top>
				<width>850</width>
				<height>550</height>
				<texture border="40">$VAR[SelectBack]</texture>
			</control>
			<control type="image">
				<description>Dialog Header image</description>
				<left>40</left>
				<top>16</top>
				<width>770</width>
				<height>40</height>
				<texture>dialogheader.png</texture>
			</control>
			<control type="label" id="1">
				<description>header label</description>
				<left>40</left>
				<top>20</top>
				<width>770</width>
				<height>30</height>
				<font>font13_title</font>
				<label>$LOCALIZE[31197]</label>
				<align>center</align>
				<aligny>center</aligny>
				<textcolor>selected</textcolor>
				<shadowcolor>black</shadowcolor>
			</control>
			<control type="button">
				<description>Close Window button</description>
				<left>760</left>
				<top>15</top>
				<width>64</width>
				<height>32</height>
				<label></label>
				<font></font>
				<onclick>PreviousMenu</onclick>
				<texturefocus colordiffuse="$VAR[MainColorOne]">DialogCloseButton-focus.png</texturefocus>
				<texturenofocus>DialogCloseButton.png</texturenofocus>
				<onleft>450</onleft>
				<onright>450</onright>
				<onup>450</onup>
				<ondown>450</ondown>
				<visible>system.getbool(input.enablemouse)</visible>
			</control>
			<control type="list" id="450">
				<left>20</left>
				<top>67</top>
				<width>550</width>
				<height>460</height>
				<onup>450</onup>
				<ondown>450</ondown>
				<onleft>7</onleft>
				<onright>61</onright>
				<pagecontrol>61</pagecontrol>
				<scrolltime>200</scrolltime>
				<itemlayout height="92" width="550">
					<control type="image">
						<left>0</left>
						<top>0</top>
						<width>550</width>
						<height>86</height>
						<texture border="5">button-nofocus.png</texture>
					</control>
					<control type="image">
						<left>2</left>
						<top>3</top>
						<width>80</width>
						<height>80</height>
						<texture fallback="Fanart_Fallback_Small.jpg">$INFO[Listitem.Icon]</texture>
						<aspectratio>keep</aspectratio>
						<colordiffuse>33FFFFFF</colordiffuse>
						<bordertexture border="3">black-back2.png</bordertexture>
						<bordersize>2</bordersize>
					</control>
					<control type="label">
						<left>90</left>
						<top>22</top>
						<width>450</width>
						<height>40</height>
						<font>font13</font>
						<textcolor>grey</textcolor>
						<selectedcolor>selected</selectedcolor>
						<align>left</align>
						<aligny>center</aligny>
						<label>[B]$INFO[ListItem.Label][/B]</label>
					</control>
				</itemlayout>
				<focusedlayout height="92" width="550">
					<control type="image">
						<left>0</left>
						<top>0</top>
						<width>550</width>
						<height>86</height>
						<texture border="5">button-nofocus.png</texture>
						<visible>!Control.HasFocus(450)</visible>
						<include>VisibleFadeEffect</include>
					</control>
					<control type="image">
						<left>0</left>
						<top>0</top>
						<width>550</width>
						<height>86</height>
						<texture border="5" colordiffuse="$VAR[MainColorOne]">$VAR[SelectButton2]</texture>
						<visible>Control.HasFocus(450)</visible>
						<include>VisibleFadeEffect</include>
					</control>
					<control type="image">
						<left>2</left>
						<top>3</top>
						<width>80</width>
						<height>80</height>
						<texture fallback="Fanart_Fallback_Small.jpg">$INFO[Listitem.Icon]</texture>
						<aspectratio>keep</aspectratio>
						<bordertexture border="3">black-back2.png</bordertexture>
						<bordersize>2</bordersize>
					</control>
					<control type="label">
						<left>90</left>
						<top>22</top>
						<width>450</width>
						<height>40</height>
						<font>font13</font>
						<textcolor>white</textcolor>
						<selectedcolor>selected</selectedcolor>
						<align>left</align>
						<aligny>center</aligny>
						<label>[B]$INFO[ListItem.Label][/B]</label>
					</control>
				</focusedlayout>
				<content>
					<item id="1">
						<label>$INFO[Window(home).Property(RecommendedMovie.1.Title)]</label>
						<onclick>PlayList.Clear</onclick>
						<onclick>Dialog.Close(2125)</onclick>
						<onclick>PlayMedia($ESCINFO[Window(home).Property(RecommendedMovie.1.File)])</onclick>
						<icon>$INFO[Window(home).Property(RecommendedMovie.1.Art(poster))]</icon>
						<thumb>$INFO[Window(home).Property(RecommendedMovie.1.Art(fanart))]</thumb>
						<property name="Logo">$INFO[Window(home).Property(RecommendedMovie.1.Art(clearlogo))]</property>
						<property name="PercentPlayed">$INFO[Window(home).Property(RecommendedMovie.1.PercentPlayed)]</property>
						<visible>!String.IsEmpty(Window(home).Property(RecommendedMovie.1.Title))</visible>
					</item>
					<item id="2">
						<label>$INFO[Window(home).Property(RecommendedMovie.2.Title)]</label>
						<onclick>PlayList.Clear</onclick>
						<onclick>Dialog.Close(2125)</onclick>
						<onclick>PlayMedia($ESCINFO[Window(home).Property(RecommendedMovie.2.File)])</onclick>
						<icon>$INFO[Window(home).Property(RecommendedMovie.2.Art(poster))]</icon>
						<thumb>$INFO[Window(home).Property(RecommendedMovie.2.Art(fanart))]</thumb>
						<property name="Logo">$INFO[Window(home).Property(RecommendedMovie.2.Art(clearlogo))]</property>
						<property name="PercentPlayed">$INFO[Window(home).Property(RecommendedMovie.2.PercentPlayed)]</property>
						<visible>!String.IsEmpty(Window(home).Property(RecommendedMovie.2.Title))</visible>
					</item>
					<item id="3">
						<label>$INFO[Window(home).Property(RecommendedMovie.3.Title)]</label>
						<onclick>PlayList.Clear</onclick>
						<onclick>Dialog.Close(2125)</onclick>
						<onclick>PlayMedia($ESCINFO[Window(home).Property(RecommendedMovie.3.File)])</onclick>
						<icon>$INFO[Window(home).Property(RecommendedMovie.3.Art(poster))]</icon>
						<thumb>$INFO[Window(home).Property(RecommendedMovie.3.Art(fanart))]</thumb>
						<property name="Logo">$INFO[Window(home).Property(RecommendedMovie.3.Art(clearlogo))]</property>
						<property name="PercentPlayed">$INFO[Window(home).Property(RecommendedMovie.3.PercentPlayed)]</property>
						<visible>!String.IsEmpty(Window(home).Property(RecommendedMovie.3.Title))</visible>
					</item>
					<item id="4">
						<label>$INFO[Window(home).Property(RecommendedMovie.4.Title)]</label>
						<onclick>PlayList.Clear</onclick>
						<onclick>Dialog.Close(2125)</onclick>
						<onclick>PlayMedia($ESCINFO[Window(home).Property(RecommendedMovie.4.File)])</onclick>
						<icon>$INFO[Window(home).Property(RecommendedMovie.4.Art(poster))]</icon>
						<thumb>$INFO[Window(home).Property(RecommendedMovie.4.Art(fanart))]</thumb>
						<property name="Logo">$INFO[Window(home).Property(RecommendedMovie.4.Art(clearlogo))]</property>
						<property name="PercentPlayed">$INFO[Window(home).Property(RecommendedMovie.4.PercentPlayed)]</property>
						<visible>!String.IsEmpty(Window(home).Property(RecommendedMovie.4.Title))</visible>
					</item>
					<item id="5">
						<label>$INFO[Window(home).Property(RecommendedMovie.5.Title)]</label>
						<onclick>PlayList.Clear</onclick>
						<onclick>Dialog.Close(2125)</onclick>
						<onclick>PlayMedia($ESCINFO[Window(home).Property(RecommendedMovie.5.File)])</onclick>
						<icon>$INFO[Window(home).Property(RecommendedMovie.5.Art(poster))]</icon>
						<thumb>$INFO[Window(home).Property(RecommendedMovie.5.Art(fanart))]</thumb>
						<property name="Logo">$INFO[Window(home).Property(RecommendedMovie.5.Art(clearlogo))]</property>
						<property name="PercentPlayed">$INFO[Window(home).Property(RecommendedMovie.5.PercentPlayed)]</property>
						<visible>!String.IsEmpty(Window(home).Property(RecommendedMovie.5.Title))</visible>
					</item>
					<item id="6">
						<label>$INFO[Window(home).Property(RecommendedMovie.6.Title)]</label>
						<onclick>PlayList.Clear</onclick>
						<onclick>Dialog.Close(2125)</onclick>
						<onclick>PlayMedia($ESCINFO[Window(home).Property(RecommendedMovie.6.File)])</onclick>
						<icon>$INFO[Window(home).Property(RecommendedMovie.6.Art(poster))]</icon>
						<thumb>$INFO[Window(home).Property(RecommendedMovie.6.Art(fanart))]</thumb>
						<property name="Logo">$INFO[Window(home).Property(RecommendedMovie.6.Art(clearlogo))]</property>
						<property name="PercentPlayed">$INFO[Window(home).Property(RecommendedMovie.6.PercentPlayed)]</property>
						<visible>!String.IsEmpty(Window(home).Property(RecommendedMovie.6.Title))</visible>
					</item>
					<item id="7">
						<label>$INFO[Window(home).Property(RecommendedMovie.7.Title)]</label>
						<onclick>PlayList.Clear</onclick>
						<onclick>Dialog.Close(2125)</onclick>
						<onclick>PlayMedia($ESCINFO[Window(home).Property(RecommendedMovie.7.File)])</onclick>
						<icon>$INFO[Window(home).Property(RecommendedMovie.7.Art(poster))]</icon>
						<thumb>$INFO[Window(home).Property(RecommendedMovie.7.Art(fanart))]</thumb>
						<property name="Logo">$INFO[Window(home).Property(RecommendedMovie.7.Art(clearlogo))]</property>
						<property name="PercentPlayed">$INFO[Window(home).Property(RecommendedMovie.7.PercentPlayed)]</property>
						<visible>!String.IsEmpty(Window(home).Property(RecommendedMovie.7.Title))</visible>
					</item>
					<item id="8">
						<label>$INFO[Window(home).Property(RecommendedMovie.8.Title)]</label>
						<onclick>PlayList.Clear</onclick>
						<onclick>Dialog.Close(2125)</onclick>
						<onclick>PlayMedia($ESCINFO[Window(home).Property(RecommendedMovie.8.File)])</onclick>
						<icon>$INFO[Window(home).Property(RecommendedMovie.8.Art(poster))]</icon>
						<thumb>$INFO[Window(home).Property(RecommendedMovie.8.Art(fanart))]</thumb>
						<property name="Logo">$INFO[Window(home).Property(RecommendedMovie.8.Art(clearlogo))]</property>
						<property name="PercentPlayed">$INFO[Window(home).Property(RecommendedMovie.8.PercentPlayed)]</property>
						<visible>!String.IsEmpty(Window(home).Property(RecommendedMovie.8.Title))</visible>
					</item>
					<item id="9">
						<label>$INFO[Window(home).Property(RecommendedMovie.9.Title)]</label>
						<onclick>PlayList.Clear</onclick>
						<onclick>Dialog.Close(2125)</onclick>
						<onclick>PlayMedia($ESCINFO[Window(home).Property(RecommendedMovie.9.File)])</onclick>
						<icon>$INFO[Window(home).Property(RecommendedMovie.9.Art(poster))]</icon>
						<thumb>$INFO[Window(home).Property(RecommendedMovie.9.Art(fanart))]</thumb>
						<property name="Logo">$INFO[Window(home).Property(RecommendedMovie.9.Art(clearlogo))]</property>
						<property name="PercentPlayed">$INFO[Window(home).Property(RecommendedMovie.9.PercentPlayed)]</property>
						<visible>!String.IsEmpty(Window(home).Property(RecommendedMovie.9.Title))</visible>
					</item>
					<item id="10">
						<label>$INFO[Window(home).Property(RecommendedMovie.10.Title)]</label>
						<onclick>PlayList.Clear</onclick>
						<onclick>Dialog.Close(2125)</onclick>
						<onclick>PlayMedia($ESCINFO[Window(home).Property(RecommendedMovie.10.File)])</onclick>
						<icon>$INFO[Window(home).Property(RecommendedMovie.10.Art(poster))]</icon>
						<thumb>$INFO[Window(home).Property(RecommendedMovie.10.Art(fanart))]</thumb>
						<property name="Logo">$INFO[Window(home).Property(RecommendedMovie.10.Art(clearlogo))]</property>
						<property name="PercentPlayed">$INFO[Window(home).Property(RecommendedMovie.10.PercentPlayed)]</property>
						<visible>!String.IsEmpty(Window(home).Property(RecommendedMovie.10.Title))</visible>
					</item>
					<item id="11">
						<label>$INFO[Window(home).Property(RecommendedMovie.11.Title)]</label>
						<onclick>PlayList.Clear</onclick>
						<onclick>Dialog.Close(2125)</onclick>
						<onclick>PlayMedia($ESCINFO[Window(home).Property(RecommendedMovie.11.File)])</onclick>
						<icon>$INFO[Window(home).Property(RecommendedMovie.11.Art(poster))]</icon>
						<thumb>$INFO[Window(home).Property(RecommendedMovie.11.Art(fanart))]</thumb>
						<property name="Logo">$INFO[Window(home).Property(RecommendedMovie.11.Art(clearlogo))]</property>
						<property name="PercentPlayed">$INFO[Window(home).Property(RecommendedMovie.11.PercentPlayed)]</property>
						<visible>!String.IsEmpty(Window(home).Property(RecommendedMovie.11.Title))</visible>
					</item>
					<item id="12">
						<label>$INFO[Window(home).Property(RecommendedMovie.12.Title)]</label>
						<onclick>PlayList.Clear</onclick>
						<onclick>Dialog.Close(2125)</onclick>
						<onclick>PlayMedia($ESCINFO[Window(home).Property(RecommendedMovie.12.File)])</onclick>
						<icon>$INFO[Window(home).Property(RecommendedMovie.12.Art(poster))]</icon>
						<thumb>$INFO[Window(home).Property(RecommendedMovie.12.Art(fanart))]</thumb>
						<property name="Logo">$INFO[Window(home).Property(RecommendedMovie.12.Art(clearlogo))]</property>
						<property name="PercentPlayed">$INFO[Window(home).Property(RecommendedMovie.12.PercentPlayed)]</property>
						<visible>!String.IsEmpty(Window(home).Property(RecommendedMovie.12.Title))</visible>
					</item>
					<item id="13">
						<label>$INFO[Window(home).Property(RecommendedMovie.13.Title)]</label>
						<onclick>PlayList.Clear</onclick>
						<onclick>Dialog.Close(2125)</onclick>
						<onclick>PlayMedia($ESCINFO[Window(home).Property(RecommendedMovie.13.File)])</onclick>
						<icon>$INFO[Window(home).Property(RecommendedMovie.13.Art(poster))]</icon>
						<thumb>$INFO[Window(home).Property(RecommendedMovie.13.Art(fanart))]</thumb>
						<property name="Logo">$INFO[Window(home).Property(RecommendedMovie.13.Art(clearlogo))]</property>
						<property name="PercentPlayed">$INFO[Window(home).Property(RecommendedMovie.13.PercentPlayed)]</property>
						<visible>!String.IsEmpty(Window(home).Property(RecommendedMovie.13.Title))</visible>
					</item>
					<item id="14">
						<label>$INFO[Window(home).Property(RecommendedMovie.14.Title)]</label>
						<onclick>PlayList.Clear</onclick>
						<onclick>Dialog.Close(2125)</onclick>
						<onclick>PlayMedia($ESCINFO[Window(home).Property(RecommendedMovie.14.File)])</onclick>
						<icon>$INFO[Window(home).Property(RecommendedMovie.14.Art(poster))]</icon>
						<thumb>$INFO[Window(home).Property(RecommendedMovie.14.Art(fanart))]</thumb>
						<property name="Logo">$INFO[Window(home).Property(RecommendedMovie.14.Art(clearlogo))]</property>
						<property name="PercentPlayed">$INFO[Window(home).Property(RecommendedMovie.14.PercentPlayed)]</property>
						<visible>!String.IsEmpty(Window(home).Property(RecommendedMovie.14.Title))</visible>
					</item>
					<item id="15">
						<label>$INFO[Window(home).Property(RecommendedMovie.15.Title)]</label>
						<onclick>PlayList.Clear</onclick>
						<onclick>Dialog.Close(2125)</onclick>
						<onclick>PlayMedia($ESCINFO[Window(home).Property(RecommendedMovie.15.File)])</onclick>
						<icon>$INFO[Window(home).Property(RecommendedMovie.15.Art(poster))]</icon>
						<thumb>$INFO[Window(home).Property(RecommendedMovie.15.Art(fanart))]</thumb>
						<property name="Logo">$INFO[Window(home).Property(RecommendedMovie.15.Art(clearlogo))]</property>
						<property name="PercentPlayed">$INFO[Window(home).Property(RecommendedMovie.15.PercentPlayed)]</property>
						<visible>!String.IsEmpty(Window(home).Property(RecommendedMovie.15.Title))</visible>
					</item>
					<item id="16">
						<label>$INFO[Window(home).Property(RecommendedMovie.16.Title)]</label>
						<onclick>PlayList.Clear</onclick>
						<onclick>Dialog.Close(2125)</onclick>
						<onclick>PlayMedia($ESCINFO[Window(home).Property(RecommendedMovie.16.File)])</onclick>
						<icon>$INFO[Window(home).Property(RecommendedMovie.16.Art(poster))]</icon>
						<thumb>$INFO[Window(home).Property(RecommendedMovie.16.Art(fanart))]</thumb>
						<property name="Logo">$INFO[Window(home).Property(RecommendedMovie.16.Art(clearlogo))]</property>
						<property name="PercentPlayed">$INFO[Window(home).Property(RecommendedMovie.16.PercentPlayed)]</property>
						<visible>!String.IsEmpty(Window(home).Property(RecommendedMovie.16.Title))</visible>
					</item>
					<item id="17">
						<label>$INFO[Window(home).Property(RecommendedMovie.17.Title)]</label>
						<onclick>PlayList.Clear</onclick>
						<onclick>Dialog.Close(2125)</onclick>
						<onclick>PlayMedia($ESCINFO[Window(home).Property(RecommendedMovie.17.File)])</onclick>
						<icon>$INFO[Window(home).Property(RecommendedMovie.17.Art(poster))]</icon>
						<thumb>$INFO[Window(home).Property(RecommendedMovie.17.Art(fanart))]</thumb>
						<property name="Logo">$INFO[Window(home).Property(RecommendedMovie.17.Art(clearlogo))]</property>
						<property name="PercentPlayed">$INFO[Window(home).Property(RecommendedMovie.17.PercentPlayed)]</property>
						<visible>!String.IsEmpty(Window(home).Property(RecommendedMovie.17.Title))</visible>
					</item>
					<item id="18">
						<label>$INFO[Window(home).Property(RecommendedMovie.18.Title)]</label>
						<onclick>PlayList.Clear</onclick>
						<onclick>Dialog.Close(2125)</onclick>
						<onclick>PlayMedia($ESCINFO[Window(home).Property(RecommendedMovie.18.File)])</onclick>
						<icon>$INFO[Window(home).Property(RecommendedMovie.18.Art(poster))]</icon>
						<thumb>$INFO[Window(home).Property(RecommendedMovie.18.Art(fanart))]</thumb>
						<property name="Logo">$INFO[Window(home).Property(RecommendedMovie.18.Art(clearlogo))]</property>
						<property name="PercentPlayed">$INFO[Window(home).Property(RecommendedMovie.18.PercentPlayed)]</property>
						<visible>!String.IsEmpty(Window(home).Property(RecommendedMovie.18.Title))</visible>
					</item>
					<item id="19">
						<label>$INFO[Window(home).Property(RecommendedMovie.19.Title)]</label>
						<onclick>PlayList.Clear</onclick>
						<onclick>Dialog.Close(2125)</onclick>
						<onclick>PlayMedia($ESCINFO[Window(home).Property(RecommendedMovie.19.File)])</onclick>
						<icon>$INFO[Window(home).Property(RecommendedMovie.19.Art(poster))]</icon>
						<thumb>$INFO[Window(home).Property(RecommendedMovie.19.Art(fanart))]</thumb>
						<property name="Logo">$INFO[Window(home).Property(RecommendedMovie.19.Art(clearlogo))]</property>
						<property name="PercentPlayed">$INFO[Window(home).Property(RecommendedMovie.19.PercentPlayed)]</property>
						<visible>!String.IsEmpty(Window(home).Property(RecommendedMovie.19.Title))</visible>
					</item>
					<item id="20">
						<label>$INFO[Window(home).Property(RecommendedMovie.20.Title)]</label>
						<onclick>PlayList.Clear</onclick>
						<onclick>Dialog.Close(2125)</onclick>
						<onclick>PlayMedia($ESCINFO[Window(home).Property(RecommendedMovie.20.File)])</onclick>
						<icon>$INFO[Window(home).Property(RecommendedMovie.20.Art(poster))]</icon>
						<thumb>$INFO[Window(home).Property(RecommendedMovie.20.Art(fanart))]</thumb>
						<property name="Logo">$INFO[Window(home).Property(RecommendedMovie.20.Art(clearlogo))]</property>
						<property name="PercentPlayed">$INFO[Window(home).Property(RecommendedMovie.20.PercentPlayed)]</property>
						<visible>!String.IsEmpty(Window(home).Property(RecommendedMovie.20.Title))</visible>
					</item>
					<item id="21">
						<label>31252</label>
						<label2>31252</label2>
						<onclick>PreviousMenu</onclick>
						<icon>DefaultVideo.png</icon>
						<thumb>Fanart_Fallback_Small.jpg</thumb>
						<visible>String.IsEmpty(Window(home).Property(RecommendedMovie.1.Title))</visible>
					</item>
				</content>
			</control>
			<control type="scrollbar" id="61">
				<left>570</left>
				<top>65</top>
				<width>25</width>
				<height>464</height>
				<texturesliderbackground border="0,14,0,14">ScrollBarV.png</texturesliderbackground>
				<texturesliderbar border="0,14,0,14">ScrollBarV_bar.png</texturesliderbar>
				<texturesliderbarfocus border="0,14,0,14" colordiffuse="$VAR[MainColorOne]">ScrollBarV_bar_focus.png</texturesliderbarfocus>
				<textureslidernib colordiffuse="$VAR[MainColorOne]">ScrollBarNib.png</textureslidernib>
				<textureslidernibfocus colordiffuse="$VAR[MainColorOne]">ScrollBarNib.png</textureslidernibfocus>
				<onleft>450</onleft>
				<onright>90</onright>
				<ondown>61</ondown>
				<onup>61</onup>
				<showonepage>false</showonepage>
				<orientation>vertical</orientation>
				<visible>Control.IsVisible(450)</visible>
			</control>
			<control type="group">
				<control type="label">
					<description>number of files/pages in list text label</description>
					<left>592</left>
					<top>490</top>
					<width>240</width>
					<height>35</height>
					<font>font12</font>
					<align>center</align>
					<aligny>center</aligny>
					<textcolor>grey</textcolor>
					<label>([COLOR=$VAR[MainColorOne]]$INFO[Container(450).NumItems][/COLOR]) $LOCALIZE[31025] - $LOCALIZE[31024] ([COLOR=$VAR[MainColorOne]]$INFO[Container(450).CurrentPage]/$INFO[Container(450).NumPages][/COLOR])</label>
				</control>
				<control type="grouplist" id="90">
					<left>612</left>
					<top>100</top>
					<onleft>450</onleft>
					<onright>450</onright>
					<control type="button" id="7">
						<description>Cancel button</description>
						<width>200</width>
						<height>40</height>
						<label>222</label>
						<font>font12_title</font>
						<textcolor>white</textcolor>
						<focusedcolor>white</focusedcolor>
						<align>center</align>
						<onclick>PreviousMenu</onclick>
					</control>
					<control type="image">
						<width>1</width>
						<height>150</height>
						<texture></texture>
					</control>
					<control type="image">
						<width>216</width>
						<height>200</height>
						<align>center</align>
						<aspectratio align="center">stretch</aspectratio>
						<fadetime>IconCrossfadeTime</fadetime>
						<texture fallback="Fanart_Fallback_Small.jpg" diffuse="episodematte.png">$INFO[Container(450).ListItem.Icon]</texture>
						<bordertexture border="8">ThumbShadow.png</bordertexture>
						<bordersize>8</bordersize>
					</control>
				</control>
			</control>
		</control>
	</controls>
</window>