<?xml version="1.0" encoding="utf-8"?>
<window type="dialog" id="2129">
	<defaultcontrol always="true">10</defaultcontrol>
	<coordinates>
		<left>335</left>
		<top>230</top>
	</coordinates>
	<include>dialogeffect</include>
	<controls>
		<control type="image">
			<left>0</left>
			<top>0</top>
			<width>610</width>
			<height>240</height>
			<texture border="40">DialogBack.png</texture>
		</control>
		<control type="image">
			<description>Dialog Header image</description>
			<left>40</left>
			<top>16</top>
			<width>530</width>
			<height>40</height>
			<texture>dialogheader.png</texture>
		</control>
		<control type="label" id="1">
			<description>header label</description>
			<left>40</left>
			<top>20</top>
			<width>530</width>
			<height>30</height>
			<font>font13_title</font>
			<label>$LOCALIZE[31041]</label>
			<align>center</align>
			<aligny>center</aligny>
			<textcolor>selected</textcolor>
			<shadowcolor>black</shadowcolor>
		</control>
		<control type="button">
			<description>Close Window button</description>
			<left>520</left>
			<top>15</top>
			<width>64</width>
			<height>32</height>
			<label></label>
			<onclick>PreviousMenu</onclick>
			<texturefocus colordiffuse="$VAR[MainColorOne]">DialogCloseButton-focus.png</texturefocus>
			<texturenofocus>DialogCloseButton.png</texturenofocus>
			<onleft>10</onleft>
			<onright>10</onright>
			<onup>10</onup>
			<ondown>10</ondown>
			<visible>system.getbool(input.enablemouse)</visible>
		</control>
		<control type="label" id="2">
			<description>dialog line 1</description>
			<left>30</left>
			<top>85</top>
			<width>550</width>
			<height>30</height>
			<align>center</align>
			<aligny>center</aligny>
			<label>$LOCALIZE[31036]</label>
			<font>font13</font>
		</control>
		<control type="button" id="10">
			<description>OK button</description>
			<left>205</left>
			<top>175</top>
			<width>200</width>
			<height>40</height>
			<label>186</label>
			<font>font12_title</font>
			<textcolor>white</textcolor>
			<focusedcolor>white</focusedcolor>
			<align>center</align>
			<onclick>Dialog.Close(2129)</onclick>
			<onclick condition="Window.IsVisible(2114)">Dialog.Close(2114)</onclick>
			<onclick condition="Window.IsVisible(2115)">Dialog.Close(2115)</onclick>
			<onclick>Skin.Reset(UsrSelectAddon)</onclick>
			<onclick>ClearProperty(UsrSelectBtn,Home)</onclick>
			<onclick>ActivateWindow(SkinSettings)</onclick>
			<onleft>10</onleft>
			<onright>10</onright>
			<onup>10</onup>
			<ondown>10</ondown>
		</control>
	</controls>
</window>