<?xml version="1.0" encoding="UTF-8"?>
<window>
	<defaultcontrol always="true">9000</defaultcontrol>
	<coordinates>
		<left>130</left>
		<top>0</top>
	</coordinates>
	<include>dialogeffect</include>
	<depth>DepthDialog+</depth>
	<controls>
		<control type="group">
			<visible>!Window.IsVisible(FileBrowser)</visible>
			<control type="image">
				<description>background image</description>
				<left>0</left>
				<top>0</top>
				<width>1020</width>
				<height>720</height>
				<texture border="40">$VAR[SelectBack]</texture>
			</control>
			<control type="image">
				<description>Dialog Header image</description>
				<left>40</left>
				<top>16</top>
				<width>940</width>
				<height>40</height>
				<texture>dialogheader.png</texture>
			</control>
			<control type="label" id="1">
				<description>header label</description>
				<left>40</left>
				<top>20</top>
				<width>940</width>
				<height>30</height>
				<font>font13_title</font>
				<label>$INFO[Listitem.Title]</label>
				<align>center</align>
				<aligny>center</aligny>
				<textcolor>selected</textcolor>
				<shadowcolor>black</shadowcolor>
			</control>
			<control type="button">
				<description>Close Window button</description>
				<left>930</left>
				<top>15</top>
				<width>64</width>
				<height>32</height>
				<label></label>
				<font></font>
				<onclick>PreviousMenu</onclick>
				<texturefocus colordiffuse="$VAR[MainColorOne]">DialogCloseButton-focus.png</texturefocus>
				<texturenofocus>DialogCloseButton.png</texturenofocus>
				<onleft>450</onleft>
				<onright>450</onright>
				<onup>450</onup>
				<ondown>450</ondown>
				<visible>system.getbool(input.enablemouse)</visible>
			</control>
			<control type="group">
				<animation effect="fade" delay="300" start="0" end="100" time="150">WindowOpen</animation>
				<animation effect="fade" start="100" end="0" time="150">WindowClose</animation>
				<control type="group">
					<top>90</top>
					<left>40</left>
					<include>VisibleFadeEffect</include>
					<control type="image">
						<left>0</left>
						<top>0</top>
						<width>270</width>
						<height>270</height>
						<aspectratio>keep</aspectratio>
						<bordertexture border="5">button-nofocus.png</bordertexture>
						<bordersize>4</bordersize>
						<texture background="true">$INFO[ListItem.Icon]</texture>
					</control>
					<control type="list" id="49">
						<left>280</left>
						<top>0</top>
						<width>660</width>
						<height>270</height>
						<onleft>49</onleft>
						<onright>49</onright>
						<onup>9000</onup>
						<ondown>50</ondown>
						<pagecontrol></pagecontrol>
						<scrolltime>200</scrolltime>
						<itemlayout height="30">
							<control type="label">
								<left>0</left>
								<top>0</top>
								<width>140</width>
								<height>30</height>
								<font>font13</font>
								<align>right</align>
								<aligny>center</aligny>
								<textcolor>$VAR[MainColorOne]</textcolor>
								<selectedcolor>selected</selectedcolor>
								<info>ListItem.Label</info>
							</control>
							<control type="label">
								<left>150</left>
								<top>0</top>
								<width>505</width>
								<height>30</height>
								<font>font13</font>
								<align>left</align>
								<aligny>center</aligny>
								<textcolor>white</textcolor>
								<selectedcolor>white</selectedcolor>
								<info>ListItem.Label2</info>
							</control>
						</itemlayout>
						<focusedlayout height="30">
							<control type="image">
								<left>0</left>
								<top>0</top>
								<width>660</width>
								<height>30</height>
								<visible>Control.HasFocus(49)</visible>
								<texture colordiffuse="$VAR[MainColorOne]">$VAR[SelectMenuItem]</texture>
								<include>VisibleFadeEffect</include>
							</control>
							<control type="label">
								<left>0</left>
								<top>0</top>
								<width>140</width>
								<height>30</height>
								<font>font13</font>
								<align>right</align>
								<aligny>center</aligny>
								<textcolor>$VAR[MainColorOne]</textcolor>
								<selectedcolor>selected</selectedcolor>
								<info>ListItem.Label</info>
							</control>
							<control type="label">
								<left>150</left>
								<top>0</top>
								<width>505</width>
								<height>30</height>
								<font>font13</font>
								<align>left</align>
								<aligny>center</aligny>
								<textcolor>white</textcolor>
								<selectedcolor>white</selectedcolor>
								<info>ListItem.Label2</info>
							</control>
						</focusedlayout>
						<content>
							<include condition="String.IsEqual(ListItem.DBTYPE,artist)">MusicInfoArtistInfo</include>
							<include condition="String.IsEqual(ListItem.DBTYPE,album)">MusicInfoAlbumInfo</include>
							<include condition="String.IsEqual(ListItem.DBTYPE,song)">MusicInfoSongInfo</include>
						</content>
					</control>
				</control>
				<control type="image">
					<left>40</left>
					<top>368</top>
					<width>980</width>
					<height>4</height>
					<aspectratio>stretch</aspectratio>
					<texture>separator.png</texture>
				</control>
				<control type="textbox">
					<description>Description</description>
					<left>40</left>
					<top>375</top>
					<width>980</width>
					<height>122</height>
					<label>$VAR[MusicInfoLabel]</label>
					<font>font13</font>
					<align>justify</align>
					<textcolor>white</textcolor>
					<autoscroll time="3000" delay="4000" repeat="5000">Skin.HasSetting(AutoScroll)</autoscroll>
				</control>
				<control type="image">
					<left>40</left>
					<top>512</top>
					<width>980</width>
					<height>4</height>
					<aspectratio>stretch</aspectratio>
					<texture>separator.png</texture>
					<visible>String.IsEqual(ListItem.DBTYPE,song)</visible>
				</control>
				<control type="image">
					<description>Thumb</description>
					<left>40</left>
					<top>520</top>
					<width>120</width>
					<height>120</height>
					<texture>$VAR[MusicInfoListThumb]</texture>
					<aspectratio>keep</aspectratio>
				</control>
				<include content="MusicInfoPanel" condition="String.IsEqual(ListItem.DBTYPE,artist) | String.IsEqual(ListItem.DBTYPE,album) | String.IsEqual(ListItem.DBTYPE,song)">
					<param name="panel-left" value="170"/>
					<param name="panel-width" value="810"/>
					<param name="item-width" value="405"/>
					<param name="label-width" value="385"/>
				</include>
				<control type="grouplist" id="9000">
					<left>40</left>
					<top>660</top>
					<width>980</width>
					<height>40</height>
					<itemgap>2</itemgap>
					<align>center</align>
					<orientation>horizontal</orientation>
					<onleft>9000</onleft>
					<onright>9000</onright>
					<onup>50</onup>
					<ondown>49</ondown>
					<control type="button" id="6">
						<description>Refresh</description>
						<include>ButtonInfoDialogsCommonValues</include>
						<label></label>
					</control>
					<control type="button" id="10">
						<description>Get Thumb</description>
						<include>ButtonInfoDialogsCommonValues</include>
						<label></label>
					</control>
					<control type="button" id="12">
						<description>Get Fanart / Album info</description>
						<include>ButtonInfoDialogsCommonValues</include>
						<label></label>
					</control>
					<control type="button" id="7">
						<description>Set my rating</description>
						<include>ButtonInfoDialogsCommonValues</include>
						<label></label>
					</control>
				</control>
			</control>
		</control>
	</controls>
</window>
