<?xml version="1.0" encoding="UTF-8"?>
<window>
	<defaultcontrol always="true">9000</defaultcontrol>
	<include condition="!Skin.HasSetting(InitialSetUpRun)">DefaultInitialSetup</include>
	<include condition="!Skin.HasSetting(Updates_V312)">UpdatesV312</include>
	<include condition="!Skin.HasSetting(Updates_V314)">UpdatesV314</include>
	<include condition="!Skin.HasSetting(Updates_V320)">UpdatesV320</include>
	<include condition="!Skin.HasSetting(Updates_V335)">UpdatesV335</include>
	<include condition="!Skin.HasSetting(Updates_V337)">UpdatesV337</include>
	<onload condition="!String.IsEmpty(Window(Home).Property(MenuItemSelected))">ClearProperty(MenuItemSelected,Home)</onload>
	<onload condition="!String.IsEmpty(Window(Home).Property(MenuItemActive))">ClearProperty(MenuItemActive,Home)</onload>
	<onload condition="!String.IsEmpty(Window(Home).Property(SubMenuBackground))">ClearProperty(SubMenuBackground,Home)</onload>
	<onload condition="!String.IsEmpty(Window(Home).Property(MenuBackground))">ClearProperty(MenuBackground,Home)</onload>
	<onload condition="Skin.HasSetting(HolidayEffects) + System.Date(1-6,11-23)">Skin.Reset(HolidayEffects)</onload>
	<onload condition="String.IsEmpty(Window.Property(PingAlarmSet)) + Skin.HasSetting(EnablePingWOL) + Skin.String(WOLPingTimer) + Skin.String(PingMacAddr)">AlarmClock(WOLPingAlarm,WakeOnLan($INFO[Skin.String(PingMacAddr)]),$INFO[Skin.String(WOLPingTimer)]:00,silent,loop)</onload>
	<onload condition="Skin.HasSetting(EnablePingWOL) + Skin.String(WOLPingTimer) + Skin.String(PingMacAddr)">SetProperty(PingAlarmSet,1)</onload>
	<onload condition="System.HasAddon(script.favourites)">RunScript(script.favourites)</onload>
	<onload condition="String.IsEmpty(Skin.String(WeatherFanartDir))">Skin.SetString(WeatherFanartDir,special://skin/extras/Weather/)</onload>
	<onload condition="!Skin.HasSetting(DisableSlideShowArt) + String.IsEmpty(Window.Property(ArtistSlideshowRunning))">RunScript(script.artistslideshow, daemon=True)</onload>
	<onload condition="!Skin.HasSetting(DisableScriptPlaylist) + Library.HasContent(Movies)">RunScript(script.randomandlastitems,type=Movie,limit=12,method=Random,playlist=special://skin/extras/Playlists/UnwatchedMovies.xsp,menu=UnWatched)</onload>
	<onload condition="!Skin.HasSetting(DisableScriptPlaylist) + [Skin.String(HomeItem.1.Type,VideoPlayList) | Skin.String(HomeItem.1.Type,MusicPlayList)]">RunScript(script.randomandlastitems,playlist=$INFO[Skin.String(HomeItem.1.Playlist)],method=$VAR[PlaylistSortOrder],limit=12,unwatched=False,resume=False,property=HomePlaylistOne)</onload>
	<onload condition="!Skin.HasSetting(DisableScriptPlaylist) + [Skin.String(HomeItem.2.Type,VideoPlayList) | Skin.String(HomeItem.2.Type,MusicPlayList)]">RunScript(script.randomandlastitems,playlist=$INFO[Skin.String(HomeItem.2.Playlist)],method=$VAR[PlaylistSortOrder],limit=12,unwatched=False,resume=False,property=HomePlaylistTwo)</onload>
	<onload condition="!Skin.HasSetting(DisableScriptPlaylist) + [Skin.String(HomeItem.3.Type,VideoPlayList) | Skin.String(HomeItem.3.Type,MusicPlayList)]">RunScript(script.randomandlastitems,playlist=$INFO[Skin.String(HomeItem.3.Playlist)],method=$VAR[PlaylistSortOrder],limit=12,unwatched=False,resume=False,property=HomePlaylistThree)</onload>
	<onload condition="!Skin.HasSetting(DisableScriptPlaylist) + [Skin.String(HomeItem.4.Type,VideoPlayList) | Skin.String(HomeItem.4.Type,MusicPlayList)]">RunScript(script.randomandlastitems,playlist=$INFO[Skin.String(HomeItem.4.Playlist)],method=$VAR[PlaylistSortOrder],limit=12,unwatched=False,resume=False,property=HomePlaylistFour)</onload>
	<onload condition="!Skin.HasSetting(DisableScriptPlaylist) + [Skin.String(HomeItem.5.Type,VideoPlayList) | Skin.String(HomeItem.5.Type,MusicPlayList)]">RunScript(script.randomandlastitems,playlist=$INFO[Skin.String(HomeItem.5.Playlist)],method=$VAR[PlaylistSortOrder],limit=12,unwatched=False,resume=False,property=HomePlaylistFive)</onload>
	<onload condition="!Skin.HasSetting(DisableScriptPlaylist) + [Skin.String(HomeItem.6.Type,VideoPlayList) | Skin.String(HomeItem.6.Type,MusicPlayList)]">RunScript(script.randomandlastitems,playlist=$INFO[Skin.String(HomeItem.6.Playlist)],method=$VAR[PlaylistSortOrder],limit=12,unwatched=False,resume=False,property=HomePlaylistSix)</onload>
	<onload condition="!Skin.HasSetting(DisableScriptPlaylist) + [Skin.String(HomeItem.7.Type,VideoPlayList) | Skin.String(HomeItem.7.Type,MusicPlayList)]">RunScript(script.randomandlastitems,playlist=$INFO[Skin.String(HomeItem.7.Playlist)],method=$VAR[PlaylistSortOrder],limit=12,unwatched=False,resume=False,property=HomePlaylistSeven)</onload>
	<onload condition="!Skin.HasSetting(DisableScriptPlaylist) + [Skin.String(HomeItem.8.Type,VideoPlayList) | Skin.String(HomeItem.8.Type,MusicPlayList)]">RunScript(script.randomandlastitems,playlist=$INFO[Skin.String(HomeItem.8.Playlist)],method=$VAR[PlaylistSortOrder],limit=12,unwatched=False,resume=False,property=HomePlaylistEight)</onload>
	<onload condition="!Skin.HasSetting(DisableScriptPlaylist) + [Skin.String(HomeItem.9.Type,VideoPlayList) | Skin.String(HomeItem.9.Type,MusicPlayList)]">RunScript(script.randomandlastitems,playlist=$INFO[Skin.String(HomeItem.9.Playlist)],method=$VAR[PlaylistSortOrder],limit=12,unwatched=False,resume=False,property=HomePlaylistNine)</onload>
	<onload condition="!Skin.HasSetting(DisableScriptPlaylist) + [Skin.String(HomeItem.10.Type,VideoPlayList) | Skin.String(HomeItem.10.Type,MusicPlayList)]">RunScript(script.randomandlastitems,playlist=$INFO[Skin.String(HomeItem.10.Playlist)],method=$VAR[PlaylistSortOrder],limit=12,unwatched=False,resume=False,property=HomePlaylistTen)</onload>
	<onload condition="!Skin.HasSetting(DisableScriptPlaylist) + [Skin.String(HomeItem.11.Type,VideoPlayList) | Skin.String(HomeItem.11.Type,MusicPlayList)]">RunScript(script.randomandlastitems,playlist=$INFO[Skin.String(HomeItem.11.Playlist)],method=$VAR[PlaylistSortOrder],limit=12,unwatched=False,resume=False,property=HomePlaylistEleven)</onload>
	<onload condition="!Skin.HasSetting(DisableScriptPlaylist) + [Skin.String(HomeItem.12.Type,VideoPlayList) | Skin.String(HomeItem.12.Type,MusicPlayList)]">RunScript(script.randomandlastitems,playlist=$INFO[Skin.String(HomeItem.12.Playlist)],method=$VAR[PlaylistSortOrder],limit=12,unwatched=False,resume=False,property=HomePlaylistTwelve)</onload>
	<onload condition="!Skin.HasSetting(DisableScriptPlaylist) + [Skin.String(HomeItem.13.Type,VideoPlayList) | Skin.String(HomeItem.13.Type,MusicPlayList)]">RunScript(script.randomandlastitems,playlist=$INFO[Skin.String(HomeItem.13.Playlist)],method=$VAR[PlaylistSortOrder],limit=12,unwatched=False,resume=False,property=HomePlaylistThirteen)</onload>
	<onload condition="!Skin.HasSetting(DisableScriptPlaylist) + [Skin.String(HomeItem.14.Type,VideoPlayList) | Skin.String(HomeItem.14.Type,MusicPlayList)]">RunScript(script.randomandlastitems,playlist=$INFO[Skin.String(HomeItem.14.Playlist)],method=$VAR[PlaylistSortOrder],limit=12,unwatched=False,resume=False,property=HomePlaylistFourteen)</onload>
	<onload condition="!Skin.HasSetting(DisableScriptPlaylist) + [Skin.String(HomeItem.15.Type,VideoPlayList) | Skin.String(HomeItem.15.Type,MusicPlayList)]">RunScript(script.randomandlastitems,playlist=$INFO[Skin.String(HomeItem.15.Playlist)],method=$VAR[PlaylistSortOrder],limit=12,unwatched=False,resume=False,property=HomePlaylistFifteen)</onload>
	<onload condition="!String.IsEmpty(Weather.Plugin) + !Weather.IsFetched">Weather.Refresh</onload>
	<onload condition="String.IsEmpty(Window.Property(ReturnHome))">Control.Move(9000,$INFO[Skin.String(InitialMenuItem)])</onload>
	<onload condition="String.IsEmpty(Window.Property(ReturnHome))">SetProperty(ReturnHome,True)</onload>
	<onunload condition="Container(9000).Hasfocus(10) | Container(9000).Hasfocus(11) | ControlGroup(9010).HasFocus | ControlGroup(9016).HasFocus | ControlGroup(9017).HasFocus">SetProperty(VideosDirectLink,True)</onunload>
	<onunload condition="ControlGroup(9011).HasFocus">SetProperty(MusicDirectLink,True)</onunload>
	<onunload condition="Control.HasFocus(9000) + Container(9000).Hasfocus(2)">ClearProperty(VideosDirectLink)</onunload>
	<onunload condition="Control.HasFocus(9000) + Container(9000).Hasfocus(3)">ClearProperty(MusicDirectLink)</onunload>
	<controls>
		<include condition="Skin.HasSetting(EnableHomeStats)">VideoNodeStatsList</include>
		<include>CommonBackground</include>
		<include condition="Skin.HasSetting(EnableRainDropEffect) | Skin.HasSetting(HolidayEffects)">AnimatedBackgroundEffect</include>
		<control type="image">
			<depth>DepthFloor</depth>
			<left>-20</left>
			<top></top>
			<bottom>0</bottom>
			<width>1320</width>
			<height>90</height>
			<texture>floor.png</texture>
			<animation effect="rotatex" end="45" time="0" center="620,0" condition="true">Conditional</animation>
			<animation effect="slide" time="200" condition="Window.Previous(Home)">WindowOpen</animation>
			<animation effect="slide" time="200" condition="Window.Next(Home)">WindowClose</animation>
			<include condition="!String.IsEmpty(Skin.String(HomeTrans))">HomeTransparentEffect</include>
			<animation effect="fade" start="100" end="65" time="0" condition="String.IsEmpty(Skin.String(HomeTrans)) + Skin.String(HomeFloor,Transparent)">Conditional</animation>
			<visible>!String.IsEmpty(Skin.String(HomeFloor))</visible>
		</control>
		<include>TopLeftInfo</include>
		<!-- Music Info -->
		<control type="group">
			<depth>DepthMenu</depth>
			<left>0</left>
			<top>60</top>
			<visible>Player.HasAudio + !Skin.HasSetting(HideNowPlayingInfo)</visible>
			<include>VisibleFadeEffect</include>
			<include>Window_OpenClose_Animation</include>
			<animation effect="slide" start="0,0" end="0,-30" time="0" condition="!String.IsEmpty(Skin.String(MenuLAF))">Conditional</animation>
			<animation effect="slide" start="0,0" end="0,160" time="0" condition="Skin.HasSetting(LowerMainMenuBar)">Conditional</animation>
			<control type="image">
				<description>Cover image</description>
				<left>20</left>
				<top>45</top>
				<width>130</width>
				<height>295</height>
				<aspectratio aligny="bottom">keep</aspectratio>
				<texture fallback="DefaultAlbumCover.png">$INFO[Player.Art(thumb)]</texture>
				<bordertexture border="8">ThumbBorder.png</bordertexture>
				<bordersize>5</bordersize>
			</control>
			<control type="label">
				<description>Album Label</description>
				<left>170</left>
				<top>265</top>
				<height>25</height>
				<width>1000</width>
				<label>$INFO[MusicPlayer.Artist,, - ]$INFO[MusicPlayer.Album]$INFO[musicplayer.discnumber, - $LOCALIZE[427]:]</label>
				<align>left</align>
				<aligny>center</aligny>
				<font>font12</font>
				<textcolor>white</textcolor>
				<shadowcolor>black</shadowcolor>
			</control>
			<control type="label">
				<description>Title label</description>
				<left>170</left>
				<top>285</top>
				<height>30</height>
				<width>1000</width>
				<label>$INFO[Player.Title]</label>
				<align>left</align>
				<aligny>center</aligny>
				<font>font13_title</font>
				<textcolor>white</textcolor>
				<shadowcolor>black</shadowcolor>
			</control>
			<control type="label">
				<description>Time Label</description>
				<left>170</left>
				<top>310</top>
				<height>30</height>
				<width>300</width>
				<label>$INFO[Player.Time][COLOR=$VAR[MainColorOne]] / [/COLOR]$INFO[Player.Duration]</label>
				<align>left</align>
				<aligny>center</aligny>
				<font>font12</font>
				<textcolor>white</textcolor>
				<shadowcolor>black</shadowcolor>
			</control>
		</control>
		<!-- LiveTV Info -->
		<control type="group">
			<depth>DepthMenu</depth>
			<left>490r</left>
			<top>70</top>
			<visible>String.IsEqual(Container(9000).ListItem.Property(WidgetSet),None)</visible>
			<visible>!Skin.HasSetting(HideTVRecordingInfo)</visible>
			<include>VisibleFadeEffect</include>
			<include>Window_OpenClose_Animation</include>
			<animation effect="fade" start="100" end="0" time="150" condition="Window.IsActive(Favourites)">conditional</animation>
			<control type="group">
				<animation effect="slide" start="0,0" end="0,100" time="0" condition="PVR.IsRecording">conditional</animation>
				<visible>PVR.HasNonRecordingTimer</visible>
				<control type="image">
					<left>0</left>
					<top>-5</top>
					<width>490</width>
					<height>90</height>
					<texture>gradient.png</texture>
				</control>
				<control type="image">
					<left>400</left>
					<top>0</top>
					<width>80</width>
					<height>80</height>
					<aspectratio>keep</aspectratio>
					<texture background="true" fallback="DefaultVideoCover.png">$INFO[PVR.NextRecordingChannelIcon]</texture>
					<bordertexture border="8">ThumbBorder.png</bordertexture>
					<bordersize>4</bordersize>
				</control>
				<control type="image">
					<left>365</left>
					<top>5</top>
					<width>25</width>
					<height>25</height>
					<aspectratio>keep</aspectratio>
					<texture>PVR-HasTimer.png</texture>
				</control>
				<control type="label">
					<description>Next Timer Header label</description>
					<left>-45</left>
					<top>5</top>
					<height>25</height>
					<width>400</width>
					<label>$LOCALIZE[19157]</label>
					<align>right</align>
					<aligny>center</aligny>
					<font>font12_title</font>
					<textcolor>$VAR[MainColorOne]</textcolor>
					<shadowcolor>black</shadowcolor>
				</control>
				<control type="label">
					<description>NextRecordingDateTime</description>
					<left>-10</left>
					<top>30</top>
					<height>25</height>
					<width>400</width>
					<label>$INFO[PVR.NextRecordingDateTime,$LOCALIZE[19126] - ]</label>
					<align>right</align>
					<aligny>center</aligny>
					<font>font12</font>
					<scroll>true</scroll>
					<shadowcolor>black</shadowcolor>
				</control>
				<control type="label">
					<description>NextRecordingTitle Channel</description>
					<left>-410</left>
					<top>50</top>
					<height>25</height>
					<width>800</width>
					<label>$INFO[PVR.NextRecordingTitle][COLOR=grey]$INFO[PVR.NextRecordingChannel, - [COLOR=grey3]([/COLOR],[COLOR=grey3])[/COLOR]][/COLOR]</label>
					<align>right</align>
					<aligny>center</aligny>
					<font>font12_title</font>
					<shadowcolor>black</shadowcolor>
					<scroll>true</scroll>
				</control>
			</control>
			<control type="group">
				<visible>PVR.IsRecording</visible>
				<control type="image">
					<left>0</left>
					<top>-5</top>
					<width>490</width>
					<height>90</height>
					<texture>gradient.png</texture>
				</control>
				<control type="image">
					<left>400</left>
					<top>0</top>
					<width>80</width>
					<height>80</height>
					<aspectratio>keep</aspectratio>
					<texture background="true" fallback="DefaultVideoCover.png">$INFO[PVR.NowRecordingChannelIcon]</texture>
					<bordertexture border="8">ThumbBorder.png</bordertexture>
					<bordersize>4</bordersize>
				</control>
				<control type="image">
					<left>365</left>
					<top>5</top>
					<width>25</width>
					<height>25</height>
					<aspectratio>keep</aspectratio>
					<texture>PVR-IsRecording.png</texture>
				</control>
				<control type="label">
					<description>Is Recording Header label</description>
					<left>-45</left>
					<top>5</top>
					<height>25</height>
					<width>400</width>
					<label>$LOCALIZE[19158]</label>
					<align>right</align>
					<aligny>center</aligny>
					<font>font12_title</font>
					<textcolor>$VAR[MainColorOne]</textcolor>
					<shadowcolor>black</shadowcolor>
				</control>
				<control type="label">
					<description>NextRecordingDateTime</description>
					<left>-10</left>
					<top>30</top>
					<height>25</height>
					<width>400</width>
					<label>$INFO[PVR.NowRecordingDateTime,$LOCALIZE[19126] - ]</label>
					<align>right</align>
					<aligny>center</aligny>
					<font>font12</font>
					<scroll>true</scroll>
					<shadowcolor>black</shadowcolor>
				</control>
				<control type="label">
					<description>NextRecordingTitle Channel</description>
					<left>-410</left>
					<top>50</top>
					<height>30</height>
					<width>800</width>
					<label>$INFO[PVR.NowRecordingTitle][COLOR=grey]$INFO[PVR.NowRecordingChannel, - [COLOR=grey3]([/COLOR],[COLOR=grey3])[/COLOR]][/COLOR]</label>
					<align>right</align>
					<aligny>center</aligny>
					<font>font12_title</font>
					<shadowcolor>black</shadowcolor>
					<scroll>true</scroll>
				</control>
			</control>
		</control>
		<!-- Video Info -->
		<control type="group">
			<depth>DepthMenu</depth>
			<left>0</left>
			<top>50</top>
			<visible>Player.HasVideo + !Skin.HasSetting(HideNowPlayingInfo)</visible>
			<include>VisibleFadeEffect</include>
			<include>Window_OpenClose_Animation</include>
			<animation effect="slide" start="0,0" end="0,-30" time="0" condition="!String.IsEmpty(Skin.String(MenuLAF))">Conditional</animation>
			<animation effect="slide" start="0,0" end="0,160" time="0" condition="Skin.HasSetting(LowerMainMenuBar)">Conditional</animation>
			<control type="group">
				<visible>!VideoPlayer.Content(Movies) + !VideoPlayer.Content(Episodes) + !VideoPlayer.Content(LiveTV)</visible>
				<control type="image">
					<description>Cover image</description>
					<left>20</left>
					<top>45</top>
					<width>150</width>
					<height>300</height>
					<aspectratio aligny="bottom">keep</aspectratio>
					<texture fallback="DefaultVideoCover.png">$VAR[StreamingVideoIcon]</texture>
					<bordertexture border="8">ThumbBorder.png</bordertexture>
					<bordersize>5</bordersize>
				</control>
				<control type="label">
					<description>Title label</description>
					<left>190</left>
					<top>285</top>
					<height>30</height>
					<width>1000</width>
					<label>$VAR[VideoNowPlaying]</label>
					<align>left</align>
					<aligny>center</aligny>
					<font>font13_title</font>
					<textcolor>white</textcolor>
					<shadowcolor>black</shadowcolor>
				</control>
				<control type="label">
					<description>Time Label</description>
					<left>190</left>
					<top>310</top>
					<height>30</height>
					<width>300</width>
					<label>$INFO[Player.Time]$INFO[Player.Duration,[COLOR=grey3] / [/COLOR]]</label>
					<align>left</align>
					<aligny>center</aligny>
					<font>font12</font>
					<textcolor>white</textcolor>
					<shadowcolor>black</shadowcolor>
				</control>
			</control>
			<control type="group">
				<visible>VideoPlayer.Content(LiveTV)</visible>
				<control type="image">
					<description>Cover image</description>
					<left>20</left>
					<top>45</top>
					<width>120</width>
					<height>300</height>
					<aspectratio aligny="bottom">keep</aspectratio>
					<texture fallback="DefaultVideoCover.png">$INFO[Player.Art(thumb)]</texture>
					<bordertexture border="8">ThumbBorder.png</bordertexture>
					<bordersize>5</bordersize>
				</control>
				<control type="label">
					<description>Channel label</description>
					<left>160</left>
					<top>265</top>
					<height>25</height>
					<width>660</width>
					<label>$INFO[VideoPlayer.ChannelName]</label>
					<align>left</align>
					<aligny>center</aligny>
					<font>font12</font>
					<textcolor>white</textcolor>
					<shadowcolor>black</shadowcolor>
				</control>
				<control type="label">
					<description>Title label</description>
					<left>160</left>
					<top>285</top>
					<height>30</height>
					<width>1000</width>
					<label>$INFO[Player.Title]</label>
					<align>left</align>
					<aligny>center</aligny>
					<font>font13_title</font>
					<textcolor>white</textcolor>
					<shadowcolor>black</shadowcolor>
				</control>
				<control type="label">
					<description>Time Label</description>
					<left>160</left>
					<top>310</top>
					<height>30</height>
					<width>300</width>
					<label>$INFO[Player.Time]$INFO[Player.Duration,[COLOR=grey3] / [/COLOR]]</label>
					<align>left</align>
					<aligny>center</aligny>
					<font>font12</font>
					<textcolor>white</textcolor>
					<shadowcolor>black</shadowcolor>
				</control>
			</control>
			<control type="group">
				<visible>VideoPlayer.Content(Movies)</visible>
				<control type="image">
					<description>Cover image</description>
					<left>20</left>
					<top>45</top>
					<width>120</width>
					<height>300</height>
					<aspectratio aligny="bottom">keep</aspectratio>
					<texture fallback="DefaultVideoCover.png">$INFO[Player.Art(thumb)]</texture>
					<bordertexture border="8">ThumbBorder.png</bordertexture>
					<bordersize>5</bordersize>
				</control>
				<control type="label">
					<description>Studio label</description>
					<left>160</left>
					<top>265</top>
					<height>25</height>
					<width>1000</width>
					<label>$INFO[VideoPlayer.Studio]</label>
					<align>left</align>
					<aligny>center</aligny>
					<font>font12</font>
					<textcolor>white</textcolor>
					<shadowcolor>black</shadowcolor>
				</control>
				<control type="label">
					<description>Title label</description>
					<left>160</left>
					<top>285</top>
					<height>30</height>
					<width>1000</width>
					<label>$INFO[Player.Title]$INFO[VideoPlayer.Year,[COLOR=grey] (,)[/COLOR]]</label>
					<align>left</align>
					<aligny>center</aligny>
					<font>font13_title</font>
					<textcolor>white</textcolor>
					<shadowcolor>black</shadowcolor>
				</control>
				<control type="label">
					<description>Time Label</description>
					<left>160</left>
					<top>310</top>
					<height>30</height>
					<width>300</width>
					<label>$INFO[Player.Time]$INFO[Player.Duration,[COLOR=grey3] / [/COLOR]]</label>
					<align>left</align>
					<aligny>center</aligny>
					<font>font12</font>
					<textcolor>white</textcolor>
					<shadowcolor>black</shadowcolor>
				</control>
			</control>
			<control type="group">
				<visible>VideoPlayer.Content(Episodes)</visible>
				<control type="image">
					<description>Cover image</description>
					<left>20</left>
					<top>225</top>
					<width>180</width>
					<height>120</height>
					<aspectratio>scale</aspectratio>
					<texture fallback="DefaultVideoCover.png">$INFO[Player.Art(thumb)]</texture>
					<bordertexture border="8">ThumbBorder.png</bordertexture>
					<bordersize>5</bordersize>
				</control>
				<control type="label">
					<description>TV Show Season Ep Label</description>
					<left>210</left>
					<top>265</top>
					<height>25</height>
					<width>1000</width>
					<label>$INFO[VideoPlayer.TVShowTitle] ($INFO[VideoPlayer.Season,$LOCALIZE[20373] , - ]$INFO[VideoPlayer.episode,$LOCALIZE[20359] ,])</label>
					<align>left</align>
					<aligny>center</aligny>
					<font>font12</font>
					<textcolor>white</textcolor>
					<shadowcolor>black</shadowcolor>
				</control>
				<control type="label">
					<description>Title label</description>
					<left>210</left>
					<top>285</top>
					<height>30</height>
					<width>1000</width>
					<label>$INFO[Player.Title]</label>
					<align>left</align>
					<aligny>center</aligny>
					<font>font13_title</font>
					<textcolor>white</textcolor>
					<shadowcolor>black</shadowcolor>
				</control>
				<control type="label">
					<description>Time Label</description>
					<left>210</left>
					<top>310</top>
					<height>30</height>
					<width>300</width>
					<label>$INFO[Player.Time]$INFO[Player.Duration,[COLOR=grey3] / [/COLOR]]</label>
					<align>left</align>
					<aligny>center</aligny>
					<font>font12</font>
					<textcolor>white</textcolor>
					<shadowcolor>black</shadowcolor>
				</control>
			</control>
		</control>
		<!-- Suggested Movie Info -->
		<control type="group">
			<left>0</left>
			<top>60</top>
			<visible>![!Skin.HasSetting(LowerMainMenuBar) + Skin.HasSetting(EnableLargeWidgets)]</visible>
			<visible>!Player.HasMedia + !String.IsEmpty(Window(Home).Property(RecommendedMovie.1.Title)) + !Skin.HasSetting(HideSuggestedMedia)</visible>
			<visible>!Integer.IsGreater(Window(Home).Property(RecommendedMovie.1.PercentPlayed),95)</visible>
			<visible>String.IsEqual(Container(9000).ListItem.Property(HiLiteItem),Movies)</visible>
			<include>VisibleFadeEffect</include>
			<include>Window_OpenClose_Animation</include>
			<animation effect="slide" start="0,0" end="0,-30" time="0" condition="!String.IsEmpty(Skin.String(MenuLAF))">Conditional</animation>
			<animation effect="slide" start="0,0" end="0,160" time="0" condition="Skin.HasSetting(LowerMainMenuBar)">Conditional</animation>
			<control type="image">
				<description>Cover image</description>
				<left>20</left>
				<top>45</top>
				<width>120</width>
				<height>300</height>
				<aspectratio aligny="bottom">keep</aspectratio>
				<texture fallback="DefaultVideoCover.png">$INFO[Window(Home).Property(RecommendedMovie.1.Art(poster))]</texture>
				<bordertexture border="8">ThumbBorder.png</bordertexture>
				<bordersize>5</bordersize>
			</control>
			<control type="label">
				<description>NowPlaying label</description>
				<left>160</left>
				<top>235</top>
				<height>25</height>
				<width>1000</width>
				<label>$LOCALIZE[31269] $LOCALIZE[20338]</label>
				<align>left</align>
				<aligny>center</aligny>
				<font>font12_title</font>
				<textcolor>$VAR[MainColorOne]</textcolor>
				<shadowcolor>black</shadowcolor>
			</control>
			<control type="label">
				<description>Title label</description>
				<left>160</left>
				<top>255</top>
				<height>30</height>
				<width>1000</width>
				<label>$INFO[Window(Home).Property(RecommendedMovie.1.Title)]$INFO[Window(Home).Property(RecommendedMovie.1.Year),[COLOR=grey] (,)[/COLOR]]</label>
				<align>left</align>
				<aligny>center</aligny>
				<font>font13_title</font>
				<textcolor>white</textcolor>
				<shadowcolor>black</shadowcolor>
			</control>
			<control type="label">
				<description>Studio label</description>
				<left>160</left>
				<top>285</top>
				<height>25</height>
				<width>1000</width>
				<label>$INFO[Window(Home).Property(RecommendedMovie.1.Studio)]</label>
				<align>left</align>
				<aligny>center</aligny>
				<font>font12</font>
				<textcolor>white</textcolor>
				<shadowcolor>black</shadowcolor>
			</control>
			<control type="label">
				<description>Time Label</description>
				<left>160</left>
				<top>310</top>
				<height>30</height>
				<width>300</width>
				<label>$INFO[Window(Home).Property(RecommendedMovie.1.PercentPlayed),$LOCALIZE[31268] ]$INFO[Window(Home).Property(RecommendedMovie.1.Runtime), $LOCALIZE[1443] , $LOCALIZE[12391]]</label>
				<align>left</align>
				<aligny>center</aligny>
				<font>font12</font>
				<textcolor>white</textcolor>
				<shadowcolor>black</shadowcolor>
			</control>
		</control>
		<!-- Suggested Episode Info -->
		<control type="group">
			<left>0</left>
			<top>60</top>
			<visible>![!Skin.HasSetting(LowerMainMenuBar) + Skin.HasSetting(EnableLargeWidgets)]</visible>
			<visible>!Player.HasMedia + !String.IsEmpty(Window(Home).Property(RecommendedEpisode.1.Title)) + !Skin.HasSetting(HideSuggestedMedia)</visible>
			<visible>String.IsEqual(Container(9000).ListItem.Property(HiLiteItem),TVShows)</visible>
			<include>VisibleFadeEffect</include>
			<include>Window_OpenClose_Animation</include>
			<animation effect="slide" start="0,0" end="0,-30" time="0" condition="!String.IsEmpty(Skin.String(MenuLAF))">Conditional</animation>
			<animation effect="slide" start="0,0" end="0,160" time="0" condition="Skin.HasSetting(LowerMainMenuBar)">Conditional</animation>
			<control type="image">
				<description>Cover image</description>
				<left>20</left>
				<top>45</top>
				<width>120</width>
				<height>300</height>
				<aspectratio aligny="bottom">keep</aspectratio>
				<texture fallback="DefaultVideoCover.png">$INFO[Window(Home).Property(RecommendedEpisode.1.Art(tvshow.poster))]</texture>
				<bordertexture border="8">ThumbBorder.png</bordertexture>
				<bordersize>5</bordersize>
			</control>
			<control type="label">
				<left>160</left>
				<top>235</top>
				<height>25</height>
				<width>1000</width>
				<label>$LOCALIZE[31251] $LOCALIZE[20359]</label>
				<align>left</align>
				<aligny>center</aligny>
				<font>font12_title</font>
				<textcolor>$VAR[MainColorOne]</textcolor>
				<shadowcolor>black</shadowcolor>
			</control>
			<control type="label">
				<description>TV Show Season Ep Label</description>
				<left>160</left>
				<top>260</top>
				<height>25</height>
				<width>1000</width>
				<label>$INFO[Window(Home).Property(RecommendedEpisode.1.Title)]</label>
				<align>left</align>
				<aligny>center</aligny>
				<font>font12</font>
				<textcolor>white</textcolor>
				<shadowcolor>black</shadowcolor>
			</control>
			<control type="label">
				<description>Title label</description>
				<left>160</left>
				<top>280</top>
				<height>30</height>
				<width>1000</width>
				<label>$INFO[Window(Home).Property(RecommendedEpisode.1.TVshowTitle)]</label>
				<align>left</align>
				<aligny>center</aligny>
				<font>font13_title</font>
				<textcolor>white</textcolor>
				<shadowcolor>black</shadowcolor>
			</control>
			<control type="label">
				<left>160</left>
				<top>310</top>
				<height>30</height>
				<width>300</width>
				<label>$INFO[Window(Home).Property(RecommendedEpisode.1.Episode),$LOCALIZE[20359] ]$INFO[Window(Home).Property(RecommendedEpisode.1.Season), $LOCALIZE[1443] $LOCALIZE[20373] ]</label>
				<align>left</align>
				<aligny>center</aligny>
				<font>font12</font>
				<textcolor>white</textcolor>
				<shadowcolor>black</shadowcolor>
			</control>
		</control>
		<include>HomeWidgetDisplay</include>
		<control type="button" id="9003">
			<description>Hidden Button to pass through navigation when recently added is disabled</description>
			<left>-20</left>
			<top>-20</top>
			<width>1</width>
			<height>1</height>
			<label></label>
			<font></font>
			<texturefocus></texturefocus>
			<texturenofocus></texturenofocus>
			<onleft>9000</onleft>
			<onright>9000</onright>
			<onup>21</onup>
			<ondown condition="Skin.HasSetting(LowerMainMenuBar)">9002</ondown>
			<ondown condition="!Skin.HasSetting(LowerMainMenuBar) + !Skin.HasSetting(DisableGlobalSearch) + !Skin.HasSetting(FloorGlobalSearch)">610</ondown>
			<ondown condition="!Skin.HasSetting(LowerMainMenuBar) + [Skin.HasSetting(DisableGlobalSearch) | Skin.HasSetting(FloorGlobalSearch)]">603</ondown>
			<visible>false</visible>
		</control>
		<control type="group">
			<depth>DepthMenu-</depth>
			<description>Controls for currently playing media</description>
			<left>545r</left>
			<top>370</top>
			<animation effect="slide" start="0,0" end="0,-30" time="0" condition="!String.IsEmpty(Skin.String(MenuLAF))">Conditional</animation>
			<animation effect="slide" start="0,0" end="0,160" time="0" condition="Skin.HasSetting(LowerMainMenuBar)">Conditional</animation>
			<animation effect="slide" start="0,0" end="-100,0" time="225" condition="!Player.HasMedia + Skin.HasSetting(EnableHomeStats)">conditional</animation>
			<animation effect="fade" start="100" end="65" time="150" condition="Window.IsVisible(2123) | Window.IsVisible(2124) | Window.IsVisible(2125) | Window.IsVisible(Favourites)">conditional</animation>
			<animation effect="slide" start="0,0" end="400,0" time="225" condition="!Player.HasMedia + !Skin.HasSetting(EnableHomeStats)">conditional</animation>
			<animation type="WindowOpen" reversible="false">
				<effect type="zoom" start="80" end="100" center="640,360" easing="out" tween="back" time="225" />
				<effect type="fade" start="0" end="100" time="225" />
			</animation>
			<animation type="WindowClose" reversible="false">
				<effect type="zoom" start="100" end="80" center="640,360" easing="in" tween="back" time="225" />
				<effect type="fade" start="100" end="0" time="225" />
			</animation>
			<visible>String.IsEmpty(Window(Videos).Property(PlayingBackgroundMedia))</visible>
			<control type="image">
				<description>Background End image</description>
				<left>0</left>
				<top>0</top>
				<width>35</width>
				<height>35</height>
				<colordiffuse>CCFFFFFF</colordiffuse>
				<texture flipy="true" border="0,5,0,0" flipx="true">HomeSubEnd.png</texture>
				<include condition="!String.IsEmpty(Skin.String(HomeTrans))">HomeTransparentEffect</include>
				<animation effect="slide" start="0,0" end="115,0" time="0" condition="Skin.HasSetting(DisableGlobalSearch) | Skin.HasSetting(FloorGlobalSearch)">Conditional</animation>
			</control>
			<control type="radiobutton" id="610">
				<colordiffuse>CCFFFFFF</colordiffuse>
				<description>Global Search</description>
				<left>35</left>
				<top>0</top>
				<height>35</height>
				<width>115</width>
				<textwidth>150</textwidth>
				<textoffsetx>10</textoffsetx>
				<align>left</align>
				<aligny>center</aligny>
				<font>font12</font>
				<textcolor>grey2</textcolor>
				<focusedcolor>white</focusedcolor>
				<texturefocus flipy="true" border="5" colordiffuse="$VAR[MainColorOne]">HomeSubFO.png</texturefocus>
				<texturenofocus flipy="true" border="5">HomeSubNF.png</texturenofocus>
				<include condition="!String.IsEmpty(Skin.String(HomeTrans))">HomeTransparentEffect</include>
				<pulseonselect>false</pulseonselect>
				<label>137</label>
				<onclick>RunScript(script.globalsearch)</onclick>
				<textureradioonfocus>icon_search.png</textureradioonfocus>
				<textureradioonnofocus>icon_search.png</textureradioonnofocus>
				<textureradioofffocus>icon_search.png</textureradioofffocus>
				<textureradiooffnofocus>icon_search.png</textureradiooffnofocus>
				<onleft>609</onleft>
				<onright>601</onright>
				<onup condition="!Skin.HasSetting(LowerMainMenuBar)">9003</onup>
				<onup condition="Skin.HasSetting(LowerMainMenuBar)">9002</onup>
				<ondown>9000</ondown>
				<visible>!Skin.HasSetting(DisableGlobalSearch) + !Skin.HasSetting(FloorGlobalSearch)</visible>
			</control>
			<control type="group" id="600">
				<left>150</left>
				<onup condition="!Skin.HasSetting(LowerMainMenuBar)">9003</onup>
				<onup condition="Skin.HasSetting(LowerMainMenuBar)">9002</onup>
				<ondown>9000</ondown>
				<defaultcontrol></defaultcontrol>
				<enable>Player.HasMedia</enable>
				<control type="image">
					<description>Background image</description>
					<left>0</left>
					<top>0</top>
					<width>255</width>
					<height>35</height>
					<texture flipy="true" border="0,5,0,0">HomeSubNF.png</texture>
					<include condition="!String.IsEmpty(Skin.String(HomeTrans))">HomeTransparentEffect</include>
					<colordiffuse>CCFFFFFF</colordiffuse>
					<animation effect="zoom" start="0,0,205,35" end="0,0,500,35" delay="0" time="300" condition="!Player.HasMedia + Skin.HasSetting(EnableHomeStats)">conditional</animation>
					<visible>Player.HasMedia | Skin.HasSetting(EnableHomeStats)</visible>
				</control>
				<control type="group">
					<visible>!VideoPlayer.Content(LiveTV)+Player.HasMedia</visible>
					<control type="button" id="601">
						<left>10</left>
						<top>2</top>
						<width>30</width>
						<height>30</height>
						<label></label>
						<texturefocus colordiffuse="$VAR[MainColorTwo]">OSDPrevTrackFO.png</texturefocus>
						<texturenofocus>OSDPrevTrackNF.png</texturenofocus>
						<onleft>610</onleft>
						<onright>602</onright>
						<onup condition="!Skin.HasSetting(LowerMainMenuBar)">9003</onup>
						<onup condition="Skin.HasSetting(LowerMainMenuBar)">9002</onup>
						<ondown>9000</ondown>
						<onclick>PlayerControl(Previous)</onclick>
					</control>
					<control type="button" id="602">
						<left>40</left>
						<top>2</top>
						<width>30</width>
						<height>30</height>
						<label></label>
						<texturefocus colordiffuse="$VAR[MainColorTwo]">OSDRewindFO.png</texturefocus>
						<texturenofocus>OSDRewindNF.png</texturenofocus>
						<onleft>601</onleft>
						<onright>603</onright>
						<onup condition="!Skin.HasSetting(LowerMainMenuBar)">9003</onup>
						<onup condition="Skin.HasSetting(LowerMainMenuBar)">9002</onup>
						<ondown>9000</ondown>
						<onclick>PlayerControl(Rewind)</onclick>
					</control>
					<control type="togglebutton" id="603">
						<left>70</left>
						<top>2</top>
						<width>30</width>
						<height>30</height>
						<label></label>
						<texturefocus colordiffuse="$VAR[MainColorTwo]">OSDPauseFO.png</texturefocus>
						<texturenofocus>OSDPauseNF.png</texturenofocus>
						<usealttexture>Player.Paused | Player.Forwarding | Player.Rewinding</usealttexture>
						<alttexturefocus colordiffuse="$VAR[MainColorTwo]">OSDPlayFO.png</alttexturefocus>
						<alttexturenofocus>OSDPlayNF.png</alttexturenofocus>
						<onleft>602</onleft>
						<onright>604</onright>
						<onup condition="!Skin.HasSetting(LowerMainMenuBar)">9003</onup>
						<onup condition="Skin.HasSetting(LowerMainMenuBar)">9002</onup>
						<ondown>9000</ondown>
						<onclick>PlayerControl(Play)</onclick>
					</control>
					<control type="button" id="604">
						<left>100</left>
						<top>2</top>
						<width>30</width>
						<height>30</height>
						<label></label>
						<texturefocus colordiffuse="$VAR[MainColorTwo]">OSDStopFO.png</texturefocus>
						<texturenofocus>OSDStopNF.png</texturenofocus>
						<onleft>603</onleft>
						<onright>605</onright>
						<onup condition="!Skin.HasSetting(LowerMainMenuBar)">9003</onup>
						<onup condition="Skin.HasSetting(LowerMainMenuBar)">9002</onup>
						<ondown>9000</ondown>
						<onclick>down</onclick>
						<onclick>PlayerControl(Stop)</onclick>
					</control>
					<control type="button" id="605">
						<left>130</left>
						<top>2</top>
						<width>30</width>
						<height>30</height>
						<label></label>
						<texturefocus colordiffuse="$VAR[MainColorTwo]">OSDForwardFO.png</texturefocus>
						<texturenofocus>OSDForwardNF.png</texturenofocus>
						<onleft>604</onleft>
						<onright>606</onright>
						<onup condition="!Skin.HasSetting(LowerMainMenuBar)">9003</onup>
						<onup condition="Skin.HasSetting(LowerMainMenuBar)">9002</onup>
						<ondown>9000</ondown>
						<onclick>PlayerControl(Forward)</onclick>
					</control>
					<control type="button" id="606">
						<left>160</left>
						<top>2</top>
						<width>30</width>
						<height>30</height>
						<label></label>
						<texturefocus colordiffuse="$VAR[MainColorTwo]">OSDNextTrackFO.png</texturefocus>
						<texturenofocus>OSDNextTrackNF.png</texturenofocus>
						<onleft>605</onleft>
						<onright>607</onright>
						<onup condition="!Skin.HasSetting(LowerMainMenuBar)">9003</onup>
						<onup condition="Skin.HasSetting(LowerMainMenuBar)">9002</onup>
						<ondown>9000</ondown>
						<onclick>PlayerControl(Next)</onclick>
					</control>
					<control type="button" id="607">
						<posx>190</posx>
						<posy>2</posy>
						<width>30</width>
						<height>30</height>
						<label></label>
						<texturefocus colordiffuse="$VAR[MainColorTwo]">OSDVolUpFO.png</texturefocus>
						<texturenofocus>OSDVolUpNF.png</texturenofocus>
						<onleft>606</onleft>
						<onright>608</onright>
						<onup condition="!Skin.HasSetting(LowerMainMenuBar)">9003</onup>
						<onup condition="Skin.HasSetting(LowerMainMenuBar)">9002</onup>
						<ondown>9000</ondown>
						<onclick>$VAR[VolumeStepUp]</onclick>
						<onclick>VolumeUp</onclick>
						<visible>Skin.HasSetting(EnableVolumeButtons)</visible>
					</control>
					<control type="button" id="608">
						<posx>220</posx>
						<posy>2</posy>
						<width>30</width>
						<height>30</height>
						<label></label>
						<texturefocus colordiffuse="$VAR[MainColorTwo]">OSDVolDownFO.png</texturefocus>
						<texturenofocus>OSDVolDownNF.png</texturenofocus>
						<onleft>607</onleft>
						<onright>609</onright>
						<onup condition="!Skin.HasSetting(LowerMainMenuBar)">9003</onup>
						<onup condition="Skin.HasSetting(LowerMainMenuBar)">9002</onup>
						<ondown>9000</ondown>
						<onclick>$VAR[VolumeStepDown]</onclick>
						<onclick>VolumeDown</onclick>
						<visible>Skin.HasSetting(EnableVolumeButtons)</visible>
					</control>
				</control>
				<control type="group" id="600">
					<visible>VideoPlayer.Content(LiveTV)</visible>
					<control type="button" id="601">
						<left>10</left>
						<top>2</top>
						<width>30</width>
						<height>30</height>
						<label></label>
						<texturefocus colordiffuse="$VAR[MainColorTwo]">OSDChannelUPFO.png</texturefocus>
						<texturenofocus>OSDChannelUPNF.png</texturenofocus>
						<onleft>608</onleft>
						<onright>602</onright>
						<onup condition="!Skin.HasSetting(LowerMainMenuBar)">9003</onup>
						<onup condition="Skin.HasSetting(LowerMainMenuBar)">9002</onup>
						<ondown>9000</ondown>
						<onclick>ChannelDown</onclick>
					</control>
					<control type="button" id="602">
						<left>40</left>
						<top>2</top>
						<width>30</width>
						<height>30</height>
						<label></label>
						<texturefocus colordiffuse="$VAR[MainColorTwo]">OSDChannelDownFO.png</texturefocus>
						<texturenofocus>OSDChannelDownNF.png</texturenofocus>
						<onleft>601</onleft>
						<onright>603</onright>
						<onup condition="!Skin.HasSetting(LowerMainMenuBar)">9003</onup>
						<onup condition="Skin.HasSetting(LowerMainMenuBar)">9002</onup>
						<ondown>9000</ondown>
						<onclick>ChannelUp</onclick>
					</control>
					<control type="button" id="603">
						<left>70</left>
						<top>2</top>
						<width>30</width>
						<height>30</height>
						<label></label>
						<texturefocus colordiffuse="$VAR[MainColorTwo]">OSDStopFO.png</texturefocus>
						<texturenofocus>OSDStopNF.png</texturenofocus>
						<onleft>602</onleft>
						<onright>604</onright>
						<onup condition="!Skin.HasSetting(LowerMainMenuBar)">9003</onup>
						<onup condition="Skin.HasSetting(LowerMainMenuBar)">9002</onup>
						<ondown>9000</ondown>
						<onclick>down</onclick>
						<onclick>PlayerControl(Stop)</onclick>
					</control>
					<control type="togglebutton" id="604">
						<left>100</left>
						<top>2</top>
						<width>30</width>
						<height>30</height>
						<label></label>
						<texturefocus colordiffuse="$VAR[MainColorTwo]">OSDPauseFO.png</texturefocus>
						<texturenofocus>OSDPauseNF.png</texturenofocus>
						<usealttexture>Player.Paused | Player.Forwarding | Player.Rewinding</usealttexture>
						<alttexturefocus colordiffuse="$VAR[MainColorTwo]">OSDPlayFO.png</alttexturefocus>
						<alttexturenofocus>OSDPlayNF.png</alttexturenofocus>
						<onleft>603</onleft>
						<onright>605</onright>
						<onup condition="!Skin.HasSetting(LowerMainMenuBar)">9003</onup>
						<onup condition="Skin.HasSetting(LowerMainMenuBar)">9002</onup>
						<ondown>9000</ondown>
						<onclick>PlayerControl(Play)</onclick>
						<enable>Player.PauseEnabled</enable>
						<animation effect="fade" start="100" end="30" time="75" condition="!Player.PauseEnabled">Conditional</animation>
					</control>
					<control type="button" id="605">
						<left>130</left>
						<top>2</top>
						<width>30</width>
						<height>30</height>
						<label></label>
						<texturefocus colordiffuse="$VAR[MainColorTwo]">OSDRadioRDSFO.png</texturefocus>
						<texturenofocus>OSDRadioRDSNF.png</texturenofocus>
						<onleft>604</onleft>
						<onright>606</onright>
						<onup>9003</onup>
						<ondown>9000</ondown>
						<onclick>ActivateWindow(PVRRadioRDSInfo)</onclick>
						<enable>RDS.HasRadiotextPlus</enable>
						<animation effect="fade" start="100" end="30" time="75" condition="!RDS.HasRadiotextPlus">Conditional</animation>
					</control>
					<control type="button" id="606">
						<left>160</left>
						<top>2</top>
						<width>30</width>
						<height>30</height>
						<label></label>
						<texturefocus colordiffuse="$VAR[MainColorTwo]">OSDRecordOffFO.png</texturefocus>
						<texturenofocus>OSDRecordOffNF.png</texturenofocus>
						<onleft>605</onleft>
						<onright>607</onright>
						<onup condition="!Skin.HasSetting(LowerMainMenuBar)">9003</onup>
						<onup condition="Skin.HasSetting(LowerMainMenuBar)">9002</onup>
						<ondown>9000</ondown>
						<onclick>PVR.ToggleRecordPlayingChannel</onclick>
					</control>
					<control type="button" id="607">
						<posx>190</posx>
						<posy>2</posy>
						<width>30</width>
						<height>30</height>
						<label></label>
						<texturefocus colordiffuse="$VAR[MainColorTwo]">OSDVolUpFO.png</texturefocus>
						<texturenofocus>OSDVolUpNF.png</texturenofocus>
						<onleft>606</onleft>
						<onright>608</onright>
						<onup condition="!Skin.HasSetting(LowerMainMenuBar)">9003</onup>
						<onup condition="Skin.HasSetting(LowerMainMenuBar)">9002</onup>
						<ondown>9000</ondown>
						<onclick>$VAR[VolumeStepUp]</onclick>
						<onclick>VolumeUp</onclick>
						<visible>Skin.HasSetting(EnableVolumeButtons)</visible>
					</control>
					<control type="button" id="608">
						<posx>220</posx>
						<posy>2</posy>
						<width>30</width>
						<height>30</height>
						<label></label>
						<texturefocus colordiffuse="$VAR[MainColorTwo]">OSDVolDownFO.png</texturefocus>
						<texturenofocus>OSDVolDownNF.png</texturenofocus>
						<onleft>607</onleft>
						<onright>609</onright>
						<onup condition="!Skin.HasSetting(LowerMainMenuBar)">9003</onup>
						<onup condition="Skin.HasSetting(LowerMainMenuBar)">9002</onup>
						<ondown>9000</ondown>
						<onclick>$VAR[VolumeStepDown]</onclick>
						<onclick>VolumeDown</onclick>
						<visible>Skin.HasSetting(EnableVolumeButtons)</visible>
					</control>
				</control>
			</control>
			<control type="radiobutton" id="609">
				<animation effect="slide" end="0,35" time="300" condition="!Player.HasMedia">conditional</animation>
				<colordiffuse>CCFFFFFF</colordiffuse>
				<description>Go to fullscreen Playback</description>
				<left>405</left>
				<top>0</top>
				<height>35</height>
				<width>140</width>
				<textwidth>150</textwidth>
				<textoffsetx>10</textoffsetx>
				<align>left</align>
				<aligny>center</aligny>
				<font>font12</font>
				<textcolor>grey2</textcolor>
				<focusedcolor>white</focusedcolor>
				<texturefocus flipy="true" border="5" colordiffuse="$VAR[MainColorOne]">HomeSubFO.png</texturefocus>
				<texturenofocus flipy="true" border="5">HomeSubNF.png</texturenofocus>
				<include condition="!String.IsEmpty(Skin.String(HomeTrans))">HomeTransparentEffect</include>
				<pulseonselect>false</pulseonselect>
				<label>31008</label>
				<onclick>fullscreen</onclick>
				<textureradioonfocus>GoFullscreen.png</textureradioonfocus>
				<textureradioonnofocus>GoFullscreen.png</textureradioonnofocus>
				<textureradioofffocus>GoFullscreen.png</textureradioofffocus>
				<textureradiooffnofocus>GoFullscreen.png</textureradiooffnofocus>
				<onleft>608</onleft>
				<onright>610</onright>
				<onup condition="!Skin.HasSetting(LowerMainMenuBar)">9003</onup>
				<onup condition="Skin.HasSetting(LowerMainMenuBar)">9002</onup>
				<ondown>9000</ondown>
				<enable>Player.HasMedia</enable>
				<visible>Player.HasMedia</visible>
			</control>
			<control type="label">
				<left>190</left>
				<top>7</top>
				<height>20</height>
				<width>450</width>
				<label>$VAR[InfoBarStats]</label>
				<align>center</align>
				<aligny>center</aligny>
				<font>font12_title</font>
				<textcolor>white</textcolor>
				<shadowcolor>black</shadowcolor>
				<visible>!Player.HasMedia + Skin.HasSetting(EnableHomeStats)</visible>
			</control>
		</control>
		<control type="group">
			<depth>DepthMenu</depth>
			<top>400</top>
			<animation effect="slide" start="0,0" end="0,-30" time="0" condition="!String.IsEmpty(Skin.String(MenuLAF))">Conditional</animation>
			<animation effect="slide" start="0,0" end="0,160" time="0" condition="Skin.HasSetting(LowerMainMenuBar)">Conditional</animation>
			<animation type="WindowOpen" reversible="false">
				<effect type="zoom" start="80" end="100" center="640,360" easing="out" tween="back" time="225" />
				<effect type="fade" start="0" end="100" time="225" />
			</animation>
			<animation type="WindowClose" reversible="false">
				<effect type="zoom" start="100" end="80" center="640,360" easing="in" tween="back" time="225" />
				<effect type="fade" start="100" end="0" time="225" />
			</animation>
			<include>HomeSubMenuControl</include>
			<include condition="Skin.HasSetting(WrapAroundHomeMenu)">WrapHomeMainMenu</include>
			<include condition="!Skin.HasSetting(WrapAroundHomeMenu)">FixedHomeMainMenu</include>
		</control>
		<include>HomeAddonsDisplay</include>
		<control type="group">
			<depth>DepthMenu-</depth>
			<left>0</left>
			<top>33r</top>
			<visible>system.getbool(lookandfeel.enablerssfeeds) | [Player.HasAudio + !String.IsEmpty(MusicPlayer.offset(1).Artist) + !Skin.HasSetting(HideNextSongsInfo)]</visible>
			<animation effect="slide" start="0,0" end="0,35" time="150" condition="Skin.HasSetting(HidePopUpSeekBar) + [Player.Seeking | Player.DisplayAfterSeek | Player.Paused | Player.Forwarding | Player.Rewinding]">Conditional</animation>
			<include>Window_OpenClose_Animation</include>
			<control type="rss">
				<description>RSS feed</description>
				<include>RSSPosition</include>
				<top>0</top>
				<height>30</height>
				<font>font12</font>
				<urlset>1</urlset>
				<textcolor>$VAR[MainColorOne]</textcolor>
				<titlecolor>$VAR[MainColorOne]</titlecolor>
				<headlinecolor>white</headlinecolor>
				<visible>[!Player.HasAudio | String.IsEmpty(MusicPlayer.offset(1).Artist) | Skin.HasSetting(HideNextSongsInfo)]</visible>
			</control>
			<control type="fadelabel" id="1">
				<description>Next Five Songs</description>
				<include>RSSPosition</include>
				<top>0</top>
				<height>30</height>
				<scroll>true</scroll>
				<scrollout>true</scrollout>
				<pauseatend>200</pauseatend>
				<label>$VAR[NextFiveSongScroller]</label>
				<font>font12</font>
				<textcolor>white</textcolor>
				<shadowcolor>black</shadowcolor>
				<textoffsetx>20</textoffsetx>
				<visible>Player.HasAudio + !String.IsEmpty(MusicPlayer.offset(1).Artist) + !Skin.HasSetting(HideNextSongsInfo)</visible>
			</control>
			<control type="image">
				<description>RSS background</description>
				<left>1250</left>
				<top>2</top>
				<width>24</width>
				<height>24</height>
				<texture>icon-rss.png</texture>
				<include condition="!String.IsEmpty(Skin.String(HomeTrans))">HomeTransparentEffect</include>
			</control>
		</control>
		<control type="grouplist" id="21">
			<depth>DepthFooter</depth>
			<include>Window_OpenClose_Animation</include>
			<left>20</left>
			<top>55r</top>
			<onup condition="!Skin.HasSetting(LowerMainMenuBar)">9002</onup>
			<onup condition="Skin.HasSetting(LowerMainMenuBar)">9001</onup>
			<ondown>9003</ondown>
			<align>left</align>
			<orientation>horizontal</orientation>
			<control type="button" id="22">
				<description>Favourites push button</description>
				<width>45</width>
				<height>45</height>
				<label>1036</label>
				<font></font>
				<onclick>$VAR[FavBtnCommand]</onclick>
				<texturefocus border="5" colordiffuse="$VAR[MainColorOne]">floor_buttonFO.png</texturefocus>
				<texturenofocus border="5">floor_button.png</texturenofocus>
				<include condition="!String.IsEmpty(Skin.String(HomeTrans))">HomeTransparentEffect</include>
				<visible>!Skin.HasSetting(HideFavorites)</visible>
			</control>
			<control type="image" id="24">
				<width>1</width>
				<height>45</height>
				<texture></texture>
				<visible>!Skin.HasSetting(HideFavorites)</visible>
			</control>
			<control type="button" id="25">
				<description>GlobSearch push button</description>
				<width>45</width>
				<height>45</height>
				<label>1036</label>
				<font></font>
				<onclick>RunScript(script.globalsearch)</onclick>
				<texturefocus border="5" colordiffuse="$VAR[MainColorOne]">floor_buttonFO.png</texturefocus>
				<texturenofocus border="5">floor_button.png</texturenofocus>
				<include condition="!String.IsEmpty(Skin.String(HomeTrans))">HomeTransparentEffect</include>
				<visible>!Skin.HasSetting(DisableGlobalSearch) + Skin.HasSetting(FloorGlobalSearch)</visible>
			</control>
			<control type="image" id="26">
				<width>1</width>
				<height>45</height>
				<texture></texture>
				<visible>!Skin.HasSetting(DisableGlobalSearch) + Skin.HasSetting(FloorGlobalSearch)</visible>
			</control>
			<control type="button" id="23">
				<description>Power push button</description>
				<width>45</width>
				<height>45</height>
				<label>31003</label>
				<font></font>
				<onclick>$VAR[HomePowerBtnCommand]</onclick>
				<texturefocus border="5" colordiffuse="$VAR[MainColorOne]">floor_buttonFO.png</texturefocus>
				<texturenofocus border="5">floor_button.png</texturenofocus>
				<include condition="!String.IsEmpty(Skin.String(HomeTrans))">HomeTransparentEffect</include>
				<visible>!Skin.HasSetting(HideHomePowerBtn)</visible>
			</control>
		</control>
		<control type="grouplist">
			<include>Window_OpenClose_Animation</include>
			<left>25</left>
			<top>50r</top>
			<align>left</align>
			<orientation>horizontal</orientation>
			<control type="image">
				<description>Favourites Icon</description>
				<width>35</width>
				<height>35</height>
				<aspectratio>keep</aspectratio>
				<texture>icon_favourites.png</texture>
				<visible>!Skin.HasSetting(HideFavorites)</visible>
			</control>
			<control type="image">
				<width>11</width>
				<height>45</height>
				<texture></texture>
				<visible>!Skin.HasSetting(HideFavorites)</visible>
			</control>
			<control type="image">
				<description>Search Icon</description>
				<width>35</width>
				<height>35</height>
				<aspectratio>keep</aspectratio>
				<texture>icon_search.png</texture>
				<visible>!Skin.HasSetting(DisableGlobalSearch) + Skin.HasSetting(FloorGlobalSearch)</visible>
			</control>
			<control type="image">
				<width>11</width>
				<height>45</height>
				<texture></texture>
				<visible>!Skin.HasSetting(DisableGlobalSearch) + Skin.HasSetting(FloorGlobalSearch)</visible>
			</control>
			<control type="image">
				<description>Power Icon</description>
				<width>35</width>
				<height>35</height>
				<aspectratio>keep</aspectratio>
				<texture>icon_power.png</texture>
				<visible>!Skin.HasSetting(HideHomePowerBtn)</visible>
			</control>
		</control>
		<control type="group">
			<depth>DepthHeader</depth>
			<include>Clock</include>
			<include>Date</include>
		</control>
	</controls>
</window>
