<?xml version="1.0" encoding="utf-8"?>
<window>
  <defaultcontrol always="true">21</defaultcontrol>
  <coordinates>
    <posx>240</posx>
    <posy>100</posy>
  </coordinates>
  <include>dialogeffect</include>
  <controls>
    <control type="image">
      <description>background image</description>
      <posx>0</posx>
      <posy>0</posy>
      <width>800</width>
      <height>500</height>
      <texture border="40">DialogBack.png</texture>
    </control>
    <control type="image">
      <description>Dialog Header image</description>
      <posx>40</posx>
      <posy>16</posy>
      <width>720</width>
      <height>40</height>
      <texture>dialogheader.png</texture>
    </control>
    <control type="label">
      <description>header label</description>
      <posx>40</posx>
      <posy>20</posy>
      <width>720</width>
      <height>30</height>
      <font>font13_title</font>
      <label>$ADDON[pvr.nextpvr 30100]</label>
      <align>center</align>
      <aligny>center</aligny>
      <textcolor>selected</textcolor>
      <shadowcolor>black</shadowcolor>
    </control>
    <control type="button" id="22">
      <description>Close Window button</description>
      <posx>710</posx>
      <posy>15</posy>
      <width>64</width>
      <height>32</height>
      <label></label>
      <font></font>
      <texturefocus colordiffuse="$VAR[MainColorOne]">DialogCloseButton-focus.png</texturefocus>
      <texturenofocus>DialogCloseButton.png</texturenofocus>
      <onleft>10</onleft>
      <onright>10</onright>
      <onup>10</onup>
      <ondown>10</ondown>
      <visible>system.getbool(input.enablemouse)</visible>
    </control>
    <control type="label" description="program title" id = "20">
      <posx>40</posx>
      <posy>60</posy>
      <width>720</width>
      <height>30</height>
      <font>font13_title</font>
      <align>left</align>
      <aligny>center</aligny>
      <textcolor>white</textcolor>
    </control> 
    <control type="label" description="program description" id = "24">
      <posx>40</posx>
      <posy>100</posy>
      <width>720</width>
      <height>100</height>
      <font>font13_title</font>
      <align>left</align>
      <aligny>center</aligny>
      <textcolor>grey2</textcolor>
      <wrapmultiline>true</wrapmultiline>
    </control>     
    <control type="spincontrolex" id="21">
      <description>recording type</description>
      <posx>40</posx>
      <posy>200</posy>
      <width>720</width>
      <height>40</height>
      <font>font13</font>
      <textcolor>grey2</textcolor>
      <focusedcolor>white</focusedcolor>
      <include>NormalButton2</include>
      <label>$ADDON[pvr.nextpvr 30120]</label>
      <onright>21</onright>
      <onleft>21</onleft>
      <onup>1</onup>
      <ondown>25</ondown>
    </control>  
    <control type="spincontrolex" id="25">
      <description>pre padding</description>
      <posx>40</posx>
      <posy>245</posy>
      <width>720</width>
      <height>40</height>
      <font>font13</font>
      <textcolor>grey2</textcolor>
      <focusedcolor>white</focusedcolor>
      <include>NormalButton2</include>
      <label>$ADDON[pvr.nextpvr 30132]</label>
      <onright>23</onright>
      <onleft>23</onleft>
      <onup>21</onup>
      <ondown>26</ondown>
    </control>
    <control type="spincontrolex" id="26">
      <description>post padding</description>
      <posx>40</posx>
      <posy>290</posy>
      <width>720</width>
      <height>40</height>
      <font>font13</font>
      <textcolor>grey2</textcolor>
      <focusedcolor>white</focusedcolor>
      <include>NormalButton2</include>
      <label>$ADDON[pvr.nextpvr 30133]</label>
      <onright>23</onright>
      <onleft>23</onleft>
      <onup>25</onup>
      <ondown>23</ondown>
    </control>
    <control type="spincontrolex" id="23">
      <description>keep count</description>
      <posx>40</posx>
      <posy>335</posy>
      <width>720</width>
      <height>40</height>
      <font>font13</font>
      <textcolor>grey2</textcolor>
      <focusedcolor>white</focusedcolor>
      <include>NormalButton2</include>
      <label>$ADDON[pvr.nextpvr 30130]</label>
      <onright>23</onright>
      <onleft>23</onleft>
      <onup>26</onup>
      <ondown>27</ondown>
    </control>
    <control type="spincontrolex" id="27">
      <description>recording directory</description>
      <posx>40</posx>
      <posy>380</posy>
      <width>720</width>
      <height>40</height>
      <font>font13</font>
      <textcolor>grey2</textcolor>
      <focusedcolor>white</focusedcolor>
      <include>NormalButton2</include>>
      <label>$ADDON[pvr.nextpvr 30134]</label>
      <onright>23</onright>
      <onleft>23</onleft>
      <onup>23</onup>
      <ondown>1</ondown>
    </control>
    <control type="group" id="9001">
      <posx>190</posx>
      <posy>435</posy>
      <control type="button" id="1">
        <description>Ok Button</description>
        <posx>0</posx>
        <posy>0</posy>
        <width>200</width>
        <height>40</height>
        <align>center</align>
        <aligny>center</aligny>
        <include>NormalButton2</include>
        <label>186</label>
        <font>font12_title</font>
        <onup>27</onup>
        <onleft>2</onleft>
        <onright>2</onright>
        <ondown>21</ondown>
      </control>
      <control type="button" id="2">
        <description>Cancel Button</description>
        <posx>210</posx>
        <posy>0</posy>
        <width>200</width>
        <height>40</height>
        <align>center</align>
        <aligny>center</aligny>
        <include>NormalButton1</include>
        <label>222</label>
        <font>font12_title</font>
        <onup>27</onup>
        <onleft>1</onleft>
        <onright>1</onright>
        <ondown>21</ondown>
      </control>
    </control>
  </controls>
</window>