<?xml version="1.0" encoding="utf-8"?>
<window>
    <defaultcontrol always="true">4000</defaultcontrol>
    <controls>
		<!-- live image background -->
		<control type="image">
			<depth>DepthBackground</depth>
			<include>Dimensions_Fullscreen</include>
			<texture>$INFO[Window.Property(thumb)]</texture>
			<visible>!String.IsEmpty(Window.Property(thumb))</visible>
		</control>
		<control type="image">
			<depth>DepthBackground</depth>
			<include>Dimensions_Fullscreen</include>
			<texture background="true" fallback="special://skin/backgrounds/SKINDEFAULT.jpg">$INFO[Skin.CurrentTheme,special://skin/backgrounds/,.jpg]</texture>
			<visible>String.IsEmpty(Window.Property(thumb))</visible>
		</control>
		<!-- panel background -->
		<control type="image">
			<depth>DepthFloor</depth>
			<left>-20</left>
			<top></top>
			<bottom>0</bottom>
			<width>1320</width>
			<height>100</height>
			<texture>floor.png</texture>
			<animation effect="rotatex" end="45" time="0" center="620,0" condition="true">Conditional</animation>
			<animation effect="slide" start="0,10" end="0,0" time="150" condition="Window.Previous(Home)">WindowOpen</animation>
			<animation effect="slide" start="0,0" end="0,10" time="150" condition="Window.Next(Home)">WindowClose</animation>
			<include condition="!String.IsEmpty(Skin.String(HomeTrans))">HomeTransparentEffect</include>
			<animation effect="fade" start="100" end="65" time="0" condition="String.IsEmpty(Skin.String(HomeTrans)) + Skin.String(HomeFloor,Transparent)">Conditional</animation>
			<visible>!String.IsEmpty(Skin.String(HomeFloor))</visible>
		</control>
		<control type="group">
			<include>Window_OpenClose_Animation</include>
		</control>
		<control type="group">
			<include>VisibleFadeEffect</include>
			<control type="image">
				<left>10</left>
				<top>60</top>
				<width>880</width>
				<height>600</height>
				<texture border="15">ContentPanel.png</texture>
				<include condition="!String.IsEmpty(Skin.String(MediaPanelTrans))">TransparentEffect</include>
			</control>
			<control type="image">
				<left>10</left>
				<top>652</top>
				<width>880</width>
				<height>64</height>
				<texture border="15">ContentPanelMirror.png</texture>
			</control>
			<control type="image">
				<left>900</left>
				<top>60</top>
				<width>330</width>
				<height>600</height>
				<texture border="15">ContentPanel.png</texture>
				<include condition="!String.IsEmpty(Skin.String(MediaPanelTrans))">TransparentEffect</include>
			</control>
			<control type="image">
				<left>900</left>
				<top>652</top>
				<width>330</width>
				<height>64</height>
				<texture border="15">ContentPanelMirror.png</texture>
			</control>
		</control>
		<!-- Main Layout -->
		<!-- default: info 2 like view (no full background) -->
		<!-- alternative: fanart like view -->
        <control type="group">
			<control type="group">
				<include>VisibleFadeEffect</include>
				<control type="list" id="4000">
					<left>20</left>
					<top>90</top>
					<width>230</width>
					<height>541</height>
					<onleft>132</onleft>
					<onright>5000</onright>
					<onup>4000</onup>
					<ondown>4000</ondown>
					<pagecontrol></pagecontrol>
					<scrolltime>300</scrolltime>
					<itemlayout height="34" width="260">
						<control type="image">
							<left>0</left>
							<top>0</top>
							<width>230</width>
							<height>35</height>
							<texture border="5">MenuItemNF.png</texture>
						</control>
						<control type="label">
							<left>10</left>
							<top>0</top>
							<width>210</width>
							<height>35</height>
							<font>font24_title</font>
							<textcolor>grey3</textcolor>
							<align>right</align>
							<aligny>center</aligny>
							<label>$INFO[ListItem.Label]</label>
						</control>
					</itemlayout>
					<focusedlayout height="34" width="260">
						<control type="image">
							<left>0</left>
							<top>0</top>
							<width>230</width>
							<height>35</height>
							<texture border="5" colordiffuse="$VAR[MainColorOne]">$VAR[SelectMenuItem]</texture>
							<animation effect="fade" start="100" end="30" time="75" condition="!Control.HasFocus(4000)">Conditional</animation>
						</control>
						<control type="label">
							<left>10</left>
							<top>0</top>
							<width>210</width>
							<height>35</height>
							<font>font24_title</font>
							<textcolor>white</textcolor>
							<align>right</align>
							<aligny>center</aligny>
							<label>$INFO[ListItem.Label]</label>
						</control>
					</focusedlayout>
					<content>
						<item id="1">
							<label>$ADDON[script.extendedinfo 32120]$INFO[Container(150).NumItems, (,)]</label>
							<visible>Integer.IsGreater(Container(150).NumItems,0)</visible>
						</item>
						<item id="2">
							<label>$ADDON[script.extendedinfo 32121]$INFO[Container(250).NumItems, (,)]</label>
							<visible>Integer.IsGreater(Container(250).NumItems,0)</visible>
						</item>
						<item id="3">
							<label>$ADDON[script.extendedinfo 32122]$INFO[Container(550).NumItems, (,)]</label>
							<visible>Integer.IsGreater(Container(550).NumItems,0)</visible>
						</item>
						<item id="4">
							<label>$ADDON[script.extendedinfo 32123]$INFO[Container(650).NumItems, (,)]</label>
							<visible>Integer.IsGreater(Container(650).NumItems,0)</visible>
						</item>
						<item id="5">
							<label>$ADDON[script.extendedinfo 32118]$INFO[Container(350).NumItems, (,)]</label>
							<visible>Integer.IsGreater(Container(350).NumItems,0)</visible>
						</item>
						<item id="6">
							<label>$ADDON[script.extendedinfo 32119]$INFO[Container(450).NumItems, (,)]</label>
							<visible>Integer.IsGreater(Container(450).NumItems,0)</visible>
						</item>
						<item id="7">
							<label>$LOCALIZE[20445]$INFO[Container(750).NumItems, (,)]</label>
							<visible>Integer.IsGreater(Container(750).NumItems,0)</visible>
						</item>
					</content>
				</control>
				<control type="group" id="5000">
					<left>263</left>
					<top>78</top>
					<control type="panel" id="150">
						<visible>Container(4000).HasFocus(1)</visible>
						<width>579</width>
						<height>558</height>
						<onleft>4000</onleft>
						<onright>60</onright>
						<pagecontrol>60</pagecontrol>
						<scrolltime>200</scrolltime>
						<itemlayout height="186" width="193">
							<control type="image">
								<left>48</left>
								<top>0</top>
								<width>95</width>
								<height>145</height>
								<bordertexture border="5">button-nofocus.png</bordertexture>
								<bordersize>5</bordersize>
								<fadetime>100</fadetime>
								<texture background="true" fallback="DefaultVideo.png">$INFO[ListItem.Thumb]</texture>
								<aspectratio>scale</aspectratio>
							</control>
							<control type="label">
								<left>1</left>
								<top>142</top>
								<width>191</width>
								<height>25</height>
								<font>font12</font>
								<textcolor>grey2</textcolor>
								<selectedcolor>selected</selectedcolor>
								<align>center</align>
								<label>$INFO[ListItem.Label][CR][COLOR FF999999]$INFO[ListItem.Property(Character)][/COLOR]</label>
								<scroll>false</scroll>
							</control>
							<control type="image">
    	                        <width>25</width>
    	                        <height>25</height>
    	                        <top>0</top>
    	                        <left>118</left>
    	                        <texture>special://home/addons/script.extendedinfo/resources/skins/Default/media/flags/local.png</texture>
								<visible>!String.IsEmpty(ListItem.Property(DBID))</visible>
    	                    </control>
							<control type="image">
    	                        <width>35</width>
    	                        <height>20</height>
    	                        <top>5</top>
    	                        <left>53</left>
    	                        <texture>black-back.png</texture>
    	                        <visible>!String.IsEmpty(ListItem.Year)</visible>
    	                    </control>
    	                    <control type="label">
    	                        <width>35</width>
    	                        <height>20</height>
    	                        <top>5</top>
    	                        <align>center</align>
    	                        <aligny>center</aligny>
    	                        <left>53</left>
    	                        <font>font10</font>
    	                        <textcolor>white</textcolor>
    	                        <label>$INFO[ListItem.Year]</label>
    	                        <visible>!String.IsEmpty(ListItem.Year)</visible>
    	                    </control>
						</itemlayout>
						<focusedlayout height="186" width="193">
							<control type="image">
								<left>48</left>
								<top>0</top>
								<width>95</width>
								<height>145</height>
								<bordertexture border="5" colordiffuse="$VAR[MainColorOne]">folder-focus.png</bordertexture>
								<bordersize>5</bordersize>
								<fadetime>100</fadetime>
								<texture background="true" fallback="DefaultVideo.png">$INFO[ListItem.Thumb]</texture>
								<aspectratio>scale</aspectratio>
							</control>
							<control type="label">
								<left>1</left>
								<top>142</top>
								<width>191</width>
								<height>25</height>
								<font>font12</font>
								<textcolor>white</textcolor>
								<selectedcolor>selected</selectedcolor>
								<align>center</align>
								<label>$INFO[ListItem.Label][CR][COLOR FF999999]$INFO[ListItem.Property(Character)][/COLOR]</label>
								<scroll>true</scroll>
							</control>
							<control type="image">
    	                        <width>25</width>
    	                        <height>25</height>
    	                        <top>0</top>
    	                        <left>118</left>
    	                        <texture>special://home/addons/script.extendedinfo/resources/skins/Default/media/flags/local.png</texture>
    	                        <visible>!String.IsEmpty(ListItem.Property(DBID))</visible>
    	                    </control>
							<control type="image">
    	                        <width>35</width>
    	                        <height>20</height>
    	                        <top>5</top>
    	                        <left>53</left>
    	                        <texture>black-back.png</texture>
    	                        <visible>!String.IsEmpty(ListItem.Year)</visible>
    	                    </control>
    	                    <control type="label">
    	                        <width>35</width>
    	                        <height>20</height>
    	                        <top>5</top>
    	                        <align>center</align>
    	                        <aligny>center</aligny>
    	                        <left>53</left>
    	                        <font>font10</font>
    	                        <textcolor>white</textcolor>
    	                        <label>$INFO[ListItem.Year]</label>
    	                        <visible>!String.IsEmpty(ListItem.Year)</visible>
    	                    </control>
						</focusedlayout>
					</control>
					<control type="panel" id="250">
						<visible>Container(4000).HasFocus(2)</visible>
						<width>579</width>
						<height>558</height>
						<onleft>4000</onleft>
						<onright>60</onright>
						<pagecontrol>60</pagecontrol>
						<scrolltime>200</scrolltime>
						<itemlayout height="186" width="193">
							<control type="image">
								<left>48</left>
								<top>0</top>
								<width>95</width>
								<height>145</height>
								<bordertexture border="5">button-nofocus.png</bordertexture>
								<bordersize>5</bordersize>
								<fadetime>100</fadetime>
								<texture background="true" fallback="DefaultVideo.png">$INFO[ListItem.Thumb]</texture>
								<aspectratio>scale</aspectratio>
							</control>
							<control type="label">
								<left>1</left>
								<top>142</top>
								<width>191</width>
								<height>25</height>
								<font>font12</font>
								<textcolor>grey2</textcolor>
								<selectedcolor>selected</selectedcolor>
								<align>center</align>
								<label>$INFO[ListItem.Label][CR][COLOR FF999999]$INFO[ListItem.Property(Character)][/COLOR]</label>
								<scroll>false</scroll>
							</control>
							<control type="image">
    	                        <width>25</width>
    	                        <height>25</height>
    	                        <top>0</top>
    	                        <left>118</left>
    	                        <texture>special://home/addons/script.extendedinfo/resources/skins/Default/media/flags/local.png</texture>
    	                        <visible>!String.IsEmpty(ListItem.Property(DBID))</visible>
    	                    </control>
							<control type="image">
    	                        <width>35</width>
    	                        <height>20</height>
    	                        <top>5</top>
    	                        <left>53</left>
    	                        <texture>black-back.png</texture>
    	                        <visible>!String.IsEmpty(ListItem.Year)</visible>
    	                    </control>
    	                    <control type="label">
    	                        <width>35</width>
    	                        <height>20</height>
    	                        <top>5</top>
    	                        <align>center</align>
    	                        <aligny>center</aligny>
    	                        <left>53</left>
    	                        <font>font10</font>
    	                        <textcolor>white</textcolor>
    	                        <label>$INFO[ListItem.Year]</label>
    	                        <visible>!String.IsEmpty(ListItem.Year)</visible>
    	                    </control>
						</itemlayout>
						<focusedlayout height="186" width="193">
							<control type="image">
								<left>48</left>
								<top>0</top>
								<width>95</width>
								<height>145</height>
								<bordertexture border="5" colordiffuse="$VAR[MainColorOne]">folder-focus.png</bordertexture>
								<bordersize>5</bordersize>
								<fadetime>100</fadetime>
								<texture background="true" fallback="DefaultVideo.png">$INFO[ListItem.Thumb]</texture>
								<aspectratio>scale</aspectratio>
							</control>
							<control type="label">
								<left>1</left>
								<top>142</top>
								<width>191</width>
								<height>25</height>
								<font>font12</font>
								<textcolor>white</textcolor>
								<selectedcolor>selected</selectedcolor>
								<align>center</align>
								<label>$INFO[ListItem.Label][CR][COLOR FF999999]$INFO[ListItem.Property(Character)][/COLOR]</label>
								<scroll>true</scroll>
							</control>
							<control type="image">
    	                        <width>25</width>
    	                        <height>25</height>
    	                        <top>0</top>
    	                        <left>118</left>
    	                        <texture>special://home/addons/script.extendedinfo/resources/skins/Default/media/flags/local.png</texture>
    	                        <visible>!String.IsEmpty(ListItem.Property(DBID))</visible>
    	                    </control>
							<control type="image">
    	                        <width>35</width>
    	                        <height>20</height>
    	                        <top>5</top>
    	                        <left>53</left>
    	                        <texture>black-back.png</texture>
    	                        <visible>!String.IsEmpty(ListItem.Year)</visible>
    	                    </control>
    	                    <control type="label">
    	                        <width>35</width>
    	                        <height>20</height>
    	                        <top>5</top>
    	                        <align>center</align>
    	                        <aligny>center</aligny>
    	                        <left>53</left>
    	                        <font>font10</font>
    	                        <textcolor>white</textcolor>
    	                        <label>$INFO[ListItem.Year]</label>
    	                        <visible>!String.IsEmpty(ListItem.Year)</visible>
    	                    </control>
						</focusedlayout>
					</control>
					<control type="panel" id="550">
						<visible>Container(4000).HasFocus(3)</visible>
						<width>579</width>
						<height>558</height>
						<onleft>4000</onleft>
						<onright>60</onright>
						<pagecontrol>60</pagecontrol>
						<scrolltime>200</scrolltime>
						<itemlayout height="186" width="193">
							<control type="image">
								<left>48</left>
								<top>0</top>
								<width>95</width>
								<height>145</height>
								<bordertexture border="5">button-nofocus.png</bordertexture>
								<bordersize>5</bordersize>
								<fadetime>100</fadetime>
								<texture background="true" fallback="DefaultVideo.png">$INFO[ListItem.Thumb]</texture>
								<aspectratio>scale</aspectratio>
							</control>
							<control type="label">
								<left>1</left>
								<top>142</top>
								<width>191</width>
								<height>25</height>
								<font>font12</font>
								<textcolor>grey2</textcolor>
								<selectedcolor>selected</selectedcolor>
								<align>center</align>
								<label>$INFO[ListItem.Label][CR][COLOR FF999999]$INFO[ListItem.Property(Job)][/COLOR]</label>
								<scroll>false</scroll>
							</control>
							<control type="image">
    	                        <width>25</width>
    	                        <height>25</height>
    	                        <top>0</top>
    	                        <left>118</left>
    	                        <texture>special://home/addons/script.extendedinfo/resources/skins/Default/media/flags/local.png</texture>
    	                        <visible>!String.IsEmpty(ListItem.Property(DBID))</visible>
    	                    </control>
							<control type="image">
    	                        <width>35</width>
    	                        <height>20</height>
    	                        <top>5</top>
    	                        <left>53</left>
    	                        <texture>black-back.png</texture>
    	                        <visible>!String.IsEmpty(ListItem.Year)</visible>
    	                    </control>
    	                    <control type="label">
    	                        <width>35</width>
    	                        <height>20</height>
    	                        <top>5</top>
    	                        <align>center</align>
    	                        <aligny>center</aligny>
    	                        <left>53</left>
    	                        <font>font10</font>
    	                        <textcolor>white</textcolor>
    	                        <label>$INFO[ListItem.Year]</label>
    	                        <visible>!String.IsEmpty(ListItem.Year)</visible>
    	                    </control>
						</itemlayout>
						<focusedlayout height="186" width="193">
							<control type="image">
								<left>48</left>
								<top>0</top>
								<width>95</width>
								<height>145</height>
								<bordertexture border="5" colordiffuse="$VAR[MainColorOne]">folder-focus.png</bordertexture>
								<bordersize>5</bordersize>
								<fadetime>100</fadetime>
								<texture background="true" fallback="DefaultVideo.png">$INFO[ListItem.Thumb]</texture>
								<aspectratio>scale</aspectratio>
							</control>
							<control type="label">
								<left>1</left>
								<top>142</top>
								<width>191</width>
								<height>25</height>
								<font>font12</font>
								<textcolor>white</textcolor>
								<selectedcolor>selected</selectedcolor>
								<align>center</align>
								<label>$INFO[ListItem.Label][CR][COLOR FF999999]$INFO[ListItem.Property(Job)][/COLOR]</label>
								<scroll>true</scroll>
							</control>
							<control type="image">
    	                        <width>25</width>
    	                        <height>25</height>
    	                        <top>0</top>
    	                        <left>118</left>
    	                        <texture>special://home/addons/script.extendedinfo/resources/skins/Default/media/flags/local.png</texture>
    	                        <visible>!String.IsEmpty(ListItem.Property(DBID))</visible>
    	                    </control>
							<control type="image">
    	                        <width>35</width>
    	                        <height>20</height>
    	                        <top>5</top>
    	                        <left>53</left>
    	                        <texture>black-back.png</texture>
    	                        <visible>!String.IsEmpty(ListItem.Year)</visible>
    	                    </control>
    	                    <control type="label">
    	                        <width>35</width>
    	                        <height>20</height>
    	                        <top>5</top>
    	                        <align>center</align>
    	                        <aligny>center</aligny>
    	                        <left>53</left>
    	                        <font>font10</font>
    	                        <textcolor>white</textcolor>
    	                        <label>$INFO[ListItem.Year]</label>
    	                        <visible>!String.IsEmpty(ListItem.Year)</visible>
    	                    </control>
						</focusedlayout>
					</control>
					<control type="panel" id="650">
						<visible>Container(4000).HasFocus(4)</visible>
						<width>579</width>
						<height>558</height>
						<onleft>4000</onleft>
						<onright>60</onright>
						<pagecontrol>60</pagecontrol>
						<scrolltime>200</scrolltime>
						<itemlayout height="186" width="193">
							<control type="image">
								<left>48</left>
								<top>0</top>
								<width>95</width>
								<height>145</height>
								<bordertexture border="5">button-nofocus.png</bordertexture>
								<bordersize>5</bordersize>
								<fadetime>100</fadetime>
								<texture background="true" fallback="DefaultVideo.png">$INFO[ListItem.Thumb]</texture>
								<aspectratio>scale</aspectratio>
							</control>
							<control type="label">
								<left>1</left>
								<top>142</top>
								<width>191</width>
								<height>25</height>
								<font>font12</font>
								<textcolor>grey2</textcolor>
								<selectedcolor>selected</selectedcolor>
								<align>center</align>
								<label>$INFO[ListItem.Label][CR][COLOR FF999999]$INFO[ListItem.Property(Job)][/COLOR]</label>
								<scroll>false</scroll>
							</control>
							<control type="image">
    	                        <width>25</width>
    	                        <height>25</height>
    	                        <top>0</top>
    	                        <left>118</left>
    	                        <texture>special://home/addons/script.extendedinfo/resources/skins/Default/media/flags/local.png</texture>
    	                        <visible>!String.IsEmpty(ListItem.Property(DBID))</visible>
    	                    </control>
							<control type="image">
    	                        <width>35</width>
    	                        <height>20</height>
    	                        <top>5</top>
    	                        <left>53</left>
    	                        <texture>black-back.png</texture>
    	                        <visible>!String.IsEmpty(ListItem.Year)</visible>
    	                    </control>
    	                    <control type="label">
    	                        <width>35</width>
    	                        <height>20</height>
    	                        <top>5</top>
    	                        <align>center</align>
    	                        <aligny>center</aligny>
    	                        <left>53</left>
    	                        <font>font10</font>
    	                        <textcolor>white</textcolor>
    	                        <label>$INFO[ListItem.Year]</label>
    	                        <visible>!String.IsEmpty(ListItem.Year)</visible>
    	                    </control>
						</itemlayout>
						<focusedlayout height="186" width="193">
							<control type="image">
								<left>48</left>
								<top>0</top>
								<width>95</width>
								<height>145</height>
								<bordertexture border="5" colordiffuse="$VAR[MainColorOne]">folder-focus.png</bordertexture>
								<bordersize>5</bordersize>
								<fadetime>100</fadetime>
								<texture background="true" fallback="DefaultVideo.png">$INFO[ListItem.Thumb]</texture>
								<aspectratio>scale</aspectratio>
							</control>
							<control type="label">
								<left>1</left>
								<top>142</top>
								<width>191</width>
								<height>25</height>
								<font>font12</font>
								<textcolor>white</textcolor>
								<selectedcolor>selected</selectedcolor>
								<align>center</align>
								<label>$INFO[ListItem.Label][CR][COLOR FF999999]$INFO[ListItem.Property(Job)][/COLOR]</label>
								<scroll>true</scroll>
							</control>
							<control type="image">
    	                        <width>25</width>
    	                        <height>25</height>
    	                        <top>0</top>
    	                        <left>118</left>
    	                        <texture>special://home/addons/script.extendedinfo/resources/skins/Default/media/flags/local.png</texture>
    	                        <visible>!String.IsEmpty(ListItem.Property(DBID))</visible>
    	                    </control>
							<control type="image">
    	                        <width>35</width>
    	                        <height>20</height>
    	                        <top>5</top>
    	                        <left>53</left>
    	                        <texture>black-back.png</texture>
    	                        <visible>!String.IsEmpty(ListItem.Year)</visible>
    	                    </control>
    	                    <control type="label">
    	                        <width>35</width>
    	                        <height>20</height>
    	                        <top>5</top>
    	                        <align>center</align>
    	                        <aligny>center</aligny>
    	                        <left>53</left>
    	                        <font>font10</font>
    	                        <textcolor>white</textcolor>
    	                        <label>$INFO[ListItem.Year]</label>
    	                        <visible>!String.IsEmpty(ListItem.Year)</visible>
    	                    </control>
						</focusedlayout>
					</control>
					<control type="panel" id="350">
						<visible>Container(4000).HasFocus(5)</visible>
						<width>579</width>
						<height>558</height>
						<onleft>4000</onleft>
						<onright>60</onright>
						<pagecontrol>60</pagecontrol>
						<scrolltime>200</scrolltime>
						<itemlayout height="186" width="193">
							<control type="image">
								<left>48</left>
								<top>0</top>
								<width>95</width>
								<height>145</height>
								<bordertexture border="5">button-nofocus.png</bordertexture>
								<bordersize>5</bordersize>
								<fadetime>100</fadetime>
								<texture background="true" fallback="DefaultVideo.png">$INFO[ListItem.Thumb]</texture>
								<aspectratio>scale</aspectratio>
							</control>
							<control type="label">
								<left>1</left>
								<top>142</top>
								<width>191</width>
								<height>25</height>
								<font>font12</font>
								<textcolor>grey2</textcolor>
								<selectedcolor>selected</selectedcolor>
								<align>center</align>
								<info>ListItem.Label</info>
								<scroll>false</scroll>
							</control>
						</itemlayout>
						<focusedlayout height="186" width="193">
							<control type="image">
								<left>48</left>
								<top>0</top>
								<width>95</width>
								<height>145</height>
								<bordertexture border="5" colordiffuse="$VAR[MainColorOne]">folder-focus.png</bordertexture>
								<bordersize>5</bordersize>
								<fadetime>100</fadetime>
								<texture background="true" fallback="DefaultVideo.png">$INFO[ListItem.Thumb]</texture>
								<aspectratio>scale</aspectratio>
							</control>
							<control type="label">
								<left>1</left>
								<top>142</top>
								<width>191</width>
								<height>25</height>
								<font>font12</font>
								<textcolor>white</textcolor>
								<selectedcolor>selected</selectedcolor>
								<align>center</align>
								<info>ListItem.Label</info>
								<scroll>true</scroll>
							</control>
						</focusedlayout>
					</control>
					<control type="panel" id="450">
						<visible>Container(4000).HasFocus(6)</visible>
						<width>579</width>
						<height>558</height>
						<onleft>4000</onleft>
						<onright>60</onright>
						<pagecontrol>60</pagecontrol>
						<scrolltime>200</scrolltime>
						<itemlayout height="186" width="193">
							<control type="image">
								<left>48</left>
								<top>0</top>
								<width>95</width>
								<height>145</height>
								<bordertexture border="5">button-nofocus.png</bordertexture>
								<bordersize>5</bordersize>
								<fadetime>100</fadetime>
								<texture background="true" fallback="DefaultVideo.png">$INFO[ListItem.Thumb]</texture>
								<aspectratio>scale</aspectratio>
							</control>
						</itemlayout>
						<focusedlayout height="186" width="193">
							<control type="image">
								<left>48</left>
								<top>0</top>
								<width>95</width>
								<height>145</height>
								<bordertexture border="5" colordiffuse="$VAR[MainColorOne]">folder-focus.png</bordertexture>
								<bordersize>5</bordersize>
								<fadetime>100</fadetime>
								<texture background="true" fallback="DefaultVideo.png">$INFO[ListItem.Thumb]</texture>
								<aspectratio>scale</aspectratio>
							</control>
						</focusedlayout>
					</control>
					<control type="panel" id="750">
						<visible>Container(4000).HasFocus(7)</visible>
						<width>579</width>
						<height>558</height>
						<onleft>4000</onleft>
						<onright>60</onright>
						<pagecontrol>60</pagecontrol>
						<scrolltime>200</scrolltime>
						<itemlayout height="186" width="193">
							<control type="image">
								<left>48</left>
								<top>0</top>
								<width>95</width>
								<height>145</height>
								<bordertexture border="5">button-nofocus.png</bordertexture>
								<bordersize>5</bordersize>
								<fadetime>100</fadetime>
								<texture background="true" fallback="DefaultVideo.png">$INFO[ListItem.Thumb]</texture>
								<aspectratio>scale</aspectratio>
							</control>
							<control type="label">
								<left>1</left>
								<top>142</top>
								<width>191</width>
								<height>25</height>
								<font>font12</font>
								<textcolor>grey2</textcolor>
								<selectedcolor>selected</selectedcolor>
								<align>center</align>
								<label>$INFO[ListItem.Title]</label>
								<scroll>false</scroll>
							</control>
						</itemlayout>
						<focusedlayout height="186" width="193">
							<control type="image">
								<left>48</left>
								<top>0</top>
								<width>95</width>
								<height>145</height>
								<bordertexture border="5" colordiffuse="$VAR[MainColorOne]">folder-focus.png</bordertexture>
								<bordersize>5</bordersize>
								<fadetime>100</fadetime>
								<texture background="true" fallback="DefaultVideo.png">$INFO[ListItem.Thumb]</texture>
								<aspectratio>scale</aspectratio>
							</control>
							<control type="label">
								<left>1</left>
								<top>142</top>
								<width>191</width>
								<height>25</height>
								<font>font12</font>
								<textcolor>white</textcolor>
								<selectedcolor>selected</selectedcolor>
								<align>center</align>
								<label>$INFO[ListItem.Title]</label>
								<scroll>true</scroll>
							</control>
						</focusedlayout>
					</control>
				</control>
			</control>
			<control type="group">
				<control type="scrollbar" id="60">
					<left>850</left>
					<top>78</top>
					<width>25</width>
					<height>560</height>
					<texturesliderbackground border="10,14,10,14">ScrollBarV.png</texturesliderbackground>
					<texturesliderbar border="10,14,10,14">ScrollBarV_bar.png</texturesliderbar>
					<texturesliderbarfocus border="10,14,10,14" colordiffuse="$VAR[MainColorOne]">ScrollBarV_bar_focus.png</texturesliderbarfocus>
					<textureslidernib colordiffuse="$VAR[MainColorOne]">ScrollBarNib.png</textureslidernib>
					<textureslidernibfocus colordiffuse="$VAR[MainColorOne]">ScrollBarNib.png</textureslidernibfocus>
					<onleft>5000</onleft>
					<onright>132</onright>
					<onup>700</onup>
					<ondown>600</ondown>
					<showonepage>true</showonepage>
					<orientation>vertical</orientation>
				</control>
				<control type="group">
					<left>910</left>
					<top>90</top>
					<control type="image">
                		<texture>special://home/addons/script.extendedinfo/resources/skins/Default/media/moviedb.png</texture>
                		<left>20</left>
                		<top>20</top>
                		<width>260</width>
                		<height>200</height>
                		<aspectratio align="left">keep</aspectratio>
                		<animation type="WindowOpen" reversible="false">
                    		<effect type="slide" start="0,-1000" end="0,0" delay="0" tween="sine" time="1000" />
                    		<effect type="fade" start="0" end="100" delay="0" tween="sine" time="2000" />
                    		<effect type="rotatex" start="0" end="75" delay="3000" center="300,0" tween="sine" time="750" />
                    		<effect type="fade" start="100" end="0" delay="3750" time="0" />
                		</animation>
            		</control>
		            <control type="image">
        		        <texture>$INFO[Window.Property(thumb)]</texture>
        		        <left>0</left>
        		        <top>20</top>
        		        <width>300</width>
        		        <height>200</height>
        		        <fadetime>600</fadetime>
						<bordertexture border="8">ThumbShadow.png</bordertexture>
						<bordersize>9</bordersize>
        		        <aspectratio>scale</aspectratio>
        		        <animation type="WindowOpen" reversible="false">
        		            <effect type="rotatex" start="75" end="0" delay="3750" center="300,0" tween="sine" time="750" />
        		            <effect type="fade" start="0" end="100" delay="3750" time="0" />
        		        </animation>
        		    </control>
					<control type="label">
						<description>Show Title txt</description>
						<left>10</left>
						<top>0</top>
						<width>290</width>
						<height>15</height>
						<label>$INFO[Window.Property(title)]</label>
						<align>center</align>
						<aligny>center</aligny>
						<font>font13_title</font>
						<textcolor>white</textcolor>
						<shadowcolor>black</shadowcolor>
						<scroll>true</scroll>
						<scrollspeed>50</scrollspeed>
					</control>
					<control type="grouplist" id="4000">
						<top>220</top>
						<height>400</height>
						<width>310</width>
						<itemgap>20</itemgap>
                  	  	<scrolltime tween="sine">400</scrolltime>
                    	<orientation>vertical</orientation>
                    	<usecontrolcoords>true</usecontrolcoords>
						<control type="label">
							<left>5</left>
	                        <align>left</align>
    	                    <textcolor>$VAR[MainColorOne]</textcolor>
    	                    <font>font12</font>
    	                    <label>$INFO[Window.Property(AlsoKnownAs),$ADDON[script.extendedinfo 32016]: [COLOR=white],[/COLOR]]</label>
    	                    <visible>!String.IsEmpty(Window.Property(AlsoKnownAs))</visible>
    	                </control>
    	                <control type="label">
							<left>5</left>
    	                    <align>left</align>
    	                    <textcolor>$VAR[MainColorOne]</textcolor>
    	                    <font>font12</font>
    	                    <label>$INFO[Window.Property(Birthday),$ADDON[script.extendedinfo 32012]: [COLOR=white],[/COLOR]] $INFO[Window.Property(Age),$ADDON[script.extendedinfo 32020]: [COLOR=white],[/COLOR]]</label>
    	                    <visible>!String.IsEmpty(Window.Property(Birthday))</visible>
    	                </control>
    	                <control type="label">
							<left>5</left>
    	                    <align>left</align>
    	                    <textcolor>$VAR[MainColorOne]</textcolor>
    	                    <font>font12</font>
    	                    <label>$INFO[Window.Property(PlaceOfBirth),$ADDON[script.extendedinfo 32014]: [COLOR=white],[/COLOR]]</label>
    	                    <visible>!String.IsEmpty(Window.Property(PlaceOfBirth))</visible>
    	                </control>
    	                <control type="label">
							<left>5</left>
    	                    <align>left</align>
    	                    <textcolor>$VAR[MainColorOne]</textcolor>
    	                    <font>font12</font>
    	                    <label>$INFO[Window.Property(TotalMovies),$ADDON[script.extendedinfo 32011]: [COLOR=white],[/COLOR]]</label>
    	                    <visible>!String.IsEmpty(Window.Property(TotalMovies))</visible>
    	                </control>
    	                <control type="label">
							<left>5</left>
    	                    <align>left</align>
    	                    <textcolor>$VAR[MainColorOne]</textcolor>
    	                    <font>font12</font>
    	                    <label>$INFO[Window.Property(DBMovies),$ADDON[script.extendedinfo 32021]: [COLOR=white],[/COLOR]]</label>
    	                    <visible>!String.IsEmpty(Window.Property(DBMovies))</visible>
    	                </control>
    	                <control type="label">
							<left>5</left>
    	                    <align>left</align>
    	                    <textcolor>$VAR[MainColorOne]</textcolor>
    	                    <font>font12</font>
    	                    <label>$INFO[Window.Property(Homepage),$ADDON[script.extendedinfo 32017]: [COLOR=white],[/COLOR]]</label>
    	                    <visible>!String.IsEmpty(Window.Property(Homepage))</visible>
    	                </control>
    	                <control type="label">
							<left>5</left>
    	                    <align>left</align>
    	                    <textcolor>$VAR[MainColorOne]</textcolor>
    	                    <font>font12</font>
    	                    <label>$INFO[Window.Property(Deathday),$ADDON[script.extendedinfo 32013]: [COLOR=white],[/COLOR]]</label>
    	                    <visible>!String.IsEmpty(Window.Property(Deathday))</visible>
    	                </control>
    	                <control type="group" id="140">
    	                    <height>210</height>
    	                    <control type="button" id="132">
    	                        <posx>0</posx>
    	                        <posy>5</posy>
    	                        <width>310</width>
    	                        <height>210</height>
    	                        <radioposx>30</radioposx>
    	                        <radioposy>20</radioposy>
    	                        <radiowidth>46</radiowidth>
    	                        <radioheight>46</radioheight>
    	                        <onup>SetFocus(20000)</onup>
    	                        <ondown>150</ondown>
								<onleft>60</onleft>
								<onright>4000</onright>
    	                        <include>MenuButton</include>
    	                        <label></label>
    	                    </control>
    	                    <control type="textbox" id="800">
    	                        <posx>5</posx>
    	                        <posy>10</posy>
    	                        <width>295</width>
    	                        <height>200</height>
    	                        <align>left</align>
    	                        <label fallback="No info available">$INFO[Window.Property(Biography)]</label>
    	                        <font>font12</font>
    	                        <autoscroll delay="10000" time="2000" repeat="10000">true</autoscroll>
    	                    </control>
						</control>
					</control>
				</control>
			</control>
        </control>
		<control type="group">
			<depth>DepthFooter</depth>
			<include>CommonNowPlaying</include>
		</control>
		<include>FloorReturnButtons</include>
		<include>BehindDialogFadeOut</include>
		<include>ScrollOffsetLabel</include>
		<include content="CommonWindowHeader">
			<param name="Icon" value="icon_video" />
			<param name="Label" value="ExtendedInfo Script" />
		</include>
    </controls>
</window>
