<?xml version="1.0" encoding="UTF-8"?>
<window>
	<defaultcontrol always="true">10</defaultcontrol>
	<coordinates>
		<system>1</system>
		<left>275</left>
		<top>30</top>
	</coordinates>
	<include>dialogeffect</include>
	<controls>
		<include name="DialogBackgroundCommons">
			<param name="DialogBackgroundWidth" value="730" />
			<param name="DialogBackgroundHeight" value="660" />
			<param name="DialogHeaderWidth" value="650" />
			<param name="DialogHeaderLabel" value="$LOCALIZE[19053]" />
			<param name="DialogHeaderId" value="2" />
			<param name="CloseButtonLeft" value="640" />
			<param name="CloseButtonNav" value="10" />
		</include>
		<control type="label">
			<description>Title label</description>
			<left>40</left>
			<top>70</top>
			<width>650</width>
			<height>30</height>
			<font>font13_title</font>
			<label>$INFO[ListItem.Title]</label>
			<align>center</align>
			<aligny>center</aligny>
			<textcolor>$VAR[MainColorOne]</textcolor>
			<shadowcolor>black</shadowcolor>
		</control>
		<control type="group">
			<left>40</left>
			<top>140</top>
			<control type="label">
				<description>Start Date</description>
				<left>10</left>
				<top>0</top>
				<width>160</width>
				<height>25</height>
				<align>right</align>
				<aligny>center</aligny>
				<font>font13</font>
				<textcolor>$VAR[MainColorOne]</textcolor>
				<label>$LOCALIZE[552]:</label>
			</control>
			<control type="label">
				<description>Start date value</description>
				<left>180</left>
				<top>0</top>
				<width>470</width>
				<height>25</height>
				<align>left</align>
				<aligny>center</aligny>
				<font>font13</font>
				<textcolor>white</textcolor>
				<label>$INFO[ListItem.StartDate]</label>
			</control>
			<control type="label">
				<description>Start time</description>
				<left>10</left>
				<top>35</top>
				<width>160</width>
				<height>25</height>
				<align>right</align>
				<aligny>center</aligny>
				<font>font13</font>
				<textcolor>$VAR[MainColorOne]</textcolor>
				<label>$LOCALIZE[142]</label>
			</control>
			<control type="label">
				<description>Start Time value</description>
				<left>180</left>
				<top>35</top>
				<width>470</width>
				<height>25</height>
				<align>left</align>
				<aligny>center</aligny>
				<font>font13</font>
				<textcolor>white</textcolor>
				<label>$INFO[ListItem.StartTime]</label>
			</control>
			<control type="label">
				<description>Channel Name</description>
				<left>10</left>
				<top>70</top>
				<width>160</width>
				<height>25</height>
				<align>right</align>
				<aligny>center</aligny>
				<font>font13</font>
				<textcolor>$VAR[MainColorOne]</textcolor>
				<label>$LOCALIZE[19148]:</label>
			</control>
			<control type="fadelabel">
				<description>Channel Value</description>
				<left>180</left>
				<top>70</top>
				<width>470</width>
				<height>25</height>
				<align>left</align>
				<aligny>center</aligny>
				<font>font13</font>
				<textcolor>white</textcolor>
				<label>$INFO[ListItem.ChannelName]</label>
			</control>
			<control type="label">
				<description>Duration</description>
				<left>10</left>
				<top>105</top>
				<width>160</width>
				<height>25</height>
				<align>right</align>
				<aligny>center</aligny>
				<font>font13</font>
				<textcolor>$VAR[MainColorOne]</textcolor>
				<label>$LOCALIZE[180]:</label>
			</control>
			<control type="label">
				<description>Duration value</description>
				<left>180</left>
				<top>105</top>
				<width>470</width>
				<label>$INFO[ListItem.Duration]</label>
				<align>left</align>
				<font>font13</font>
				<scroll>true</scroll>
			</control>
			<control type="label">
				<description>Genre</description>
				<left>10</left>
				<top>140</top>
				<width>160</width>
				<height>25</height>
				<align>right</align>
				<aligny>center</aligny>
				<font>font13</font>
				<textcolor>$VAR[MainColorOne]</textcolor>
				<label>$LOCALIZE[135]:</label>
			</control>
			<control type="label">
				<description>Genre value</description>
				<left>180</left>
				<top>140</top>
				<width>470</width>
				<label fallback="161">$INFO[ListItem.Genre]</label>
				<align>left</align>
				<font>font13</font>
				<scroll>true</scroll>
			</control>
			<control type="label">
				<description>Subtitle value</description>
				<left>40</left>
				<top>185</top>
				<width>650</width>
				<label>$INFO[ListItem.PlotOutline]</label>
				<align>center</align>
				<font>font13</font>
				<textcolor>$VAR[MainColorOne]</textcolor>
				<scroll>true</scroll>
				<visible>!IsEmpty(ListItem.PlotOutline)</visible>
			</control>
		</control>
		<control type="label">
			<left>210</left>
			<top>370</top>
			<width>400</width>
			<height>30</height>
			<font>font12</font>
			<textcolor>grey</textcolor>
			<shadowcolor>black</shadowcolor>
			<scroll>true</scroll>
			<align>right</align>
			<aligny>center</aligny>
			<label>[COLOR=$VAR[MainColorOne]]$LOCALIZE[207][/COLOR]$INFO[Container(400).CurrentPage, ( $LOCALIZE[31024] ]$INFO[Container(400).NumPages,/, )]</label>
		</control>
		<control type="spincontrol" id="60">
			<description>Next page button</description>
			<left>620</left>
			<top>375</top>
			<subtype>page</subtype>
			<font>-</font>
			<onleft>60</onleft>
			<onright>60</onright>
			<ondown>9000</ondown>
			<onup>9000</onup>
			<textcolor>-</textcolor>
			<showonepage>true</showonepage>
		</control>
		<control type="textbox" id="400">
			<description>PLOT</description>
			<left>40</left>
			<top>402</top>
			<width>650</width>
			<height>178</height>
			<font>font13</font>
			<align>justify</align>
			<pagecontrol>60</pagecontrol>
			<label fallback="161">$INFO[ListItem.Plot]</label>
		</control>
		<control type="grouplist" id="9000">
			<left>40</left>
			<top>590</top>
			<width>640</width>
			<height>40</height>
			<itemgap>5</itemgap>
			<align>center</align>
			<orientation>horizontal</orientation>
			<onleft>9000</onleft>
			<onright>9000</onright>
			<onup>60</onup>
			<ondown>60</ondown>
			<control type="button" id="10">
				<description>OK</description>
				<include>ButtonInfoDialogsCommonValues</include>
				<label>186</label>
			</control>
		</control>
	</controls>
</window>