<?xml version="1.0" encoding="UTF-8"?>
<window>
    <defaultcontrol always="true">50</defaultcontrol>
    <menucontrol>9000</menucontrol>
    <views>50,51,500,550,551,509,506,507,511,512,513</views>
    <onunload>ClearProperty(SideBladeOpen)</onunload>
    <controls>
        <include>CommonBackground</include>
        <include condition="Skin.HasSetting(ShowExtraFanArt)">FanArtExtraThumbs</include>
        <include>ContentPanelBackgrounds</include>
        <control type="group">
            <include>Window_OpenClose_Animation</include>
            <!-- view id = 50 -->
            <include>CommonRootView</include>
            <!-- view id = 51 -->
            <include>FullWidthList</include>
            <!-- view id = 500 -->
            <include>ThumbnailView</include>
            <!-- view id = 506 -->
            <include>MusicInfoListView</include>
            <!-- view id = 507 -->
            <include>NowPlaying</include>
            <!-- view id = 509 -->
            <include>AlbumWrapView2_Fanart</include>
            <!-- view id = 511 -->
            <include>MusicVideoInfoListView</include>
            <!-- view id = 512 -->
            <include>ArtistMediaListView</include>
            <!-- view id = 513 -->
            <include>AlbumInfoListView</include>
            <!-- view id = 550 -->
            <include>AddonInfoListView1</include>
            <!-- view id = 551 -->
            <include>AddonInfoThumbView1</include>
        </control>
        <control type="group">
            <depth>DepthFooter</depth>
            <include>CommonPageCount</include>
            <include>CommonNowPlaying</include>
        </control>
        <include>FloorReturnButtons</include>
        <include>BehindDialogFadeOut</include>
        <include>ScrollOffsetLabel</include>
        <include content="CommonWindowHeader">
            <param name="Icon" value="icon_music" />
            <param name="Label" value="$LOCALIZE[10516]" />
        </include>
        <control type="group">
            <visible>!Skin.HasSetting(KioskMode)</visible>
            <left>-375</left>
            <include>SideBladeLeft</include>
            <control type="grouplist" id="9000">
                <left>0</left>
                <top>90</top>
                <width>375</width>
                <height>975</height>
                <onfocus condition="String.IsEmpty(Window.Property(SideBladeOpen))">SetProperty(SideBladeOpen,True)</onfocus>
                <onleft>50</onleft>
                <onright>ClearProperty(SideBladeOpen)</onright>
                <onright>50</onright>
                <onup>9000</onup>
                <ondown>9000</ondown>
                <onback>ClearProperty(SideBladeOpen)</onback>
                <itemgap>0</itemgap>
                <control type="label" id="200">
                    <width>375</width>
                    <height>52</height>
                    <font>font12</font>
                    <label>31006</label>
                    <textcolor>$VAR[MainColorOne]</textcolor>
                    <align>center</align>
                    <aligny>center</aligny>
                </control>
                <control type="button" id="2">
                    <description>View As button</description>
                    <textwidth>352</textwidth>
                    <include>ButtonCommonValues</include>
                    <label></label>
                </control>
                <control type="button" id="3">
                    <description>Sort by button</description>
                    <include>ButtonCommonValues</include>
                    <label>103</label>
                </control>
                <control type="togglebutton" id="4">
                    <description>Sort asc</description>
                    <include>ButtonCommonValues</include>
                    <include>NormalButton</include>
                    <include>AltButton</include>
                    <alttexturenofocus></alttexturenofocus>
                    <label>31051</label>
                    <altlabel>31050</altlabel>
                    <usealttexture>Container.SortDirection(Ascending)</usealttexture>
                </control>
                <control type="radiobutton" id="99">
                    <description>Library button</description>
                    <include>ButtonCommonValues</include>
                    <label>$LOCALIZE[31321]</label>
                    <onclick>Skin.ToggleSetting(Music_Librarymode)</onclick>
                    <onclick>ReplaceWindow(1197)</onclick>
                    <selected>Skin.HasSetting(Music_Librarymode)</selected>
                    <visible>!Container.Content(Songs) + !Container.Content(Artists) + !Container.Content(Albums) + !Container.Content(Episodes) + !Container.Content(genres) + !Container.Content(years) + !Container.Content(playlists) + !Container.Content(studios) + !Container.Content(directors) + !Container.Content(tags) + !Container.Content(addons)</visible>
                </control>
                <control type="edit" id="19">
                    <visible>Container.CanFilter + !Container.CanFilterAdvanced</visible>
                    <description>Filter</description>
                    <textwidth>345</textwidth>
                    <include>ButtonCommonValues</include>
                    <label>587</label>
                </control>
                <control type="radiobutton" id="98">
                    <visible>Container.CanFilterAdvanced</visible>
                    <description>Filter</description>
                    <include>ButtonCommonValues</include>
                    <label>587</label>
                    <selected>Container.Filtered</selected>
                    <onclick>right</onclick>
                    <onclick>Filter</onclick>
                </control>
                <control type="radiobutton" id="100">
                    <description>Show Info Toggle</description>
                    <textwidth>255</textwidth>
                    <include>ButtonCommonValues</include>
                    <label>31005</label>
                    <onclick>Skin.ToggleSetting(View509HideInfo)</onclick>
                    <selected>Skin.HasSetting(View509HideInfo)</selected>
                    <visible>Control.IsVisible(509)</visible>
                </control>
                <control type="label" id="201">
                    <width>375</width>
                    <height>52</height>
                    <font>font12</font>
                    <label>31026</label>
                    <textcolor>$VAR[MainColorOne]</textcolor>
                    <align>center</align>
                    <aligny>center</aligny>
                </control>
                <control type="button" id="8">
                    <description>Search</description>
                    <include>ButtonCommonValues</include>
                    <label>137</label>
                </control>
                <control type="radiobutton" id="16">
                    <description>PartyMode</description>
                    <label>589</label>
                    <include>ButtonCommonValues</include>
                </control>
                <control type="label" id="203">
                    <width>375</width>
                    <height>52</height>
                    <font>font12</font>
                    <label>31039</label>
                    <textcolor>$VAR[MainColorOne]</textcolor>
                    <align>center</align>
                    <aligny>center</aligny>
                </control>
                <control type="togglebutton" id="20">
                    <description>Update library</description>
                    <textwidth>352</textwidth>
                    <include>ButtonCommonValues</include>
                    <label>653</label>
                    <altlabel>13353</altlabel>
                    <include>NormalButton</include>
                    <include>AltButton</include>
                    <alttexturenofocus></alttexturenofocus>
                    <usealttexture>library.isscanningmusic</usealttexture>
                </control>
                <control type="button" id="204">
                    <description>Get more</description>
                    <textwidth>352</textwidth>
                    <include>ButtonCommonValues</include>
                    <label>21452</label>
                    <onclick>ActivateWindow(addonbrowser,addons://more/audio/,return)</onclick>
                    <visible>Container.Content(addons)</visible>
                </control>
                <include>CommonNowPlaying_Controls</include>
            </control>
        </control>
    </controls>
</window>
