<?xml version="1.0" encoding="UTF-8"?>
<includes>
    <include name="MusicInfoListView">
        <control type="group">
            <visible>Control.IsVisible(506)</visible>
            <include>VisibleFadeEffect</include>
            <control type="list" id="506">
                <left>105</left>
                <top>112</top>
                <width>1170</width>
                <height>842</height>
                <onleft>2</onleft>
                <onright>60</onright>
                <onup>506</onup>
                <ondown>506</ondown>
                <viewtype label="$LOCALIZE[544]">list</viewtype>
                <pagecontrol>60</pagecontrol>
                <scrolltime>200</scrolltime>
                <visible>Container.Content(Files) | Window.IsVisible(MusicPlaylist) |  Container.Content(Songs) | Container.Content(Albums)</visible>
                <itemlayout height="60" width="1170">
                    <control type="image">
                        <left>0</left>
                        <top>0</top>
                        <width>1170</width>
                        <height>62</height>
                        <texture border="0,2,0,2">MenuItemNF.png</texture>
                    </control>
                    <control type="label">
                        <left>15</left>
                        <top>0</top>
                        <width>1095</width>
                        <height>60</height>
                        <font>font13</font>
                        <textcolor>grey2</textcolor>
                        <selectedcolor>selected</selectedcolor>
                        <align>left</align>
                        <aligny>center</aligny>
                        <label>$INFO[ListItem.Label]</label>
                    </control>
                    <control type="label">
                        <left>90</left>
                        <top>0</top>
                        <width>1050</width>
                        <height>60</height>
                        <font>font12</font>
                        <textcolor>grey2</textcolor>
                        <selectedcolor>selected</selectedcolor>
                        <align>right</align>
                        <aligny>center</aligny>
                        <label>$INFO[ListItem.Label2]</label>
                    </control>
                </itemlayout>
                <focusedlayout height="60" width="1140">
                    <control type="image">
                        <left>0</left>
                        <top>0</top>
                        <width>1140</width>
                        <height>62</height>
                        <texture border="0,2,0,2">MenuItemNF.png</texture>
                        <visible>!Control.HasFocus(506)</visible>
                        <include>VisibleFadeEffect</include>
                    </control>
                    <control type="image">
                        <left>0</left>
                        <top>0</top>
                        <width>1170</width>
                        <height>62</height>
                        <texture border="0,2,0,2" colordiffuse="$VAR[MainColorOne]">$VAR[SelectMenuItem]</texture>
                        <visible>Control.HasFocus(506)</visible>
                        <include>VisibleFadeEffect</include>
                    </control>
                    <control type="label">
                        <left>15</left>
                        <top>0</top>
                        <width>1095</width>
                        <height>60</height>
                        <font>font13</font>
                        <textcolor>white</textcolor>
                        <selectedcolor>selected</selectedcolor>
                        <align>left</align>
                        <aligny>center</aligny>
                        <label>$INFO[ListItem.Label]</label>
                    </control>
                    <control type="label">
                        <left>90</left>
                        <top>0</top>
                        <width>1050</width>
                        <height>60</height>
                        <font>font12</font>
                        <textcolor>grey2</textcolor>
                        <selectedcolor>selected</selectedcolor>
                        <align>right</align>
                        <aligny>center</aligny>
                        <label>$INFO[ListItem.Label2]</label>
                    </control>
                </focusedlayout>
            </control>
            <control type="scrollbar" id="60">
                <left>1275</left>
                <top>117</top>
                <width>38</width>
                <height>840</height>
                <texturesliderbackground border="0,14,0,14">ScrollBarV.png</texturesliderbackground>
                <texturesliderbar border="2,16,2,16">ScrollBarV_bar.png</texturesliderbar>
                <texturesliderbarfocus border="2,16,2,16" colordiffuse="$VAR[MainColorOne]">ScrollBarV_bar_focus.png</texturesliderbarfocus>
                <textureslidernib colordiffuse="$VAR[MainColorOne]">ScrollBarNib.png</textureslidernib>
                <textureslidernibfocus colordiffuse="$VAR[MainColorOne]">ScrollBarNib.png</textureslidernibfocus>
                <onleft>506</onleft>
                <onright>800</onright>
                <showonepage>true</showonepage>
                <orientation>vertical</orientation>
                <visible>Control.IsVisible(506)</visible>
            </control>
            <control type="group">
                <visible>Control.IsVisible(506)</visible>
                <left>1365</left>
                <top>120</top>
                <control type="label">
                    <left>15</left>
                    <top>0</top>
                    <width>435</width>
                    <height>30</height>
                    <label>$LOCALIZE[544]</label>
                    <align>center</align>
                    <aligny>center</aligny>
                    <font>font13</font>
                    <textcolor>white</textcolor>
                </control>
                <control type="image">
                    <left>15</left>
                    <top>30</top>
                    <width>435</width>
                    <height>435</height>
                    <aspectratio aligny="bottom">keep</aspectratio>
                    <fadetime>IconCrossfadeTime</fadetime>
                    <texture background="true">$INFO[ListItem.Icon]</texture>
                    <bordertexture border="8">ThumbShadow.png</bordertexture>
                    <bordersize>8</bordersize>
                </control>
                <control type="label">
                    <left>15</left>
                    <top>472</top>
                    <width>435</width>
                    <height>38</height>
                    <label>$INFO[ListItem.Artist]</label>
                    <scroll>true</scroll>
                    <align>center</align>
                    <aligny>center</aligny>
                    <font>font24_title</font>
                    <textcolor>white</textcolor>
                    <shadowcolor>black</shadowcolor>
                </control>
                <control type="label">
                    <left>15</left>
                    <top>540</top>
                    <width>435</width>
                    <height>38</height>
                    <label>$INFO[ListItem.Album]</label>
                    <wrapmultiline>true</wrapmultiline>
                    <align>center</align>
                    <aligny>center</aligny>
                    <font>font13</font>
                    <textcolor>grey2</textcolor>
                    <shadowcolor>black</shadowcolor>
                </control>
                <control type="label">
                    <left>15</left>
                    <top>580</top>
                    <width>435</width>
                    <height>38</height>
                    <label>$INFO[ListItem.DiscNumber,Disc ]</label>
                    <wrapmultiline>true</wrapmultiline>
                    <align>center</align>
                    <aligny>center</aligny>
                    <font>font13</font>
                    <textcolor>grey2</textcolor>
                    <shadowcolor>black</shadowcolor>
                </control>
                <control type="label">
                    <left>15</left>
                    <top>630</top>
                    <width>435</width>
                    <height>38</height>
                    <label>$INFO[ListItem.Title]</label>
                    <scroll>true</scroll>
                    <align>center</align>
                    <aligny>top</aligny>
                    <font>font13_title</font>
                    <textcolor>white</textcolor>
                    <shadowcolor>black</shadowcolor>
                    <wrapmultiline>true</wrapmultiline>
                    <visible>!Container.Content(Albums)</visible>
                </control>
                <control type="label">
                    <left>15</left>
                    <top>630</top>
                    <width>435</width>
                    <height>38</height>
                    <label>$INFO[ListItem.Genre]</label>
                    <scroll>true</scroll>
                    <align>center</align>
                    <aligny>top</aligny>
                    <font>font13_title</font>
                    <textcolor>white</textcolor>
                    <shadowcolor>black</shadowcolor>
                    <wrapmultiline>true</wrapmultiline>
                    <visible>Container.Content(Albums)</visible>
                </control>
                <control type="label">
                    <description>Trackno txt</description>
                    <left>15</left>
                    <top>720</top>
                    <width>435</width>
                    <height>38</height>
                    <label>[COLOR=$VAR[MainColorOne]]$LOCALIZE[31310]: [/COLOR]$INFO[listitem.TrackNumber]</label>
                    <align>center</align>
                    <aligny>center</aligny>
                    <font>font13</font>
                    <textcolor>white</textcolor>
                    <visible>!Container.Content(Albums)</visible>
                </control>
                <control type="label">
                    <description>Year txt</description>
                    <left>15</left>
                    <top>758</top>
                    <width>435</width>
                    <height>38</height>
                    <label>[COLOR=$VAR[MainColorOne]]$LOCALIZE[345]: [/COLOR]$INFO[listitem.Year]</label>
                    <align>center</align>
                    <aligny>center</aligny>
                    <font>font13</font>
                    <textcolor>white</textcolor>
                </control>
                <control type="label">
                    <description>Rating txt</description>
                    <left>15</left>
                    <top>795</top>
                    <width>435</width>
                    <height>38</height>
                    <label>$INFO[ListItem.Rating,[COLOR=$VAR[MainColorOne]]$LOCALIZE[563]: [/COLOR]]</label>
                    <align>center</align>
                    <aligny>center</aligny>
                    <font>font13</font>
                    <textcolor>white</textcolor>
                    <visible>Container.Content(Albums)</visible>
                </control>
                <control type="label">
                    <description>UserRating txt</description>
                    <left>15</left>
                    <top>795</top>
                    <width>435</width>
                    <height>38</height>
                    <label>$INFO[ListItem.UserRating,[COLOR=$VAR[MainColorOne]]$LOCALIZE[38018]: [/COLOR]]</label>
                    <align>center</align>
                    <aligny>center</aligny>
                    <font>font13</font>
                    <textcolor>white</textcolor>
                    <visible>Container.Content(Songs)</visible>
                </control>
            </control>
        </control>
    </include>
    <include name="NowPlaying">
        <control type="group">
            <visible>Control.IsVisible(507)</visible>
            <include>VisibleFadeEffect</include>
            <control type="list" id="507">
                <left>105</left>
                <top>112</top>
                <width>1170</width>
                <height>842</height>
                <onleft>2</onleft>
                <onright>60</onright>
                <onup>507</onup>
                <ondown>507</ondown>
                <viewtype label="$LOCALIZE[31040]">list</viewtype>
                <pagecontrol>60</pagecontrol>
                <scrolltime>200</scrolltime>
                <visible>Window.IsVisible(MusicPlaylist) | Window.IsVisible(10502)</visible>
                <itemlayout height="60" width="1170">
                    <control type="image">
                        <left>0</left>
                        <top>0</top>
                        <width>1170</width>
                        <height>62</height>
                        <texture border="0,2,0,2">MenuItemNF.png</texture>
                    </control>
                    <control type="label">
                        <left>15</left>
                        <top>0</top>
                        <width>1095</width>
                        <height>60</height>
                        <font>font13</font>
                        <textcolor>grey2</textcolor>
                        <selectedcolor>selected</selectedcolor>
                        <align>left</align>
                        <aligny>center</aligny>
                        <label>$INFO[ListItem.Label]</label>
                    </control>
                    <control type="label">
                        <left>90</left>
                        <top>0</top>
                        <width>1050</width>
                        <height>60</height>
                        <font>font12</font>
                        <textcolor>grey2</textcolor>
                        <selectedcolor>selected</selectedcolor>
                        <align>right</align>
                        <aligny>center</aligny>
                        <label>$INFO[ListItem.Label2]</label>
                    </control>
                </itemlayout>
                <focusedlayout height="60" width="1140">
                    <control type="image">
                        <left>0</left>
                        <top>0</top>
                        <width>1140</width>
                        <height>62</height>
                        <texture border="0,2,0,2">MenuItemNF.png</texture>
                        <visible>!Control.HasFocus(507)</visible>
                        <include>VisibleFadeEffect</include>
                    </control>
                    <control type="image">
                        <left>0</left>
                        <top>0</top>
                        <width>1170</width>
                        <height>62</height>
                        <texture border="0,2,0,2" colordiffuse="$VAR[MainColorOne]">$VAR[SelectMenuItem]</texture>
                        <visible>Control.HasFocus(507)</visible>
                        <include>VisibleFadeEffect</include>
                    </control>
                    <control type="label">
                        <left>15</left>
                        <top>0</top>
                        <width>1095</width>
                        <height>60</height>
                        <font>font13</font>
                        <textcolor>white</textcolor>
                        <selectedcolor>selected</selectedcolor>
                        <align>left</align>
                        <aligny>center</aligny>
                        <label>$INFO[ListItem.Label]</label>
                    </control>
                    <control type="label">
                        <left>90</left>
                        <top>0</top>
                        <width>1050</width>
                        <height>60</height>
                        <font>font12</font>
                        <textcolor>grey2</textcolor>
                        <selectedcolor>selected</selectedcolor>
                        <align>right</align>
                        <aligny>center</aligny>
                        <label>$INFO[ListItem.Label2]</label>
                    </control>
                </focusedlayout>
            </control>
            <control type="scrollbar" id="60">
                <left>1275</left>
                <top>117</top>
                <width>37</width>
                <height>840</height>
                <texturesliderbackground border="14,0,14,0">ScrollBarV.png</texturesliderbackground>
                <texturesliderbar border="14,0,14,0">ScrollBarV_bar.png</texturesliderbar>
                <texturesliderbarfocus border="14,0,14,0" colordiffuse="$VAR[MainColorOne]">ScrollBarV_bar_focus.png</texturesliderbarfocus>
                <textureslidernib colordiffuse="$VAR[MainColorOne]">ScrollBarNib.png</textureslidernib>
                <textureslidernibfocus colordiffuse="$VAR[MainColorOne]">ScrollBarNib.png</textureslidernibfocus>
                <onleft>506</onleft>
                <onright>2</onright>
                <showonepage>false</showonepage>
                <orientation>vertical</orientation>
                <visible>Control.IsVisible(507)</visible>
            </control>
            <control type="group">
                <visible>Control.IsVisible(507)</visible>
                <left>1365</left>
                <top>120</top>
                <control type="label">
                    <left>15</left>
                    <top>0</top>
                    <width>435</width>
                    <height>30</height>
                    <label>$LOCALIZE[31040]</label>
                    <visible>!Player.HasAudio</visible>
                    <align>center</align>
                    <aligny>center</aligny>
                    <font>font13</font>
                    <textcolor>white</textcolor>
                </control>
                <control type="label">
                    <left>15</left>
                    <top>0</top>
                    <width>435</width>
                    <height>30</height>
                    <label>$LOCALIZE[31040]$INFO[musicplayer.Playlistposition,: ]$INFO[musicplayer.Playlistlength,/]</label>
                    <visible>Player.HasAudio</visible>
                    <align>center</align>
                    <aligny>center</aligny>
                    <font>font13</font>
                    <textcolor>white</textcolor>
                </control>
                <control type="image">
                    <left>15</left>
                    <top>30</top>
                    <width>435</width>
                    <height>435</height>
                    <aspectratio aligny="bottom">keep</aspectratio>
                    <fadetime>IconCrossfadeTime</fadetime>
                    <texture background="true">$INFO[Player.Art(thumb)]</texture>
                    <bordertexture border="8">ThumbShadow.png</bordertexture>
                    <bordersize>8</bordersize>
                </control>
                <control type="label">
                    <left>15</left>
                    <top>472</top>
                    <width>435</width>
                    <height>67</height>
                    <label>$INFO[MusicPlayer.Title]</label>
                    <wrapmultiline>true</wrapmultiline>
                    <scroll>true</scroll>
                    <align>left</align>
                    <font>font13_title</font>
                    <textcolor>white</textcolor>
                    <shadowcolor>black</shadowcolor>
                </control>
                <control type="label">
                    <left>15</left>
                    <top>540</top>
                    <width>435</width>
                    <height>67</height>
                    <label>$INFO[MusicPlayer.Artist]</label>
                    <wrapmultiline>true</wrapmultiline>
                    <scroll>true</scroll>
                    <align>left</align>
                    <font>font13_title</font>
                    <textcolor>white</textcolor>
                    <shadowcolor>black</shadowcolor>
                </control>
                <control type="image">
                    <left>15</left>
                    <top>622</top>
                    <width>252</width>
                    <height>30</height>
                    <texture fallback="ratings/0.png">$INFO[MusicPlayer.UserRating,ratings/,.png]</texture>
                    <visible>Player.HasAudio</visible>
                </control>
                <control type="label">
                    <left>15</left>
                    <top>660</top>
                    <width>435</width>
                    <height>30</height>
                    <label>$INFO[MusicPlayer.Album]</label>
                    <wrapmultiline>true</wrapmultiline>
                    <scroll>false</scroll>
                    <scrolltime>200</scrolltime>
                    <align>left</align>
                    <font>font13</font>
                    <textcolor>grey2</textcolor>
                    <shadowcolor>black</shadowcolor>
                </control>
                <control type="label">
                    <left>15</left>
                    <top>690</top>
                    <width>435</width>
                    <height>30</height>
                    <label>$INFO[MusicPlayer.DiscNumber,Disc ]</label>
                    <wrapmultiline>true</wrapmultiline>
                    <scroll>false</scroll>
                    <scrolltime>200</scrolltime>
                    <align>left</align>
                    <font>font13</font>
                    <textcolor>grey2</textcolor>
                    <shadowcolor>black</shadowcolor>
                </control>
                <control type="label">
                    <left>15</left>
                    <top>727</top>
                    <width>435</width>
                    <height>30</height>
                    <label>$INFO[MusicPlayer.Year,, | ]$INFO[MusicPlayer.Genre]</label>
                    <wrapmultiline>true</wrapmultiline>
                    <scroll>false</scroll>
                    <scrolltime>200</scrolltime>
                    <align>left</align>
                    <font>font13</font>
                    <textcolor>grey2</textcolor>
                    <shadowcolor>black</shadowcolor>
                    <wrapmultiline>true</wrapmultiline>
                </control>
                <control type="label">
                    <left>15</left>
                    <top>795</top>
                    <width>435</width>
                    <height>30</height>
                    <label>$LOCALIZE[31016]: $INFO[Player.Time(mm:ss)]$INFO[Player.Duration(mm:ss),/]</label>
                    <align>left</align>
                    <font>font13</font>
                    <textcolor>white</textcolor>
                    <visible>Player.HasAudio</visible>
                </control>
            </control>
        </control>
    </include>
    <include name="AlbumWrapView2_Fanart">
        <control type="group">
            <left>0</left>
            <top>525</top>
            <visible>Control.IsVisible(509) + Skin.HasSetting(View509HideInfo)</visible>
            <include>VisibleFadeEffect</include>
            <control type="image">
                <left>0</left>
                <top>0</top>
                <width>1920</width>
                <height>405</height>
                <texture border="1">HomeNowPlayingBack.png</texture>
            </control>
            <control type="label">
                <left>60</left>
                <top>105</top>
                <width>1800</width>
                <height>30</height>
                <font>font24_title</font>
                <textcolor>white</textcolor>
                <shadowcolor>black</shadowcolor>
                <scroll>true</scroll>
                <align>center</align>
                <aligny>center</aligny>
                <label>$INFO[ListItem.Label]</label>
                <animation effect="slide" start="0,0" end="0,30" time="150" condition="!Control.HasFocus(509)">conditional</animation>
            </control>
        </control>
        <control type="group">
            <visible>Control.IsVisible(509)</visible>
            <include>VisibleFadeEffect</include>
            <left>0</left>
            <top>675</top>
            <control type="fixedlist" id="509">
                <depth>DepthContent-</depth>
                <visible>Container.Content(Albums)</visible>
                <hitrect x="0" y="-15" w="1920" h="285" />
                <left>-120</left>
                <top>0</top>
                <width>2040</width>
                <height>375</height>
                <onleft>509</onleft>
                <onright>509</onright>
                <onup>2</onup>
                <ondown>60</ondown>
                <viewtype label="31029">wrap</viewtype>
                <pagecontrol>60</pagecontrol>
                <scrolltime>200</scrolltime>
                <focusposition>4</focusposition>
                <movement>2</movement>
                <orientation>horizontal</orientation>
                <preloaditems>4</preloaditems>
                <itemlayout height="300" width="240">
                    <control type="image">
                        <left>3</left>
                        <top>30</top>
                        <width>240</width>
                        <height>240</height>
                        <aspectratio>stretch</aspectratio>
                        <bordertexture border="5">button-nofocus.png</bordertexture>
                        <bordersize>4</bordersize>
                        <fadetime>200</fadetime>
                        <texture background="true">$INFO[ListItem.Icon]</texture>
                    </control>
                    <control type="image">
                        <left>9</left>
                        <top>36</top>
                        <width>228</width>
                        <height>228</height>
                        <aspectratio>stretch</aspectratio>
                        <texture>black-back.png</texture>
                        <colordiffuse>AAFFFFFF</colordiffuse>
                    </control>
                    <control type="image">
                        <left>3</left>
                        <top>270</top>
                        <width>240</width>
                        <height>240</height>
                        <aspectratio>stretch</aspectratio>
                        <bordertexture border="5" diffuse="diffuse_mirror2.png">button-nofocus.png</bordertexture>
                        <bordersize>4</bordersize>
                        <fadetime>200</fadetime>
                        <texture background="true" flipy="true" diffuse="diffuse_mirror2.png">$INFO[ListItem.Icon]</texture>
                    </control>
                </itemlayout>
                <focusedlayout height="300" width="240">
                    <control type="image">
                        <depth>DepthContentPopout</depth>
                        <left>-3</left>
                        <top>24</top>
                        <width>252</width>
                        <height>252</height>
                        <aspectratio>stretch</aspectratio>
                        <bordertexture border="8">ThumbBorder.png</bordertexture>
                        <bordersize>8</bordersize>
                        <fadetime>200</fadetime>
                        <texture background="true">$INFO[ListItem.Icon]</texture>
                        <animation reversible="false" effect="zoom" start="-3,24,252,252" end="-18,-6,297,297" time="150">focus</animation>
                        <animation reversible="false" effect="zoom" end="-3,24,252,252" start="-18,-6,297,297" time="150">unfocus</animation>
                    </control>
                    <control type="image">
                        <depth>DepthContentPopout</depth>
                        <left>270</left>
                        <top>488</top>
                        <width>52</width>
                        <height>52</height>
                        <aspectratio>keep</aspectratio>
                        <texture>$INFO[ListItem.Overlay]</texture>
                        <animation type="focus">
                            <effect type="fade" start="0" end="100" time="150" />
                            <effect type="slide" start="0,0" end="60,60" time="150" />
                        </animation>
                        <animation type="unfocus">
                            <effect type="fade" start="100" end="0" time="150" />
                            <effect type="slide" end="0,0" start="60,60" time="150" />
                        </animation>
                    </control>
                </focusedlayout>
            </control>
            <control type="scrollbar" id="60">
                <depth>DepthContent</depth>
                <left>465</left>
                <top>292</top>
                <width>990</width>
                <height>38</height>
                <texturesliderbackground border="14,0,14,0">ScrollBarH.png</texturesliderbackground>
                <texturesliderbar border="14,0,14,0">ScrollBarH_bar.png</texturesliderbar>
                <texturesliderbarfocus border="14,0,14,0" colordiffuse="$VAR[MainColorOne]">ScrollBarH_bar_focus.png</texturesliderbarfocus>
                <textureslidernib colordiffuse="$VAR[MainColorOne]">ScrollBarNib.png</textureslidernib>
                <textureslidernibfocus colordiffuse="$VAR[MainColorOne]">ScrollBarNib.png</textureslidernibfocus>
                <onup>509</onup>
                <ondown>803</ondown>
                <showonepage>true</showonepage>
                <orientation>horizontal</orientation>
                <visible>Control.IsVisible(509)</visible>
            </control>
        </control>
        <control type="group">
            <left>270</left>
            <top>60</top>
            <visible>Control.IsVisible(509) + !Skin.HasSetting(View509HideInfo)</visible>
            <include>VisibleFadeEffect</include>
            <control type="image">
                <left>0</left>
                <top>0</top>
                <width>1380</width>
                <height>615</height>
                <texture border="20">$VAR[DialogPath]ContentPanel.png</texture>
            </control>
            <control type="label">
                <left>60</left>
                <top>30</top>
                <width>1260</width>
                <height>30</height>
                <font>font13</font>
                <textcolor>white</textcolor>
                <shadowcolor>black</shadowcolor>
                <scroll>true</scroll>
                <align>center</align>
                <aligny>center</aligny>
                <label>$INFO[ListItem.Property(Album_Artist)]</label>
            </control>
            <control type="label">
                <left>60</left>
                <top>75</top>
                <width>1260</width>
                <height>30</height>
                <font>font24_title</font>
                <textcolor>$VAR[MainColorOne]</textcolor>
                <shadowcolor>black</shadowcolor>
                <scroll>true</scroll>
                <align>center</align>
                <aligny>center</aligny>
                <label>$INFO[ListItem.Label]</label>
            </control>
            <control type="group">
                <left>60</left>
                <top>120</top>
                <control type="label">
                    <left>0</left>
                    <top>0</top>
                    <width>600</width>
                    <height>45</height>
                    <font>font13_title</font>
                    <textcolor>white</textcolor>
                    <shadowcolor>black</shadowcolor>
                    <scroll>true</scroll>
                    <align>left</align>
                    <aligny>center</aligny>
                    <label>31331</label>
                </control>
                <control type="label">
                    <left>0</left>
                    <top>52</top>
                    <width>1275</width>
                    <height>45</height>
                    <font>font13</font>
                    <textcolor>white</textcolor>
                    <shadowcolor>black</shadowcolor>
                    <scroll>true</scroll>
                    <align>left</align>
                    <aligny>center</aligny>
                    <label>$LOCALIZE[515]: $INFO[ListItem.Genre]</label>
                </control>
                <control type="label">
                    <left>0</left>
                    <top>98</top>
                    <width>1275</width>
                    <height>45</height>
                    <font>font13</font>
                    <textcolor>white</textcolor>
                    <shadowcolor>black</shadowcolor>
                    <scroll>true</scroll>
                    <align>left</align>
                    <aligny>center</aligny>
                    <label>$LOCALIZE[562]: $INFO[ListItem.Year]</label>
                </control>
                <control type="fadelabel">
                    <left>0</left>
                    <top>142</top>
                    <width>600</width>
                    <height>45</height>
                    <font>font13</font>
                    <textcolor>white</textcolor>
                    <shadowcolor>black</shadowcolor>
                    <scroll>true</scroll>
                    <align>left</align>
                    <aligny>center</aligny>
                    <label>$LOCALIZE[563]:</label>
                    <scrollout>false</scrollout>
                    <pauseatend>2000</pauseatend>
                </control>
                <control type="label">
                    <description>Rating value</description>
                    <left>150</left>
                    <top>142</top>
                    <width>240</width>
                    <height>48</height>
                    <label>$INFO[ListItem.Userrating]</label>
                </control>
                <control type="textbox">
                    <description>Description Value for Album</description>
                    <left>0</left>
                    <top>228</top>
                    <width>1275</width>
                    <height>216</height>
                    <font>font13</font>
                    <align>justify</align>
                    <pagecontrol></pagecontrol>
                    <textcolor>white</textcolor>
                    <label>$INFO[ListItem.Property(Album_Description)]</label>
                    <autoscroll time="2000" delay="3000" repeat="5000">Skin.HasSetting(AutoScroll)</autoscroll>
                </control>
            </control>
        </control>
    </include>
    <include name="MusicVideoInfoListView">
        <control type="group">
            <visible>Control.IsVisible(511)</visible>
            <include>VisibleFadeEffect</include>
            <control type="list" id="511">
                <left>105</left>
                <top>112</top>
                <width>1140</width>
                <height>842</height>
                <onleft>2</onleft>
                <onright>60</onright>
                <onup>511</onup>
                <ondown>511</ondown>
                <viewtype label="$LOCALIZE[544]">list</viewtype>
                <pagecontrol>60</pagecontrol>
                <scrolltime>200</scrolltime>
                <visible>Container.Content(MusicVideos)</visible>
                <itemlayout height="60" width="1140">
                    <control type="image">
                        <left>0</left>
                        <top>0</top>
                        <width>1140</width>
                        <height>62</height>
                        <texture border="0,2,0,2">MenuItemNF.png</texture>
                    </control>
                    <control type="label">
                        <left>15</left>
                        <top>0</top>
                        <width>1080</width>
                        <height>60</height>
                        <font>font13</font>
                        <textcolor>grey2</textcolor>
                        <selectedcolor>selected</selectedcolor>
                        <align>left</align>
                        <aligny>center</aligny>
                        <label>$INFO[ListItem.Label]</label>
                    </control>
                    <control type="label">
                        <left>45</left>
                        <top>0</top>
                        <width>1050</width>
                        <height>60</height>
                        <font>font12</font>
                        <textcolor>grey2</textcolor>
                        <selectedcolor>selected</selectedcolor>
                        <align>right</align>
                        <aligny>center</aligny>
                        <label>$INFO[ListItem.Label2]</label>
                    </control>
                    <control type="image">
                        <left>1102</left>
                        <top>21</top>
                        <width>30</width>
                        <height>24</height>
                        <texture>$INFO[ListItem.Overlay]</texture>
                        <aspectratio>keep</aspectratio>
                    </control>
                </itemlayout>
                <focusedlayout height="60" width="1140">
                    <control type="image">
                        <left>0</left>
                        <top>0</top>
                        <width>1140</width>
                        <height>62</height>
                        <texture border="0,2,0,2">MenuItemNF.png</texture>
                        <visible>!Control.HasFocus(511)</visible>
                        <include>VisibleFadeEffect</include>
                    </control>
                    <control type="image">
                        <left>0</left>
                        <top>0</top>
                        <width>1140</width>
                        <height>62</height>
                        <texture border="0,2,0,2" colordiffuse="$VAR[MainColorOne]">$VAR[SelectMenuItem]</texture>
                        <visible>Control.HasFocus(511)</visible>
                        <include>VisibleFadeEffect</include>
                    </control>
                    <control type="label">
                        <left>15</left>
                        <top>0</top>
                        <width>1080</width>
                        <height>60</height>
                        <font>font13</font>
                        <textcolor>white</textcolor>
                        <selectedcolor>selected</selectedcolor>
                        <align>left</align>
                        <aligny>center</aligny>
                        <label>$INFO[ListItem.Label]</label>
                    </control>
                    <control type="label">
                        <left>45</left>
                        <top>0</top>
                        <width>1050</width>
                        <height>60</height>
                        <font>font12</font>
                        <textcolor>grey2</textcolor>
                        <selectedcolor>selected</selectedcolor>
                        <align>right</align>
                        <aligny>center</aligny>
                        <label>$INFO[ListItem.Label2]</label>
                    </control>
                    <control type="image">
                        <left>1102</left>
                        <top>21</top>
                        <width>30</width>
                        <height>24</height>
                        <texture>$INFO[ListItem.Overlay]</texture>
                        <aspectratio>keep</aspectratio>
                    </control>
                </focusedlayout>
            </control>
            <control type="scrollbar" id="60">
                <left>1275</left>
                <top>117</top>
                <width>38</width>
                <height>840</height>
                <texturesliderbackground border="0,14,0,14">ScrollBarV.png</texturesliderbackground>
                <texturesliderbar border="2,16,2,16">ScrollBarV_bar.png</texturesliderbar>
                <texturesliderbarfocus border="2,16,2,16" colordiffuse="$VAR[MainColorOne]">ScrollBarV_bar_focus.png</texturesliderbarfocus>
                <textureslidernib colordiffuse="$VAR[MainColorOne]">ScrollBarNib.png</textureslidernib>
                <textureslidernibfocus colordiffuse="$VAR[MainColorOne]">ScrollBarNib.png</textureslidernibfocus>
                <onleft>511</onleft>
                <onright>800</onright>
                <showonepage>true</showonepage>
                <orientation>vertical</orientation>
                <visible>Control.IsVisible(511)</visible>
            </control>
            <control type="group">
                <left>1365</left>
                <top>120</top>
                <control type="image">
                    <left>15</left>
                    <top>0</top>
                    <width>435</width>
                    <height>345</height>
                    <aspectratio>keep</aspectratio>
                    <fadetime>IconCrossfadeTime</fadetime>
                    <texture background="true">$INFO[ListItem.Icon]</texture>
                    <bordertexture border="8">ThumbShadow.png</bordertexture>
                    <bordersize>8</bordersize>
                </control>
                <control type="grouplist">
                    <description>Media Codec Flagging Images</description>
                    <left>15</left>
                    <top>345</top>
                    <width>435</width>
                    <align>center</align>
                    <itemgap>0</itemgap>
                    <orientation>horizontal</orientation>
                    <include>VideoCodecFlaggingConditions</include>
                    <include>AudioCodecFlaggingConditions</include>
                </control>
                <control type="label">
                    <left>15</left>
                    <top>435</top>
                    <width>435</width>
                    <height>38</height>
                    <label>$INFO[ListItem.Artist]</label>
                    <scroll>true</scroll>
                    <align>center</align>
                    <aligny>center</aligny>
                    <font>font24_title</font>
                    <textcolor>white</textcolor>
                    <shadowcolor>black</shadowcolor>
                </control>
                <control type="label">
                    <left>15</left>
                    <top>525</top>
                    <width>435</width>
                    <height>38</height>
                    <label>$INFO[ListItem.Album]</label>
                    <wrapmultiline>true</wrapmultiline>
                    <align>center</align>
                    <aligny>center</aligny>
                    <font>font13</font>
                    <textcolor>grey2</textcolor>
                    <shadowcolor>black</shadowcolor>
                </control>
                <control type="label">
                    <left>15</left>
                    <top>615</top>
                    <width>435</width>
                    <height>38</height>
                    <label>$INFO[ListItem.Title]</label>
                    <scroll>true</scroll>
                    <align>center</align>
                    <aligny>top</aligny>
                    <font>font13_title</font>
                    <textcolor>white</textcolor>
                    <shadowcolor>black</shadowcolor>
                    <wrapmultiline>true</wrapmultiline>
                    <visible>!Container.Content(Albums)</visible>
                </control>
                <control type="label">
                    <left>15</left>
                    <top>705</top>
                    <width>435</width>
                    <height>38</height>
                    <label>$INFO[ListItem.Studio]</label>
                    <scroll>true</scroll>
                    <align>center</align>
                    <aligny>top</aligny>
                    <font>font13</font>
                    <textcolor>grey2</textcolor>
                    <shadowcolor>black</shadowcolor>
                    <wrapmultiline>true</wrapmultiline>
                </control>
                <control type="label">
                    <description>Year txt</description>
                    <left>15</left>
                    <top>795</top>
                    <width>435</width>
                    <height>38</height>
                    <label>[COLOR=$VAR[MainColorOne]]$LOCALIZE[345]: [/COLOR]$INFO[listitem.Year]</label>
                    <align>center</align>
                    <aligny>center</aligny>
                    <font>font13_title</font>
                    <textcolor>white</textcolor>
                </control>
            </control>
        </control>
    </include>
    <include name="ArtistMediaListView">
        <control type="group">
            <visible>Control.IsVisible(512)</visible>
            <include>VisibleFadeEffect</include>
            <control type="list" id="512">
                <left>105</left>
                <top>117</top>
                <width>870</width>
                <height>842</height>
                <onleft>2</onleft>
                <onright>60</onright>
                <onup>512</onup>
                <ondown>512</ondown>
                <viewtype label="$LOCALIZE[544]">list</viewtype>
                <pagecontrol>60</pagecontrol>
                <scrolltime>200</scrolltime>
                <visible>Container.Content(Artists)</visible>
                <itemlayout height="60" width="870">
                    <control type="image">
                        <left>0</left>
                        <top>0</top>
                        <width>870</width>
                        <height>62</height>
                        <texture border="0,2,0,2">MenuItemNF.png</texture>
                    </control>
                    <control type="label">
                        <left>15</left>
                        <top>0</top>
                        <width>840</width>
                        <height>60</height>
                        <font>font13</font>
                        <textcolor>grey2</textcolor>
                        <selectedcolor>selected</selectedcolor>
                        <align>left</align>
                        <aligny>center</aligny>
                        <label>$INFO[ListItem.Label]</label>
                    </control>
                </itemlayout>
                <focusedlayout height="60" width="870">
                    <control type="image">
                        <left>0</left>
                        <top>0</top>
                        <width>870</width>
                        <height>62</height>
                        <texture border="0,2,0,2">MenuItemNF.png</texture>
                        <visible>!Control.HasFocus(512)</visible>
                        <include>VisibleFadeEffect</include>
                    </control>
                    <control type="image">
                        <left>0</left>
                        <top>0</top>
                        <width>870</width>
                        <height>62</height>
                        <texture border="0,2,0,2" colordiffuse="$VAR[MainColorOne]">$VAR[SelectMenuItem]</texture>
                        <visible>Control.HasFocus(512)</visible>
                        <include>VisibleFadeEffect</include>
                    </control>
                    <control type="label">
                        <left>15</left>
                        <top>0</top>
                        <width>840</width>
                        <height>60</height>
                        <font>font13</font>
                        <textcolor>white</textcolor>
                        <selectedcolor>selected</selectedcolor>
                        <align>left</align>
                        <aligny>center</aligny>
                        <label>$INFO[ListItem.Label]</label>
                    </control>
                </focusedlayout>
            </control>
            <control type="scrollbar" id="60">
                <left>975</left>
                <top>117</top>
                <width>38</width>
                <height>840</height>
                <texturesliderbackground border="0,14,0,14">ScrollBarV.png</texturesliderbackground>
                <texturesliderbar border="0,14,0,14">ScrollBarV_bar.png</texturesliderbar>
                <texturesliderbarfocus border="0,14,0,14" colordiffuse="$VAR[MainColorOne]">ScrollBarV_bar_focus.png</texturesliderbarfocus>
                <textureslidernib colordiffuse="$VAR[MainColorOne]">ScrollBarNib.png</textureslidernib>
                <textureslidernibfocus colordiffuse="$VAR[MainColorOne]">ScrollBarNib.png</textureslidernibfocus>
                <onleft>512</onleft>
                <onright>800</onright>
                <showonepage>true</showonepage>
                <orientation>vertical</orientation>
                <visible>Control.IsVisible(512)</visible>
            </control>
            <control type="group">
                <left>1065</left>
                <top>105</top>
                <control type="image">
                    <left>0</left>
                    <top>0</top>
                    <width>765</width>
                    <height>450</height>
                    <aspectratio>keep</aspectratio>
                    <fadetime>IconCrossfadeTime</fadetime>
                    <texture background="true">$INFO[ListItem.Icon]</texture>
                    <bordertexture border="8">ThumbShadow.png</bordertexture>
                    <bordersize>8</bordersize>
                </control>
                <control type="group">
                    <top>465</top>
                    <control type="label">
                        <description>Born txt</description>
                        <left>0</left>
                        <top>0</top>
                        <width>210</width>
                        <height>38</height>
                        <label>$LOCALIZE[21893]:</label>
                        <align>right</align>
                        <aligny>center</aligny>
                        <font>font13_title</font>
                        <textcolor>$VAR[MainColorOne]</textcolor>
                        <visible>!String.IsEmpty(ListItem.Property(Artist_Born))</visible>
                    </control>
                    <control type="label">
                        <description>Born Value</description>
                        <left>225</left>
                        <top>0</top>
                        <width>525</width>
                        <height>38</height>
                        <label>$INFO[ListItem.Property(Artist_Born)]</label>
                        <align>left</align>
                        <aligny>center</aligny>
                        <font>font13</font>
                        <scroll>true</scroll>
                        <visible>!String.IsEmpty(ListItem.Property(Artist_Born))</visible>
                    </control>
                    <control type="label">
                        <description>Formed txt</description>
                        <left>0</left>
                        <top>0</top>
                        <width>210</width>
                        <height>38</height>
                        <label>$LOCALIZE[21894]:</label>
                        <align>right</align>
                        <aligny>center</aligny>
                        <font>font13_title</font>
                        <textcolor>$VAR[MainColorOne]</textcolor>
                        <visible>!String.IsEmpty(ListItem.Property(Artist_Formed))</visible>
                    </control>
                    <control type="label">
                        <description>Formed Value</description>
                        <left>225</left>
                        <top>0</top>
                        <width>525</width>
                        <height>38</height>
                        <label>$INFO[ListItem.Property(Artist_Formed)]</label>
                        <align>left</align>
                        <aligny>center</aligny>
                        <font>font13</font>
                        <scroll>true</scroll>
                        <visible>!String.IsEmpty(ListItem.Property(Artist_Formed))</visible>
                    </control>
                    <control type="label">
                        <description>Genre txt</description>
                        <left>0</left>
                        <top>45</top>
                        <width>210</width>
                        <height>38</height>
                        <label>$LOCALIZE[515]:</label>
                        <align>right</align>
                        <aligny>center</aligny>
                        <font>font13_title</font>
                        <textcolor>$VAR[MainColorOne]</textcolor>
                    </control>
                    <control type="label">
                        <description>Genre Value</description>
                        <left>225</left>
                        <top>45</top>
                        <width>525</width>
                        <height>38</height>
                        <label fallback="416">$INFO[ListItem.Property(Artist_Genre)]</label>
                        <align>left</align>
                        <aligny>center</aligny>
                        <font>font13</font>
                        <scroll>true</scroll>
                    </control>
                    <control type="image">
                        <left>0</left>
                        <top>90</top>
                        <width>765</width>
                        <height>6</height>
                        <texture>separator.png</texture>
                    </control>
                    <control type="textbox">
                        <description>Description Value for Artist</description>
                        <left>15</left>
                        <top>108</top>
                        <width>735</width>
                        <height>285</height>
                        <font>font13</font>
                        <align>justify</align>
                        <textcolor>white</textcolor>
                        <label>$INFO[ListItem.Property(Artist_Description)]</label>
                        <autoscroll time="2000" delay="3000" repeat="5000">Skin.HasSetting(AutoScroll)</autoscroll>
                    </control>
                </control>
            </control>
        </control>
    </include>
    <include name="AlbumInfoListView">
        <control type="group">
            <visible>Control.IsVisible(513)</visible>
            <include>VisibleFadeEffect</include>
            <control type="list" id="513">
                <left>105</left>
                <top>112</top>
                <width>1170</width>
                <height>842</height>
                <onleft>2</onleft>
                <onright>51360</onright>
                <onup>513</onup>
                <ondown>513</ondown>
                <viewtype label="$LOCALIZE[10523]">list</viewtype>
                <pagecontrol>51360</pagecontrol>
                <scrolltime>200</scrolltime>
                <visible>Container.Content(Albums)</visible>
                <itemlayout height="60" width="1170">
                    <control type="image">
                        <left>0</left>
                        <top>0</top>
                        <width>1170</width>
                        <height>62</height>
                        <texture border="0,2,0,2">MenuItemNF.png</texture>
                    </control>
                    <control type="label">
                        <left>15</left>
                        <top>0</top>
                        <width>1095</width>
                        <height>60</height>
                        <font>font13</font>
                        <textcolor>grey2</textcolor>
                        <selectedcolor>selected</selectedcolor>
                        <align>left</align>
                        <aligny>center</aligny>
                        <label>$INFO[ListItem.Label]</label>
                    </control>
                    <control type="label">
                        <left>90</left>
                        <top>0</top>
                        <width>1050</width>
                        <height>60</height>
                        <font>font12</font>
                        <textcolor>grey2</textcolor>
                        <selectedcolor>selected</selectedcolor>
                        <align>right</align>
                        <aligny>center</aligny>
                        <label>$INFO[ListItem.Label2]</label>
                    </control>
                </itemlayout>
                <focusedlayout height="60" width="1170">
                    <control type="image">
                        <left>0</left>
                        <top>0</top>
                        <width>1170</width>
                        <height>62</height>
                        <texture border="0,2,0,2">MenuItemNF.png</texture>
                        <visible>!Control.HasFocus(513)</visible>
                        <include>VisibleFadeEffect</include>
                    </control>
                    <control type="image">
                        <left>0</left>
                        <top>0</top>
                        <width>1170</width>
                        <height>62</height>
                        <texture border="0,2,0,2" colordiffuse="$VAR[MainColorOne]">$VAR[SelectMenuItem]</texture>
                        <visible>Control.HasFocus(513)</visible>
                        <include>VisibleFadeEffect</include>
                    </control>
                    <control type="label">
                        <left>15</left>
                        <top>0</top>
                        <width>1095</width>
                        <height>60</height>
                        <font>font13</font>
                        <textcolor>white</textcolor>
                        <selectedcolor>selected</selectedcolor>
                        <align>left</align>
                        <aligny>center</aligny>
                        <label>$INFO[ListItem.Label]</label>
                    </control>
                    <control type="label">
                        <left>90</left>
                        <top>0</top>
                        <width>1050</width>
                        <height>60</height>
                        <font>font12</font>
                        <textcolor>grey2</textcolor>
                        <selectedcolor>selected</selectedcolor>
                        <align>right</align>
                        <aligny>center</aligny>
                        <label>$INFO[ListItem.Label2]</label>
                    </control>
                </focusedlayout>
            </control>
            <control type="scrollbar" id="51360">
                <left>1275</left>
                <top>117</top>
                <width>38</width>
                <height>840</height>
                <texturesliderbackground border="0,14,0,14">ScrollBarV.png</texturesliderbackground>
                <texturesliderbar border="2,16,2,16">ScrollBarV_bar.png</texturesliderbar>
                <texturesliderbarfocus border="2,16,2,16" colordiffuse="$VAR[MainColorOne]">ScrollBarV_bar_focus.png</texturesliderbarfocus>
                <textureslidernib colordiffuse="$VAR[MainColorOne]">ScrollBarNib.png</textureslidernib>
                <textureslidernibfocus colordiffuse="$VAR[MainColorOne]">ScrollBarNib.png</textureslidernibfocus>
                <onleft>513</onleft>
                <onright>800</onright>
                <showonepage>true</showonepage>
                <orientation>vertical</orientation>
                <visible>Control.IsVisible(513)</visible>
            </control>
            <control type="group">
                <left>1365</left>
                <top>105</top>
                <control type="image">
                    <left>15</left>
                    <top>0</top>
                    <width>435</width>
                    <height>360</height>
                    <aspectratio aligny="bottom">keep</aspectratio>
                    <fadetime>IconCrossfadeTime</fadetime>
                    <texture background="true">$INFO[ListItem.Icon]</texture>
                    <bordertexture border="8">ThumbShadow.png</bordertexture>
                    <bordersize>8</bordersize>
                </control>
                <control type="label">
                    <description>Description Header txt</description>
                    <left>15</left>
                    <top>360</top>
                    <width>435</width>
                    <height>38</height>
                    <label>21821</label>
                    <align>center</align>
                    <aligny>center</aligny>
                    <font>font12_title</font>
                    <textcolor>$VAR[MainColorOne]</textcolor>
                    <shadowcolor>black</shadowcolor>
                </control>
                <control type="textbox">
                    <description>Description Value for Album</description>
                    <left>15</left>
                    <top>408</top>
                    <width>435</width>
                    <height>447</height>
                    <font>font13</font>
                    <align>justify</align>
                    <pagecontrol></pagecontrol>
                    <textcolor>white</textcolor>
                    <label>$INFO[ListItem.Property(Album_Description)]</label>
                    <autoscroll time="2000" delay="3000" repeat="5000">Skin.HasSetting(AutoScroll)</autoscroll>
                </control>
            </control>
        </control>
    </include>
</includes>
