<?xml version="1.0" encoding="UTF-8" standalone="yes"?>
<addon id="script.kodilog"
       name="Kodi log Viewer"
       version="1.0.0"
       provider-name="Helly">
  <requires>
    <import addon="xbmc.python" version="2.20.0"/>
  </requires>
  <extension point="xbmc.python.script" library="default.py"/>
  <extension point="xbmc.addon.metadata">
    <summary lang="en">Kodi log Viewer</summary>
    <description lang="en">This viewer views the kodi log-file Live, or in scroll mode.</description>
    <disclaimer lang="en">Use at your own risk. No liability for not set timers, lack of EPG data and other side effects!</disclaimer>
    <license>GNU GENERAL PUBLIC LICENSE. Version 2, June 1991</license>
    <forum></forum>
    <website></website>
    <email></email>
    <source>https://github.com/Helly1206/script.kodilog</source>
  </extension>
</addon>
