<?xml version="1.0" encoding="UTF-8" standalone="yes"?>
<addon id="script.moviecopy"
       name="Kodi Movie Copier"
       version="1.0.1"
       provider-name="Helly">
  <requires>
    <import addon="xbmc.python" version="2.20.0"/>
  </requires>
  <extension point="xbmc.python.script"
             library="default.py" />
  <extension point="xbmc.addon.metadata">
    <platform>all</platform>
    <summary lang="en">Kodi Movie Copier</summary>
    <summary lang="nl">Kodi Movie Copier</summary>
    <description lang="en">This addon smartly copies downloaded movies to your movie library</description>
    <description lang="nl">Deze addon kopieert gedownloade films slim naar je films bibliotheek</description>
    <license>GNU GENERAL PUBLIC LICENSE. Version 2, June 1991</license>
    <forum></forum>
    <website></website>
    <email></email>
    <source>https://github.com/Helly1206/script.moviecopy</source>
  </extension>
</addon>
