<?xml version="1.0" encoding="UTF-8"?>
<window>
    <animation effect="fade" time="75">WindowOpen</animation>
    <animation effect="fade" time="150">WindowClose</animation>
    <coordinates>
        <left>0</left>
        <top>0</top>
    </coordinates>
    <controls>
        <control type="group">
            <visible>!Skin.HasSetting(HidePopUpSeekBar)</visible>
            <depth>DepthDialog+</depth>
            <left>1605</left>
            <top>960</top>
            <control type="image">
                <description>background image</description>
                <left>0</left>
                <top>0</top>
                <width>300</width>
                <height>105</height>
                <texture border="20">OverlayDialogBackground.png</texture>
            </control>
            <control type="image">
                <description>Busy animation</description>
                <left>30</left>
                <top>30</top>
                <width>48</width>
                <height>48</height>
                <texture>busy.png</texture>
                <aspectratio>keep</aspectratio>
                <animation effect="rotate" start="0" end="360" center="54,54" time="900" loop="true" condition="true">conditional</animation>
                <visible>!Skin.HasSetting(HideBusyAnimation)</visible>
            </control>
            <control type="label">
                <description>Busy label</description>
                <left>90</left>
                <top>30</top>
                <width>180</width>
                <height>48</height>
                <align>left</align>
                <aligny>center</aligny>
                <label>$LOCALIZE[31004]</label>
                <font>font12</font>
            </control>
            <control type="progress" id="10">
                <description>Progressbar</description>
                <left>30</left>
                <top>80</top>
                <width>240</width>
                <height>12</height>
            </control>
        </control>
        <control type="group">
            <left>248r</left>
            <top>8</top>
            <animation effect="slide" start="0,0" end="-518,0" time="200" condition="Window.IsVisible(volumebar)">conditional</animation>
            <visible>Skin.HasSetting(HidePopUpSeekBar)</visible>
            <control type="image">
                <description>Busy animation</description>
                <left>192</left>
                <top>0</top>
                <width>48</width>
                <height>48</height>
                <texture>busy.png</texture>
                <aspectratio>keep</aspectratio>
                <animation effect="rotate" start="0" end="360" center="216,24" time="1600" loop="true" condition="true">conditional</animation>
                <visible>!Skin.HasSetting(HideBusyAnimation)</visible>
            </control>
            <control type="label">
                <description>Busy label</description>
                <right>63</right>
                <top>6</top>
                <width>189</width>
                <height>30</height>
                <align>right</align>
                <aligny>center</aligny>
                <label>$LOCALIZE[31004]</label>
                <font>font12</font>
                <animation effect="slide" start="0,0" end="48,0" time="100" reversible="false" condition="Skin.HasSetting(HideBusyAnimation)">Conditional</animation>
            </control>
            <control type="progress" id="10">
                <description>Progressbar</description>
                <left>0</left>
                <top>51</top>
                <width>240</width>
                <height>12</height>
            </control>
        </control>
    </controls>
</window>
