<?xml version="1.0" encoding="utf-8"?>
<window type="dialog" id="1196">
	<defaultcontrol always="true">450</defaultcontrol>
	<coordinates>
		<left>0</left>
		<top>0</top>
	</coordinates>
	<controls>
		<control type="group">
			<animation effect="slide" start="400,0" end="0,0" time="300" tween="quadratic" easing="out">WindowOpen</animation>
			<animation effect="slide" start="0,0" end="400,0" time="300" tween="quadratic" easing="out">WindowClose</animation>
			<control type="image">
				<left>400r</left>
				<top>0</top>
				<width>400</width>
				<height>720</height>
				<texture border="15,0,0,0" flipx="true">MediaBladeSub.png</texture>
			</control>
			<control type="button">
				<description>Close Window button</description>
				<left>380r</left>
				<top>0</top>
				<width>64</width>
				<height>32</height>
				<onclick>PreviousMenu</onclick>
				<texturefocus colordiffuse="$VAR[MainColorOne]">DialogCloseButton-focus.png</texturefocus>
				<texturenofocus>DialogCloseButton.png</texturenofocus>
				<onleft>450</onleft>
				<onright>450</onright>
				<onup>450</onup>
				<ondown>450</ondown>
				<visible>system.getbool(input.enablemouse)</visible>
			</control>
			<control type="label">
				<left>380r</left>
				<top>35</top>
				<width>360</width>
				<height>40</height>
				<font>font13_title</font>
				<align>center</align>
				<aligny>center</aligny>
				<textcolor>$VAR[MainColorOne]</textcolor>
				<shadowcolor>black</shadowcolor>
				<label>$LOCALIZE[31965]</label>
			</control>
			<control type="list" id="450">
				<left>390r</left>
				<top>130</top>
				<width>440</width>
				<height>480</height>
				<onup>450</onup>
				<onleft>Dialog.Close(2130)</onleft>
				<onright>60</onright>
				<ondown>450</ondown>
				<pagecontrol>60</pagecontrol>
				<scrolltime>200</scrolltime>
				<itemlayout height="40">
					<control type="image">
						<left>0</left>
						<top>0</top>
						<width>360</width>
						<height>40</height>
						<texture border="5">button-nofocus.png</texture>
					</control>
					<control type="label">
						<left>10</left>
						<top>0</top>
						<width>340</width>
						<height>40</height>
						<font>font12_title</font>
						<align>left</align>
						<aligny>center</aligny>
						<selectedcolor>selected</selectedcolor>
						<info>ListItem.Label</info>
					</control>
				</itemlayout>
				<focusedlayout height="40">
					<control type="image">
						<left>0</left>
						<top>0</top>
						<width>360</width>
						<height>40</height>
						<visible>!Control.HasFocus(450)</visible>
						<texture border="3">button-nofocus.png</texture>
					</control>
					<control type="image">
						<left>0</left>
						<top>0</top>
						<width>360</width>
						<height>40</height>
						<visible>Control.HasFocus(450)</visible>
						<texture border="3" colordiffuse="$VAR[MainColorOne]">$VAR[SelectButton1]</texture>
					</control>
					<control type="label">
						<left>10</left>
						<top>0</top>
						<width>340</width>
						<height>40</height>
						<font>font12_title</font>
						<align>left</align>
						<aligny>center</aligny>
						<selectedcolor>selected</selectedcolor>
						<info>ListItem.Label</info>
					</control>
				</focusedlayout>
				<content>
					<item>
						<description>Clear Setting</description>
						<label>$LOCALIZE[31390]</label>
						<onclick>Skin.Reset(MultiImageTimer)</onclick>
						<onclick>Dialog.Close(1196)</onclick>
					</item>
					<item>
						<label>1 s</label>
						<onclick>Skin.SetString(MultiImageTimer,1)</onclick>
						<onclick>Dialog.Close(1196)</onclick>
					</item>
					<item>
						<label>2 s</label>
						<onclick>Skin.SetString(MultiImageTimer,2)</onclick>
						<onclick>Dialog.Close(1196)</onclick>
					</item>
					<item>
						<label>3 s</label>
						<onclick>Skin.SetString(MultiImageTimer,3)</onclick>
						<onclick>Dialog.Close(1196)</onclick>
					</item>
					<item>
						<label>4 s</label>
						<onclick>Skin.SetString(MultiImageTimer,4)</onclick>
						<onclick>Dialog.Close(1196)</onclick>
					</item>
					<item>
						<label>5 s</label>
						<onclick>Skin.SetString(MultiImageTimer,5)</onclick>
						<onclick>Dialog.Close(1196)</onclick>
					</item>
					<item>
						<label>6 s</label>
						<onclick>Skin.SetString(MultiImageTimer,6)</onclick>
						<onclick>Dialog.Close(1196)</onclick>
					</item>
					<item>
						<label>7 s</label>
						<onclick>Skin.SetString(MultiImageTimer,7)</onclick>
						<onclick>Dialog.Close(1196)</onclick>
					</item>
					<item>
						<label>8 s</label>
						<onclick>Skin.SetString(MultiImageTimer,8)</onclick>
						<onclick>Dialog.Close(1196)</onclick>
					</item>
					<item>
						<label>9 s</label>
						<onclick>Skin.SetString(MultiImageTimer,9)</onclick>
						<onclick>Dialog.Close(1196)</onclick>
					</item>
					<item>
						<label>10 s</label>
						<onclick>Skin.SetString(MultiImageTimer,10)</onclick>
						<onclick>Dialog.Close(1196)</onclick>
					</item>
					<item>
						<label>15 s</label>
						<onclick>Skin.SetString(MultiImageTimer,15)</onclick>
						<onclick>Dialog.Close(1196)</onclick>
					</item>
					<item>
						<label>20 s</label>
						<onclick>Skin.SetString(MultiImageTimer,20)</onclick>
						<onclick>Dialog.Close(1196)</onclick>
					</item>
					<item>
						<label>30 s</label>
						<onclick>Skin.SetString(MultiImageTimer,30)</onclick>
						<onclick>Dialog.Close(1196)</onclick>
					</item>
					<item>
						<label>40 s</label>
						<onclick>Skin.SetString(MultiImageTimer,40)</onclick>
						<onclick>Dialog.Close(1196)</onclick>
					</item>
					<item>
						<label>50 s</label>
						<onclick>Skin.SetString(MultiImageTimer,50)</onclick>
						<onclick>Dialog.Close(1196)</onclick>
					</item>
					<item>
						<label>60 s</label>
						<onclick>Skin.SetString(MultiImageTimer,60)</onclick>
						<onclick>Dialog.Close(1196)</onclick>
					</item>
				</content>
			</control>
			<control type="scrollbar" id="60">
				<left>1250</left>
				<top>95</top>
				<width>25</width>
				<height>550</height>
				<texturesliderbackground border="0,14,0,14">ScrollBarV.png</texturesliderbackground>
				<texturesliderbar border="0,14,0,14">ScrollBarV_bar.png</texturesliderbar>
				<texturesliderbarfocus border="0,14,0,14" colordiffuse="$VAR[MainColorOne]">ScrollBarV_bar_focus.png</texturesliderbarfocus>
				<textureslidernib colordiffuse="$VAR[MainColorOne]">ScrollBarNib.png</textureslidernib>
				<textureslidernibfocus colordiffuse="$VAR[MainColorOne]">ScrollBarNib.png</textureslidernibfocus>
				<onleft>450</onleft>
				<onright>450</onright>
				<showonepage>true</showonepage>
				<orientation>vertical</orientation>
				<visible>Control.IsVisible(450)</visible>
			</control>
		</control>
	</controls>
</window>
