<?xml version="1.0" encoding="utf-8"?>
<window>
	<menucontrol>9000</menucontrol>
	<onunload>ClearProperty(SideBladeOpen)</onunload>
    <defaultcontrol always="true">5001</defaultcontrol>
    <controls>
		<!-- live image background -->
		<control type="image">
			<depth>DepthBackground</depth>
			<include>Dimensions_Fullscreen</include>
			<texture>$INFO[Window.Property(thumb)]</texture>
			<visible>!IsEmpty(Window.Property(thumb))</visible>
		</control>
		<control type="image">
			<depth>DepthBackground</depth>
			<include>Dimensions_Fullscreen</include>
			<texture background="true" fallback="special://skin/backgrounds/SKINDEFAULT.jpg">$INFO[Skin.CurrentTheme,special://skin/backgrounds/,.jpg]</texture>
			<visible>IsEmpty(Window.Property(thumb))</visible>
		</control>
		<!-- panel background -->
		<control type="image">
			<depth>DepthFloor</depth>
			<left>-20</left>
			<top></top>
			<bottom>0</bottom>
			<width>1320</width>
			<height>100</height>
			<texture>floor.png</texture>
			<animation effect="rotatex" end="45" time="0" center="620,0" condition="true">Conditional</animation>
			<animation effect="slide" start="0,10" end="0,0" time="150" condition="Window.Previous(Home)">WindowOpen</animation>
			<animation effect="slide" start="0,0" end="0,10" time="150" condition="Window.Next(Home)">WindowClose</animation>
			<visible>!Skin.HasSetting(HideHomeFloor)</visible>
		</control>
		<control type="group">
			<include>Window_OpenClose_Animation</include>
		</control>
		<control type="group">
			<include>VisibleFadeEffect</include>
			<control type="image">
				<left>10</left>
				<top>60</top>
				<width>880</width>
				<height>600</height>
				<texture border="15">ContentPanel.png</texture>
				<include condition="!IsEmpty(Skin.String(MediaPanelTrans))">TransparentEffect</include>
			</control>
			<control type="image">
				<left>10</left>
				<top>652</top>
				<width>880</width>
				<height>64</height>
				<texture border="15">ContentPanelMirror.png</texture>
			</control>
			<control type="image">
				<left>900</left>
				<top>60</top>
				<width>330</width>
				<height>600</height>
				<texture border="15">ContentPanel.png</texture>
				<include condition="!IsEmpty(Skin.String(MediaPanelTrans))">TransparentEffect</include>
			</control>
			<control type="image">
				<left>900</left>
				<top>652</top>
				<width>330</width>
				<height>64</height>
				<texture border="15">ContentPanelMirror.png</texture>
			</control>
		</control>
		<!-- Main Layout -->
		<!-- default: info 2 like view (no full background) -->
		<!-- alternative: fanart like view -->
        <control type="group">
			<control type="group">
				<include>VisibleFadeEffect</include>
				<control type="list" id="5001">
					<left>20</left>
					<top>78</top>
					<width>230</width>
					<height>541</height>
					<onleft>9000</onleft>
					<onright>5000</onright>
					<onup>5001</onup>
					<ondown>5001</ondown>
					<pagecontrol>-</pagecontrol>
					<scrolltime>300</scrolltime>
					<itemlayout height="34" width="260">
						<control type="image">
							<left>0</left>
							<top>0</top>
							<width>230</width>
							<height>35</height>
							<texture border="5">MenuItemNF.png</texture>
						</control>
						<control type="label">
							<left>10</left>
							<top>0</top>
							<width>210</width>
							<height>35</height>
							<font>font24_title</font>
							<textcolor>grey3</textcolor>
							<align>right</align>
							<aligny>center</aligny>
							<label>$INFO[ListItem.Label]</label>
						</control>
					</itemlayout>
					<focusedlayout height="34" width="260">
						<control type="image">
							<left>0</left>
							<top>0</top>
							<width>230</width>
							<height>35</height>
							<texture border="5" colordiffuse="$VAR[MainColorOne]">MenuItemFO.png</texture>
							<animation effect="fade" start="100" end="30" time="75" condition="!Control.HasFocus(5001)">Conditional</animation>
						</control>
						<control type="label">
							<left>10</left>
							<top>0</top>
							<width>210</width>
							<height>35</height>
							<font>font24_title</font>
							<textcolor>white</textcolor>
							<align>right</align>
							<aligny>center</aligny>
							<label>$INFO[ListItem.Label]</label>
						</control>
					</focusedlayout>
					<content>
						<item id="1">
							<label>$LOCALIZE[206]$INFO[Container(1000).NumItems, (,)]</label>
							<onclick>noop</onclick>
							<visible>IntegerGreaterThan(Container(1000).NumItems,0)</visible>
						</item>
						<item id="2">
							<label>$ADDON[script.extendedinfo 32115]$INFO[Container(750).NumItems, (,)]</label>
							<onclick>noop</onclick>
							<visible>IntegerGreaterThan(Container(750).NumItems,0)</visible>
						</item>
						<item id="3">
							<label>$ADDON[script.extendedinfo 32116]$INFO[Container(150).NumItems, (,)]</label>
							<onclick>noop</onclick>
							<visible>IntegerGreaterThan(Container(150).NumItems,0)</visible>
						</item>
						<item id="4">
							<label>$LOCALIZE[33054]$INFO[Container(250).NumItems, (,)]</label>
							<onclick>noop</onclick>
							<visible>IntegerGreaterThan(Container(250).NumItems,0)</visible>
						</item>
						<item id="5">
							<label>$ADDON[script.extendedinfo 32117]$INFO[Container(1150).NumItems, (,)]</label>
							<onclick>noop</onclick>
							<visible>IntegerGreaterThan(Container(1150).NumItems,0)</visible>
						</item>
						<item id="6">
							<label>$ADDON[script.extendedinfo 32118]$INFO[Container(350).NumItems, (,)]</label>
							<onclick>noop</onclick>
							<visible>IntegerGreaterThan(Container(350).NumItems,0)</visible>
						</item>
						<item id="7">
							<label>$LOCALIZE[20388]$INFO[Container(550).NumItems, (,)]</label>
							<onclick>noop</onclick>
							<visible>IntegerGreaterThan(Container(550).NumItems,0)</visible>
						</item>
						<item id="8">
							<label>$ADDON[script.extendedinfo 32152]$INFO[Container(1450).NumItems, (,)]</label>
							<onclick>noop</onclick>
							<visible>IntegerGreaterThan(Container(1450).NumItems,0)</visible>
						</item>
						<item id="9">
							<label>$ADDON[script.extendedinfo 32168]$INFO[Container(650).NumItems, (,)]</label>
							<onclick>noop</onclick>
							<visible>IntegerGreaterThan(Container(650).NumItems,0)</visible>
						</item>
						<item id="10">
							<label>$LOCALIZE[135]$INFO[Container(850).NumItems, (,)]</label>
							<onclick>noop</onclick>
							<visible>IntegerGreaterThan(Container(850).NumItems,0)</visible>
						</item>
						<item id="11">
							<label>$ADDON[script.extendedinfo 32167]$INFO[Container(1050).NumItems, (,)]</label>
							<onclick>noop</onclick>
							<visible>IntegerGreaterThan(Container(1050).NumItems,0)</visible>
						</item>
						<item id="12">
							<label>$LOCALIZE[21861]$INFO[Container(950).NumItems, (,)]</label>
							<onclick>noop</onclick>
							<visible>IntegerGreaterThan(Container(950).NumItems,0)</visible>
						</item>
						<item id="13">
							<label>$ADDON[script.extendedinfo 32119]$INFO[Container(1250).NumItems, (,)]</label>
							<onclick>noop</onclick>
							<visible>IntegerGreaterThan(Container(1250).NumItems,0)</visible>
						</item>
						<item id="14">
							<label>$LOCALIZE[20445]$INFO[Container(1350).NumItems, (,)]</label>
							<onclick>noop</onclick>
							<visible>IntegerGreaterThan(Container(1350).NumItems,0)</visible>
						</item>
						<item id="15">
							<label>$ADDON[script.extendedinfo 32026]$INFO[Container(450).NumItems, (,)]</label>
							<onclick>noop</onclick>
							<visible>IntegerGreaterThan(Container(450).NumItems,0)</visible>
						</item>
						<item id="16">
							<label>$ADDON[script.extendedinfo 32025] $INFO[Container(2000).NumItems,(,)]</label>
							<onclick>noop</onclick>
							<visible>IntegerGreaterThan(Container(2000).NumItems,0)</visible>
						</item>
					</content>
				</control>
				<control type="group" id="5000">
					<left>263</left>
					<top>78</top>
					<control type="panel" id="1000">
						<visible>Container(5001).HasFocus(1)</visible>
						<width>579</width>
						<height>558</height>
						<onleft>5001</onleft>
						<onright>60</onright>
						<pagecontrol>60</pagecontrol>
						<scrolltime>200</scrolltime>
						<itemlayout height="186" width="193">
							<control type="image">
								<left>48</left>
								<top>0</top>
								<width>95</width>
								<height>145</height>
								<bordertexture border="5">button-nofocus.png</bordertexture>
								<bordersize>5</bordersize>
								<fadetime>100</fadetime>
								<texture background="true" fallback="DefaultActor.png">$INFO[ListItem.Thumb]</texture>
								<aspectratio>scale</aspectratio>
							</control>
							<control type="label">
								<left>1</left>
								<top>142</top>
								<width>191</width>
								<height>25</height>
								<font>font12</font>
								<textcolor>grey2</textcolor>
								<selectedcolor>selected</selectedcolor>
								<align>center</align>
								<label>$INFO[ListItem.Label]$INFO[ListItem.Property(character),[COLOR FF999999][CR]$LOCALIZE[20347] ,[/COLOR]]</label>
								<scroll>false</scroll>
							</control>
						</itemlayout>
						<focusedlayout height="186" width="193">
							<control type="image">
								<left>48</left>
								<top>0</top>
								<width>95</width>
								<height>145</height>
								<bordertexture border="5" colordiffuse="$VAR[MainColorOne]">folder-focus.png</bordertexture>
								<bordersize>5</bordersize>
								<fadetime>100</fadetime>
								<texture background="true" fallback="DefaultActor.png">$INFO[ListItem.Thumb]</texture>
								<aspectratio>scale</aspectratio>
							</control>
							<control type="label">
								<left>1</left>
								<top>142</top>
								<width>191</width>
								<height>25</height>
								<font>font12</font>
								<textcolor>white</textcolor>
								<selectedcolor>selected</selectedcolor>
								<align>center</align>
								<label>$INFO[ListItem.Label]$INFO[ListItem.Property(character),[COLOR FF999999][CR]$LOCALIZE[20347] ,[/COLOR]]</label>
								<scroll>true</scroll>
							</control>
						</focusedlayout>
					</control>
					<control type="panel" id="750">
						<visible>Container(5001).HasFocus(2)</visible>
						<width>579</width>
						<height>558</height>
						<onleft>5001</onleft>
						<onright>60</onright>
						<pagecontrol>60</pagecontrol>
						<scrolltime>200</scrolltime>
						<itemlayout height="186" width="193">
							<control type="image">
								<left>48</left>
								<top>0</top>
								<width>95</width>
								<height>145</height>
								<bordertexture border="5">button-nofocus.png</bordertexture>
								<bordersize>5</bordersize>
								<fadetime>100</fadetime>
								<texture background="true" fallback="DefaultActor.png">$INFO[ListItem.Thumb]</texture>
								<aspectratio>scale</aspectratio>
							</control>
							<control type="label">
								<left>1</left>
								<top>142</top>
								<width>191</width>
								<height>25</height>
								<font>font12</font>
								<textcolor>grey2</textcolor>
								<selectedcolor>selected</selectedcolor>
								<align>center</align>
								<label>$INFO[ListItem.Label]$INFO[ListItem.Property(job),[COLOR FF999999][CR],[/COLOR]]</label>
								<scroll>false</scroll>
							</control>
							<control type="image">
    	                        <width>85</width>
    	                        <height>20</height>
    	                        <top>120</top>
    	                        <left>53</left>
    	                        <texture>black-back.png</texture>
    	                    </control>
    	                    <control type="label">
    	                        <width>85</width>
    	                        <height>20</height>
    	                        <top>120</top>
    	                        <align>center</align>
    	                        <aligny>center</aligny>
    	                        <left>53</left>
    	                        <font>font10</font>
    	                        <textcolor>white</textcolor>
    	                        <label>[B]$INFO[ListItem.Property(department)][/B]</label>
    	                    </control>
						</itemlayout>
						<focusedlayout height="186" width="193">
							<control type="image">
								<left>48</left>
								<top>0</top>
								<width>95</width>
								<height>145</height>
								<bordertexture border="5" colordiffuse="$VAR[MainColorOne]">folder-focus.png</bordertexture>
								<bordersize>5</bordersize>
								<fadetime>100</fadetime>
								<texture background="true" fallback="DefaultActor.png">$INFO[ListItem.Thumb]</texture>
								<aspectratio>scale</aspectratio>
							</control>
							<control type="label">
								<left>1</left>
								<top>142</top>
								<width>191</width>
								<height>25</height>
								<font>font12</font>
								<textcolor>white</textcolor>
								<selectedcolor>selected</selectedcolor>
								<align>center</align>
								<label>$INFO[ListItem.Label]$INFO[ListItem.Property(job),[COLOR FF999999][CR],[/COLOR]]</label>
								<scroll>true</scroll>
							</control>
							<control type="image">
    	                        <width>85</width>
    	                        <height>20</height>
    	                        <top>120</top>
    	                        <left>53</left>
    	                        <texture>black-back.png</texture>
    	                    </control>
    	                    <control type="label">
    	                        <width>85</width>
    	                        <height>20</height>
    	                        <top>120</top>
    	                        <align>center</align>
    	                        <aligny>center</aligny>
    	                        <left>53</left>
    	                        <font>font10</font>
    	                        <textcolor>white</textcolor>
    	                        <label>[B]$INFO[ListItem.Property(department)][/B]</label>
    	                    </control>
						</focusedlayout>
					</control>
					<control type="panel" id="150">
						<visible>Container(5001).HasFocus(3)</visible>
						<width>579</width>
						<height>558</height>
						<onleft>5001</onleft>
						<onright>60</onright>
						<pagecontrol>60</pagecontrol>
						<scrolltime>200</scrolltime>
						<itemlayout height="186" width="193">
							<control type="image">
								<left>48</left>
								<top>0</top>
								<width>95</width>
								<height>145</height>
								<bordertexture border="5">button-nofocus.png</bordertexture>
								<bordersize>5</bordersize>
								<fadetime>100</fadetime>
								<texture background="true" fallback="DefaultVideo.png">$INFO[ListItem.Thumb]</texture>
								<aspectratio>scale</aspectratio>
							</control>
							<control type="label">
								<left>1</left>
								<top>142</top>
								<width>191</width>
								<height>25</height>
								<font>font12</font>
								<textcolor>grey2</textcolor>
								<selectedcolor>selected</selectedcolor>
								<align>center</align>
								<label>$INFO[ListItem.Label]</label>
								<scroll>false</scroll>
							</control>
							<control type="image">
    	                        <width>25</width>
    	                        <height>25</height>
    	                        <top>0</top>
    	                        <left>118</left>
    	                        <texture>special://home/addons/script.extendedinfo/resources/skins/Default/media/flags/local.png</texture>
    	                        <visible>!IsEmpty(ListItem.Property(DBID))</visible>
    	                    </control>
							<control type="image">
    	                        <width>35</width>
    	                        <height>20</height>
    	                        <top>5</top>
    	                        <left>53</left>
    	                        <texture>black-back.png</texture>
    	                        <visible>!IsEmpty(ListItem.Year)</visible>
    	                    </control>
    	                    <control type="label">
    	                        <width>35</width>
    	                        <height>20</height>
    	                        <top>5</top>
    	                        <align>center</align>
    	                        <aligny>center</aligny>
    	                        <left>53</left>
    	                        <font>font10</font>
    	                        <textcolor>white</textcolor>
    	                        <label>$INFO[ListItem.Year]</label>
    	                        <visible>!IsEmpty(ListItem.Year)</visible>
    	                    </control>
						</itemlayout>
						<focusedlayout height="186" width="193">
							<control type="image">
								<left>48</left>
								<top>0</top>
								<width>95</width>
								<height>145</height>
								<bordertexture border="5" colordiffuse="$VAR[MainColorOne]">folder-focus.png</bordertexture>
								<bordersize>5</bordersize>
								<fadetime>100</fadetime>
								<texture background="true" fallback="DefaultVideo.png">$INFO[ListItem.Thumb]</texture>
								<aspectratio>scale</aspectratio>
							</control>
							<control type="label">
								<left>1</left>
								<top>142</top>
								<width>191</width>
								<height>25</height>
								<font>font12</font>
								<textcolor>white</textcolor>
								<selectedcolor>selected</selectedcolor>
								<align>center</align>
								<label>$INFO[ListItem.Label]</label>
								<scroll>true</scroll>
							</control>
							<control type="image">
    	                        <width>25</width>
    	                        <height>25</height>
    	                        <top>0</top>
    	                        <left>118</left>
    	                        <texture>special://home/addons/script.extendedinfo/resources/skins/Default/media/flags/local.png</texture>
    	                        <visible>!IsEmpty(ListItem.Property(DBID))</visible>
    	                    </control>
							<control type="image">
    	                        <width>35</width>
    	                        <height>20</height>
    	                        <top>5</top>
    	                        <left>53</left>
    	                        <texture>black-back.png</texture>
    	                        <visible>!IsEmpty(ListItem.Year)</visible>
    	                    </control>
    	                    <control type="label">
    	                        <width>35</width>
    	                        <height>20</height>
    	                        <top>5</top>
    	                        <align>center</align>
    	                        <aligny>center</aligny>
    	                        <left>53</left>
    	                        <font>font10</font>
    	                        <textcolor>white</textcolor>
    	                        <label>$INFO[ListItem.Year]</label>
    	                        <visible>!IsEmpty(ListItem.Year)</visible>
    	                    </control>
						</focusedlayout>
					</control>
					<control type="panel" id="250">
						<visible>Container(5001).HasFocus(4)</visible>
						<width>579</width>
						<height>558</height>
						<onleft>5001</onleft>
						<onright>60</onright>
						<pagecontrol>60</pagecontrol>
						<scrolltime>200</scrolltime>
						<itemlayout height="186" width="193">
							<control type="image">
								<left>48</left>
								<top>0</top>
								<width>95</width>
								<height>145</height>
								<bordertexture border="5">button-nofocus.png</bordertexture>
								<bordersize>5</bordersize>
								<fadetime>100</fadetime>
								<texture background="true" fallback="DefaultVideo.png">$INFO[ListItem.Thumb]</texture>
								<aspectratio>scale</aspectratio>
							</control>
							<control type="label">
								<left>1</left>
								<top>142</top>
								<width>191</width>
								<height>25</height>
								<font>font12</font>
								<textcolor>grey2</textcolor>
								<selectedcolor>selected</selectedcolor>
								<align>center</align>
								<label>$INFO[ListItem.Label]</label>
								<scroll>false</scroll>
							</control>
							<control type="image">
    	                        <width>25</width>
    	                        <height>25</height>
    	                        <top>0</top>
    	                        <left>118</left>
    	                        <texture>special://home/addons/script.extendedinfo/resources/skins/Default/media/flags/local.png</texture>
    	                        <visible>!IsEmpty(ListItem.Property(DBID))</visible>
    	                    </control>
							<control type="image">
    	                        <width>35</width>
    	                        <height>20</height>
    	                        <top>5</top>
    	                        <left>53</left>
    	                        <texture>black-back.png</texture>
    	                        <visible>!IsEmpty(ListItem.Year)</visible>
    	                    </control>
    	                    <control type="label">
    	                        <width>35</width>
    	                        <height>20</height>
    	                        <top>5</top>
    	                        <align>center</align>
    	                        <aligny>center</aligny>
    	                        <left>53</left>
    	                        <font>font10</font>
    	                        <textcolor>white</textcolor>
    	                        <label>$INFO[ListItem.Year]</label>
    	                        <visible>!IsEmpty(ListItem.Year)</visible>
    	                    </control>
						</itemlayout>
						<focusedlayout height="186" width="193">
							<control type="image">
								<left>48</left>
								<top>0</top>
								<width>95</width>
								<height>145</height>
								<bordertexture border="5" colordiffuse="$VAR[MainColorOne]">folder-focus.png</bordertexture>
								<bordersize>5</bordersize>
								<fadetime>100</fadetime>
								<texture background="true" fallback="DefaultVideo.png">$INFO[ListItem.Thumb]</texture>
								<aspectratio>scale</aspectratio>
							</control>
							<control type="label">
								<left>1</left>
								<top>142</top>
								<width>191</width>
								<height>25</height>
								<font>font12</font>
								<textcolor>white</textcolor>
								<selectedcolor>selected</selectedcolor>
								<align>center</align>
								<label>$INFO[ListItem.Label]</label>
								<scroll>true</scroll>
							</control>
							<control type="image">
    	                        <width>25</width>
    	                        <height>25</height>
    	                        <top>0</top>
    	                        <left>118</left>
    	                        <texture>special://home/addons/script.extendedinfo/resources/skins/Default/media/flags/local.png</texture>
    	                        <visible>!IsEmpty(ListItem.Property(DBID))</visible>
    	                    </control>
							<control type="image">
    	                        <width>35</width>
    	                        <height>20</height>
    	                        <top>5</top>
    	                        <left>53</left>
    	                        <texture>black-back.png</texture>
    	                        <visible>!IsEmpty(ListItem.Year)</visible>
    	                    </control>
    	                    <control type="label">
    	                        <width>35</width>
    	                        <height>20</height>
    	                        <top>5</top>
    	                        <align>center</align>
    	                        <aligny>center</aligny>
    	                        <left>53</left>
    	                        <font>font10</font>
    	                        <textcolor>white</textcolor>
    	                        <label>$INFO[ListItem.Year]</label>
    	                        <visible>!IsEmpty(ListItem.Year)</visible>
    	                    </control>
						</focusedlayout>
					</control>
					<control type="panel" id="1150">
						<visible>Container(5001).HasFocus(5)</visible>
						<width>579</width>
						<height>558</height>
						<onleft>5001</onleft>
						<onright>60</onright>
						<pagecontrol>60</pagecontrol>
						<scrolltime>200</scrolltime>
						<itemlayout height="186" width="193">
							<control type="image">
								<left>48</left>
								<top>0</top>
								<width>95</width>
								<height>145</height>
								<bordertexture border="5">button-nofocus.png</bordertexture>
								<bordersize>5</bordersize>
								<fadetime>100</fadetime>
								<texture background="true" fallback="DefaultVideo.png">$INFO[ListItem.Thumb]</texture>
								<aspectratio>scale</aspectratio>
							</control>
							<control type="label">
								<left>1</left>
								<top>142</top>
								<width>191</width>
								<height>25</height>
								<font>font12</font>
								<textcolor>grey2</textcolor>
								<selectedcolor>selected</selectedcolor>
								<align>center</align>
								<label>$INFO[ListItem.Property(Type),[B],: [/B]]$INFO[ListItem.Label]</label>
								<scroll>false</scroll>
							</control>
						</itemlayout>
						<focusedlayout height="186" width="193">
							<control type="image">
								<left>48</left>
								<top>0</top>
								<width>95</width>
								<height>145</height>
								<bordertexture border="5" colordiffuse="$VAR[MainColorOne]">folder-focus.png</bordertexture>
								<bordersize>5</bordersize>
								<fadetime>100</fadetime>
								<texture background="true" fallback="DefaultVideo.png">$INFO[ListItem.Thumb]</texture>
								<aspectratio>scale</aspectratio>
							</control>
							<control type="label">
								<left>1</left>
								<top>142</top>
								<width>191</width>
								<height>25</height>
								<font>font12</font>
								<textcolor>white</textcolor>
								<selectedcolor>selected</selectedcolor>
								<align>center</align>
								<label>$INFO[ListItem.Property(Type),[B],: [/B]]$INFO[ListItem.Label]</label>
							</control>
						</focusedlayout>
					</control>
					<control type="panel" id="350">
						<visible>Container(5001).HasFocus(6)</visible>
						<width>579</width>
						<height>558</height>
						<onleft>5001</onleft>
						<onright>60</onright>
						<pagecontrol>60</pagecontrol>
						<scrolltime>200</scrolltime>
						<itemlayout height="186" width="193">
							<control type="image">
								<left>48</left>
								<top>0</top>
								<width>95</width>
								<height>145</height>
								<bordertexture border="5">button-nofocus.png</bordertexture>
								<bordersize>5</bordersize>
								<fadetime>100</fadetime>
								<texture background="true" fallback="DefaultVideo.png">$INFO[ListItem.Thumb]</texture>
								<aspectratio>scale</aspectratio>
							</control>
							<control type="label">
								<left>1</left>
								<top>142</top>
								<width>191</width>
								<height>25</height>
								<font>font12</font>
								<textcolor>grey2</textcolor>
								<selectedcolor>selected</selectedcolor>
								<align>center</align>
								<label>$INFO[ListItem.Label]</label>
								<scroll>false</scroll>
							</control>
						</itemlayout>
						<focusedlayout height="186" width="193">
							<control type="image">
								<left>48</left>
								<top>0</top>
								<width>95</width>
								<height>145</height>
								<bordertexture border="5" colordiffuse="$VAR[MainColorOne]">folder-focus.png</bordertexture>
								<bordersize>5</bordersize>
								<fadetime>100</fadetime>
								<texture background="true" fallback="DefaultVideo.png">$INFO[ListItem.Thumb]</texture>
								<aspectratio>scale</aspectratio>
							</control>
							<control type="label">
								<left>1</left>
								<top>142</top>
								<width>191</width>
								<height>25</height>
								<font>font12</font>
								<textcolor>white</textcolor>
								<selectedcolor>selected</selectedcolor>
								<align>center</align>
								<label>$INFO[ListItem.Label]</label>
								<scroll>true</scroll>
							</control>
						</focusedlayout>
					</control>
					<control type="panel" id="550">
						<visible>Container(5001).HasFocus(7)</visible>
						<width>579</width>
						<height>558</height>
						<onleft>5001</onleft>
						<onright>60</onright>
						<pagecontrol>60</pagecontrol>
						<scrolltime>200</scrolltime>
						<itemlayout height="186" width="193">
							<control type="image">
								<left>48</left>
								<top>0</top>
								<width>95</width>
								<height>145</height>
								<bordertexture border="5">button-nofocus.png</bordertexture>
								<bordersize>5</bordersize>
								<fadetime>100</fadetime>
								<texture background="true" fallback="DefaultVideo.png">$INFO[ListItem.Label,resource://resource.images.studios.white/,.png]</texture>
								<aspectratio>scale</aspectratio>
							</control>
							<control type="label">
								<left>1</left>
								<top>142</top>
								<width>191</width>
								<height>25</height>
								<font>font12</font>
								<textcolor>grey2</textcolor>
								<selectedcolor>selected</selectedcolor>
								<align>center</align>
								<label>$INFO[ListItem.Label]</label>
								<scroll>false</scroll>
							</control>
						</itemlayout>
						<focusedlayout height="186" width="193">
							<control type="image">
								<left>48</left>
								<top>0</top>
								<width>95</width>
								<height>145</height>
								<bordertexture border="5" colordiffuse="$VAR[MainColorOne]">folder-focus.png</bordertexture>
								<bordersize>5</bordersize>
								<fadetime>100</fadetime>
								<texture background="true" fallback="DefaultVideo.png">$INFO[ListItem.Label,resource://resource.images.studios.white/,.png]</texture>
								<aspectratio>scale</aspectratio>
							</control>
							<control type="label">
								<left>1</left>
								<top>142</top>
								<width>191</width>
								<height>25</height>
								<font>font12</font>
								<textcolor>white</textcolor>
								<selectedcolor>selected</selectedcolor>
								<align>center</align>
								<label>$INFO[ListItem.Label]</label>
								<scroll>true</scroll>
							</control>
						</focusedlayout>
					</control>
					<control type="panel" id="1450">
						<visible>Container(5001).HasFocus(8)</visible>
						<width>579</width>
						<height>558</height>
						<onleft>5001</onleft>
						<onright>60</onright>
						<pagecontrol>60</pagecontrol>
						<scrolltime>200</scrolltime>
						<itemlayout height="186" width="193">
							<control type="image">
								<left>48</left>
								<top>0</top>
								<width>95</width>
								<height>145</height>
								<bordertexture border="5">button-nofocus.png</bordertexture>
								<bordersize>5</bordersize>
								<fadetime>100</fadetime>
								<texture background="true" fallback="DefaultVideo.png">$INFO[ListItem.Label,flags/studios/,.png]</texture>
								<aspectratio>scale</aspectratio>
							</control>
							<control type="label">
								<left>1</left>
								<top>142</top>
								<width>191</width>
								<height>25</height>
								<font>font12</font>
								<textcolor>grey2</textcolor>
								<selectedcolor>selected</selectedcolor>
								<align>center</align>
								<label>$INFO[ListItem.Label]</label>
								<scroll>false</scroll>
							</control>
						</itemlayout>
						<focusedlayout height="186" width="193">
							<control type="image">
								<left>48</left>
								<top>0</top>
								<width>95</width>
								<height>145</height>
								<bordertexture border="5" colordiffuse="$VAR[MainColorOne]">folder-focus.png</bordertexture>
								<bordersize>5</bordersize>
								<fadetime>100</fadetime>
								<texture background="true" fallback="DefaultVideo.png">$INFO[ListItem.Label,flags/studios/,.png]</texture>
								<aspectratio>scale</aspectratio>
							</control>
							<control type="label">
								<left>1</left>
								<top>142</top>
								<width>191</width>
								<height>25</height>
								<font>font12</font>
								<textcolor>white</textcolor>
								<selectedcolor>selected</selectedcolor>
								<align>center</align>
								<label>$INFO[ListItem.Label]</label>
								<scroll>true</scroll>
							</control>
						</focusedlayout>
					</control>
					<control type="panel" id="650">
						<visible>Container(5001).HasFocus(9)</visible>
						<width>579</width>
						<height>558</height>
						<onleft>5001</onleft>
						<onright>60</onright>
						<pagecontrol>60</pagecontrol>
						<scrolltime>200</scrolltime>
						<itemlayout height="106" width="193">
							<control type="image">
								<left>48</left>
								<top>0</top>
								<width>95</width>
								<height>55</height>
								<bordertexture border="5">button-nofocus.png</bordertexture>
								<bordersize>5</bordersize>
								<fadetime>100</fadetime>
								<texture>$INFO[ListItem.Property(iso_3166_1),special://home/addons/script.extendedinfo/resources/skins/Default/media/flags/language/,.png]</texture>
								<aspectratio>scale</aspectratio>
							</control>
							<control type="label">
								<left>1</left>
								<top>65</top>
								<width>191</width>
								<height>25</height>
								<font>font12</font>
								<textcolor>grey2</textcolor>
								<selectedcolor>selected</selectedcolor>
								<align>center</align>
								<label>$INFO[ListItem.Property(release_date)][CR][B]$INFO[ListItem.Property(certification)][/B]</label>
								<scroll>false</scroll>
							</control>
						</itemlayout>
						<focusedlayout height="106" width="193">
							<control type="image">
								<left>48</left>
								<top>0</top>
								<width>95</width>
								<height>55</height>
								<bordertexture border="5" colordiffuse="$VAR[MainColorOne]">folder-focus.png</bordertexture>
								<bordersize>5</bordersize>
								<fadetime>100</fadetime>
								<texture>$INFO[ListItem.Property(iso_3166_1),special://home/addons/script.extendedinfo/resources/skins/Default/media/flags/language/,.png]</texture>
								<aspectratio>scale</aspectratio>
							</control>
							<control type="label">
								<left>1</left>
								<top>65</top>
								<width>191</width>
								<height>25</height>
								<font>font12</font>
								<textcolor>white</textcolor>
								<selectedcolor>selected</selectedcolor>
								<align>center</align>
								<label>$INFO[ListItem.Property(release_date)][CR][B]$INFO[ListItem.Property(certification)][/B]</label>
								<scroll>true</scroll>
							</control>
						</focusedlayout>
					</control>
					<control type="panel" id="850">
						<visible>Container(5001).HasFocus(10)</visible>
						<width>579</width>
						<height>558</height>
						<onleft>5001</onleft>
						<onright>60</onright>
						<pagecontrol>60</pagecontrol>
						<scrolltime>200</scrolltime>
						<itemlayout height="40" width="193">
							<control type="image">
								<left>0</left>
								<top>0</top>
								<width>185</width>
								<height>32</height>
								<bordertexture border="5">button-nofocus.png</bordertexture>
								<bordersize>5</bordersize>
								<fadetime>100</fadetime>
								<texture>black-back.png</texture>
								<aspectratio>scale</aspectratio>
							</control>
							<control type="label">
								<left>4</left>
								<top>4</top>
								<width>178</width>
								<height>25</height>
								<font>font12</font>
								<textcolor>grey2</textcolor>
								<selectedcolor>selected</selectedcolor>
								<align>center</align>
								<label>$INFO[ListItem.Label]</label>
								<scroll>false</scroll>
							</control>
						</itemlayout>
						<focusedlayout height="40" width="193">
							<control type="image">
								<left>0</left>
								<top>0</top>
								<width>185</width>
								<height>32</height>
								<bordertexture border="5" colordiffuse="$VAR[MainColorOne]">folder-focus.png</bordertexture>
								<bordersize>5</bordersize>
								<fadetime>100</fadetime>
								<texture>black-back.png</texture>
								<aspectratio>scale</aspectratio>
							</control>
							<control type="label">
								<left>4</left>
								<top>4</top>
								<width>178</width>
								<height>25</height>
								<font>font12</font>
								<textcolor>white</textcolor>
								<selectedcolor>selected</selectedcolor>
								<align>center</align>
								<label>$INFO[ListItem.Label]</label>
								<scroll>true</scroll>
							</control>
						</focusedlayout>
					</control>
					<control type="panel" id="1050">
						<visible>Container(5001).HasFocus(11)</visible>
						<width>579</width>
						<height>558</height>
						<onleft>5001</onleft>
						<onright>60</onright>
						<pagecontrol>60</pagecontrol>
						<scrolltime>200</scrolltime>
						<itemlayout height="60" width="193">
							<control type="image">
								<left>0</left>
								<top>0</top>
								<width>185</width>
								<height>52</height>
								<bordertexture border="5">button-nofocus.png</bordertexture>
								<bordersize>5</bordersize>
								<fadetime>100</fadetime>
								<texture>black-back.png</texture>
								<aspectratio>scale</aspectratio>
							</control>
							<control type="label">
								<left>4</left>
								<top>4</top>
								<width>178</width>
								<height>45</height>
								<font>font12</font>
								<textcolor>grey2</textcolor>
								<selectedcolor>selected</selectedcolor>
								<align>center</align>
								<label>$INFO[ListItem.Property(Author),[B],[/B][CR]]$INFO[ListItem.Property(Content)]</label>
								<scroll>false</scroll>
							</control>
						</itemlayout>
						<focusedlayout height="60" width="193">
							<control type="image">
								<left>0</left>
								<top>0</top>
								<width>185</width>
								<height>52</height>
								<bordertexture border="5" colordiffuse="$VAR[MainColorOne]">folder-focus.png</bordertexture>
								<bordersize>5</bordersize>
								<fadetime>100</fadetime>
								<texture>black-back.png</texture>
								<aspectratio>scale</aspectratio>
							</control>
							<control type="label">
								<left>4</left>
								<top>4</top>
								<width>178</width>
								<height>45</height>
								<font>font12</font>
								<textcolor>white</textcolor>
								<selectedcolor>selected</selectedcolor>
								<align>center</align>
								<label>$INFO[ListItem.Property(Author),[B],[/B][CR]]$INFO[ListItem.Property(Content)]</label>
								<scroll>false</scroll>
							</control>
						</focusedlayout>
					</control>
					<control type="panel" id="950">
						<visible>Container(5001).HasFocus(12)</visible>
						<width>579</width>
						<height>558</height>
						<onleft>5001</onleft>
						<onright>60</onright>
						<pagecontrol>60</pagecontrol>
						<scrolltime>200</scrolltime>
						<itemlayout height="40" width="193">
							<control type="image">
								<left>0</left>
								<top>0</top>
								<width>185</width>
								<height>32</height>
								<bordertexture border="5">button-nofocus.png</bordertexture>
								<bordersize>5</bordersize>
								<fadetime>100</fadetime>
								<texture>black-back.png</texture>
								<aspectratio>scale</aspectratio>
							</control>
							<control type="label">
								<left>4</left>
								<top>4</top>
								<width>178</width>
								<height>25</height>
								<font>font12</font>
								<textcolor>grey2</textcolor>
								<selectedcolor>selected</selectedcolor>
								<align>center</align>
								<label>$INFO[ListItem.Label]</label>
								<scroll>false</scroll>
							</control>
						</itemlayout>
						<focusedlayout height="40" width="193">
							<control type="image">
								<left>0</left>
								<top>0</top>
								<width>185</width>
								<height>32</height>
								<bordertexture border="5" colordiffuse="$VAR[MainColorOne]">folder-focus.png</bordertexture>
								<bordersize>5</bordersize>
								<fadetime>100</fadetime>
								<texture>black-back.png</texture>
								<aspectratio>scale</aspectratio>
							</control>
							<control type="label">
								<left>4</left>
								<top>4</top>
								<width>178</width>
								<height>25</height>
								<font>font12</font>
								<textcolor>white</textcolor>
								<selectedcolor>selected</selectedcolor>
								<align>center</align>
								<label>$INFO[ListItem.Label]</label>
								<scroll>true</scroll>
							</control>
						</focusedlayout>
					</control>
					<control type="panel" id="1250">
						<visible>Container(5001).HasFocus(13)</visible>
						<width>579</width>
						<height>558</height>
						<onleft>5001</onleft>
						<onright>60</onright>
						<pagecontrol>60</pagecontrol>
						<scrolltime>200</scrolltime>
						<itemlayout height="186" width="193">
							<control type="image">
								<left>48</left>
								<top>0</top>
								<width>95</width>
								<height>145</height>
								<bordertexture border="5">button-nofocus.png</bordertexture>
								<bordersize>5</bordersize>
								<fadetime>100</fadetime>
								<texture background="true" fallback="DefaultVideo.png">$INFO[ListItem.Thumb]</texture>
								<aspectratio>scale</aspectratio>
							</control>
						</itemlayout>
						<focusedlayout height="186" width="193">
							<control type="image">
								<left>48</left>
								<top>0</top>
								<width>95</width>
								<height>145</height>
								<bordertexture border="5" colordiffuse="$VAR[MainColorOne]">folder-focus.png</bordertexture>
								<bordersize>5</bordersize>
								<fadetime>100</fadetime>
								<texture background="true" fallback="DefaultVideo.png">$INFO[ListItem.Thumb]</texture>
								<aspectratio>scale</aspectratio>
							</control>
						</focusedlayout>
					</control>
					<control type="panel" id="1350">
						<visible>Container(5001).HasFocus(14)</visible>
						<width>579</width>
						<height>558</height>
						<onleft>5001</onleft>
						<onright>60</onright>
						<pagecontrol>60</pagecontrol>
						<scrolltime>200</scrolltime>
						<itemlayout height="186" width="193">
							<control type="image">
								<left>48</left>
								<top>0</top>
								<width>95</width>
								<height>145</height>
								<bordertexture border="5">button-nofocus.png</bordertexture>
								<bordersize>5</bordersize>
								<fadetime>100</fadetime>
								<texture background="true" fallback="DefaultVideo.png">$INFO[ListItem.Thumb]</texture>
								<aspectratio>scale</aspectratio>
							</control>
						</itemlayout>
						<focusedlayout height="186" width="193">
							<control type="image">
								<left>48</left>
								<top>0</top>
								<width>95</width>
								<height>145</height>
								<bordertexture border="5" colordiffuse="$VAR[MainColorOne]">folder-focus.png</bordertexture>
								<bordersize>5</bordersize>
								<fadetime>100</fadetime>
								<texture background="true" fallback="DefaultVideo.png">$INFO[ListItem.Thumb]</texture>
								<aspectratio>scale</aspectratio>
							</control>
						</focusedlayout>
					</control>
					<control type="panel" id="450">
						<visible>Container(5001).HasFocus(15)</visible>
						<width>579</width>
						<height>558</height>
						<onleft>5001</onleft>
						<onright>60</onright>
						<pagecontrol>60</pagecontrol>
						<scrolltime>200</scrolltime>
						<itemlayout height="186" width="193">
							<control type="image">
								<left>48</left>
								<top>0</top>
								<width>95</width>
								<height>145</height>
								<bordertexture border="5">button-nofocus.png</bordertexture>
								<bordersize>5</bordersize>
								<fadetime>100</fadetime>
								<texture background="true" fallback="DefaultVideo.png">$INFO[ListItem.Thumb]</texture>
								<aspectratio>scale</aspectratio>
							</control>
							<control type="label">
								<left>1</left>
								<top>142</top>
								<width>191</width>
								<height>25</height>
								<font>font12</font>
								<textcolor>grey2</textcolor>
								<selectedcolor>selected</selectedcolor>
								<align>center</align>
								<label>$INFO[ListItem.Label]$INFO[ListItem.Property(Description),[COLOR FF999999][CR],[/COLOR]]</label>
								<scroll>false</scroll>
							</control>
						</itemlayout>
						<focusedlayout height="186" width="193">
							<control type="image">
								<left>48</left>
								<top>0</top>
								<width>95</width>
								<height>145</height>
								<bordertexture border="5" colordiffuse="$VAR[MainColorOne]">folder-focus.png</bordertexture>
								<bordersize>5</bordersize>
								<fadetime>100</fadetime>
								<texture background="true" fallback="DefaultVideo.png">$INFO[ListItem.Thumb]</texture>
								<aspectratio>scale</aspectratio>
							</control>
							<control type="label">
								<left>1</left>
								<top>142</top>
								<width>191</width>
								<height>25</height>
								<font>font12</font>
								<textcolor>white</textcolor>
								<selectedcolor>selected</selectedcolor>
								<align>center</align>
								<label>$INFO[ListItem.Label]$INFO[ListItem.Property(Description),[COLOR FF999999][CR],[/COLOR]]</label>
								<scroll>true</scroll>
							</control>
						</focusedlayout>
					</control>
					<control type="panel" id="2000">
						<visible>Container(5001).HasFocus(16)</visible>
						<width>579</width>
						<height>558</height>
						<onleft>5001</onleft>
						<onright>60</onright>
						<pagecontrol>60</pagecontrol>
						<scrolltime>200</scrolltime>
						<itemlayout height="186" width="193">
							<control type="image">
								<left>48</left>
								<top>0</top>
								<width>95</width>
								<height>145</height>
								<bordertexture border="5">button-nofocus.png</bordertexture>
								<bordersize>5</bordersize>
								<fadetime>100</fadetime>
								<texture background="true" fallback="DefaultVideo.png">$INFO[ListItem.Thumb]</texture>
								<aspectratio>scale</aspectratio>
							</control>
							<control type="label">
								<left>1</left>
								<top>142</top>
								<width>191</width>
								<height>25</height>
								<font>font12</font>
								<textcolor>grey2</textcolor>
								<selectedcolor>selected</selectedcolor>
								<align>center</align>
								<label>$INFO[ListItem.Episode,[B],[/B]]$INFO[ListItem.Label,[B]:[/B] ]$INFO[ListItem.Property(release_date),[CR][COLOR FFAAAAAA],[/COLOR]]</label>
								<scroll>false</scroll>
							</control>
						</itemlayout>
						<focusedlayout height="186" width="193">
							<control type="image">
								<left>48</left>
								<top>0</top>
								<width>95</width>
								<height>145</height>
								<bordertexture border="5" colordiffuse="$VAR[MainColorOne]">folder-focus.png</bordertexture>
								<bordersize>5</bordersize>
								<fadetime>100</fadetime>
								<texture background="true" fallback="DefaultVideo.png">$INFO[ListItem.Thumb]</texture>
								<aspectratio>scale</aspectratio>
							</control>
							<control type="label">
								<left>1</left>
								<top>142</top>
								<width>191</width>
								<height>25</height>
								<font>font12</font>
								<textcolor>white</textcolor>
								<selectedcolor>selected</selectedcolor>
								<align>center</align>
								<label>$INFO[ListItem.Episode,[B],[/B]]$INFO[ListItem.Label,[B]:[/B] ]$INFO[ListItem.Property(release_date),[CR][COLOR FFAAAAAA],[/COLOR]]</label>
								<scroll>true</scroll>
							</control>
						</focusedlayout>
					</control>
				</control>
			</control>
			<control type="group">
				<control type="scrollbar" id="60">
					<left>850</left>
					<top>78</top>
					<width>25</width>
					<height>560</height>
					<texturesliderbackground border="10,14,10,14">ScrollBarV.png</texturesliderbackground>
					<texturesliderbar border="10,14,10,14">ScrollBarV_bar.png</texturesliderbar>
					<texturesliderbarfocus border="10,14,10,14" colordiffuse="$VAR[MainColorOne]">ScrollBarV_bar_focus.png</texturesliderbarfocus>
					<textureslidernib colordiffuse="$VAR[MainColorOne]">ScrollBarNib.png</textureslidernib>
					<textureslidernibfocus colordiffuse="$VAR[MainColorOne]">ScrollBarNib.png</textureslidernibfocus>
					<onleft>5000</onleft>
					<onright>132</onright>
					<onup>700</onup>
					<ondown>600</ondown>
					<showonepage>true</showonepage>
					<orientation>vertical</orientation>
				</control>
				<control type="group">
					<left>910</left>
					<top>90</top>
					<control type="image">
                		<texture>special://home/addons/script.extendedinfo/resources/skins/Default/media/moviedb.png</texture>
                		<left>20</left>
                		<top>20</top>
                		<width>260</width>
                		<height>200</height>
                		<aspectratio align="left">keep</aspectratio>
                		<animation type="WindowOpen" reversible="false">
                    		<effect type="slide" start="0,-1000" end="0,0" delay="0" tween="sine" time="1000" />
                    		<effect type="fade" start="0" end="100" delay="0" tween="sine" time="2000" />
                    		<effect type="rotatex" start="0" end="75" delay="3000" center="300,0" tween="sine" time="750" />
                    		<effect type="fade" start="100" end="0" delay="3750" time="0" />
                		</animation>
            		</control>
		            <control type="image">
						<texture>$INFO[Window.Property(Poster)]</texture>
        		        <left>0</left>
        		        <top>20</top>
        		        <width>300</width>
        		        <height>200</height>
        		        <fadetime>600</fadetime>
						<bordertexture border="8">ThumbShadow.png</bordertexture>
						<bordersize>9</bordersize>
        		        <aspectratio>scale</aspectratio>
        		        <animation type="WindowOpen" reversible="false">
        		            <effect type="rotatex" start="75" end="0" delay="3750" center="300,0" tween="sine" time="750" />
        		            <effect type="fade" start="0" end="100" delay="3750" time="0" />
        		        </animation>
        		    </control>
					<control type="image">
						<visible>Stringcompare(Window.Property(type),episode)</visible>
                		<texture>$INFO[Window.Property(still_original)]</texture>
        		        <left>0</left>
        		        <top>20</top>
        		        <width>300</width>
        		        <height>200</height>
        		        <fadetime>600</fadetime>
						<bordertexture border="8">ThumbShadow.png</bordertexture>
						<bordersize>9</bordersize>
        		        <aspectratio>scale</aspectratio>
        		        <animation type="WindowOpen" reversible="false">
        		            <effect type="rotatex" start="75" end="0" delay="3750" center="300,0" tween="sine" time="750" />
        		            <effect type="fade" start="0" end="100" delay="3750" time="0" />
        		        </animation>
        		    </control>
					<control type="label">
						<description>Show Title txt</description>
						<left>10</left>
						<top>0</top>
						<width>290</width>
						<height>15</height>
						<label>$INFO[Window.Property(title)]</label>
						<align>center</align>
						<aligny>center</aligny>
						<font>font13_title</font>
						<textcolor>white</textcolor>
						<shadowcolor>black</shadowcolor>
						<scroll>true</scroll>
						<scrollspeed>50</scrollspeed>
					</control>
					<control type="grouplist" id="4000">
						<top>220</top>
						<height>400</height>
						<width>310</width>
						<itemgap>20</itemgap>
                  	  	<scrolltime tween="sine">400</scrolltime>
                    	<orientation>vertical</orientation>
                    	<usecontrolcoords>true</usecontrolcoords>
						<control type="grouplist">
                            <left>0</left>
                            <top>0</top>
                            <width>310</width>
							<height>40</height>
                            <itemgap>0</itemgap>
                            <orientation>horizontal</orientation>
                            <usecontrolcoords>true</usecontrolcoords>
							<control type="image">
                                <posx>0</posx>
                                <posy>5</posy>
                                <width>50</width>
                                <height>35</height>
                                <visible>!StringCompare(Window.Property(type),Season) + !StringCompare(Window.Property(type),episode)</visible>
                                <aspectratio align="center">scale</aspectratio>
                                <texture colordiffuse="FFFAFAFA" fallback="special://home/addons/script.extendedinfo/resources/skins/Default/media/flags/rating/MPAA_NR_Certificate_US.png">$INFO[Window.Property(mpaa),special://home/addons/script.extendedinfo/resources/skins/Default/media/flags/rating/,.png]</texture>
							</control>
                            <control type="group">
                                <posx>0</posx>
                                <width>75</width>
                                <visible>!Stringcompare(Window.Property(Rating),0.0) + !IsEmpty(Window.Property(Rating))</visible>
                                <control type="label">
                                    <posx>0</posx>
                                    <posy>4</posy>
                                    <width>75</width>
                                    <height>20</height>
                                    <align>center</align>
                                    <label fallback="?">[B]$INFO[Window.Property(Rating)][/B]</label>
                                    <font>font12</font>
                                </control>
                                <control type="label">
                                    <posx>0</posx>
                                    <posy>22</posy>
                                    <width>75</width>
                                    <height>20</height>
                                    <align>center</align>
                                    <label fallback="563">$INFO[Window.Property(Votes),, $LOCALIZE[20350]]</label>
                                    <font>font10</font>
                                </control>
                            </control>
							<control type="group">
                                <posx>0</posx>
                                <width>75</width>
                                <visible>!Stringcompare(Window.Property(duration),0) + !IsEmpty(Window.Property(duration))</visible>
                                <control type="label">
                                    <posx>0</posx>
                                    <posy>4</posy>
                                    <width>75</width>
                                    <height>20</height>
                                    <align>center</align>
                                    <label>[B]$INFO[Window.Property(duration)][/B]</label>
                                    <font>font12</font>
                                </control>
                                <control type="label">
                                    <posx>0</posx>
                                    <posy>22</posy>
                                    <width>75</width>
                                    <height>20</height>
                                    <align>center</align>
                                    <label>$LOCALIZE[12391]</label>
                                    <font>font10</font>
                                </control>
                            </control>
							<control type="group">
                                <width>100</width>
                                <visible>!IsEmpty(Window.Property(release_date))</visible>
                                <control type="label">
                                    <posx>0</posx>
                                    <posy>4</posy>
                                    <width>100</width>
                                    <height>20</height>
                                    <align>center</align>
                                    <label fallback="?">[B]$INFO[Window.Property(release_date)][/B]</label>
                                    <font>font12</font>
                                </control>
                                <control type="label">
                                    <posx>0</posx>
                                    <posy>22</posy>
                                    <width>100</width>
                                    <height>20</height>
                                    <align>center</align>
                                    <label fallback="172">$INFO[Window.Property(Status)]</label>
                                    <font>font10</font>
                                </control>
                            </control>
						</control>
						<control type="grouplist">
                            <left>0</left>
                            <top>0</top>
                            <width>310</width>
							<height>40</height>
                            <itemgap>0</itemgap>
                            <orientation>horizontal</orientation>
                            <usecontrolcoords>true</usecontrolcoords>
                          	<control type="group">
                                <posx>0</posx>
                                <width>100</width>
                                <visible>!IsEmpty(Window.Property(Budget))</visible>
                                <control type="label">
                                    <posx>0</posx>
                                    <posy>5</posy>
                                    <width>100</width>
                                    <height>20</height>
                                    <align>center</align>
                                    <label>[B]$INFO[Window.Property(Budget),$][/B]</label>
                                    <font>font10</font>
                                </control>
                                <control type="label">
                                    <posx>0</posx>
                                    <posy>22</posy>
                                    <width>100</width>
                                    <height>20</height>
                                    <align>center</align>
                                    <label>$ADDON[script.extendedinfo 32109]</label>
                                    <font>font10</font>
                                </control>
                            </control>
                            <control type="group">
                                <posx>0</posx>
                                <width>100</width>
                                <visible>!IsEmpty(Window.Property(Revenue))</visible>
                                <control type="label">
                                    <posx>0</posx>
                                    <posy>4</posy>
                                    <width>100</width>
                                    <height>20</height>
                                    <align>center</align>
                                    <label fallback="?">[B]$INFO[Window.Property(Revenue),$][/B]</label>
                                    <font>font10</font>
                                </control>
                                <control type="label">
                                    <posx>0</posx>
                                    <posy>22</posy>
                                    <width>100</width>
                                    <height>20</height>
                                    <align>center</align>
                                    <label>$ADDON[script.extendedinfo 32108]</label>
                                    <font>font10</font>
                                </control>
                            </control>
                            <control type="group">
                                <posx>0</posx>
                                <width>100</width>
                                <visible>Stringcompare(Window.Property(type),Season)</visible>
                                <control type="label">
                                    <posx>0</posx>
                                    <posy>4</posy>
                                    <width>100</width>
                                    <height>20</height>
                                    <align>center</align>
                                    <label fallback="?">[B]$INFO[Container(2000).NumItems][/B]</label>
                                    <font>font10</font>
                                </control>
                                <control type="label">
                                    <posx>0</posx>
                                    <posy>22</posy>
                                    <width>100</width>
                                    <height>20</height>
                                    <align>center</align>
                                    <label>$LOCALIZE[20453]</label>
                                    <font>font10</font>
                                </control>
                            </control>
						</control>
    	                <control type="group" id="140">
							<visible>!IsEmpty(Window.Property(Plot))</visible>
    	                    <height>210</height>
    	                    <control type="button" id="132">
    	                        <posx>0</posx>
    	                        <posy>5</posy>
    	                        <width>310</width>
    	                        <height>210</height>
    	                        <radioposx>30</radioposx>
    	                        <radioposy>20</radioposy>
    	                        <radiowidth>46</radiowidth>
    	                        <radioheight>46</radioheight>
    	                        <onup>SetFocus(20000)</onup>
    	                        <ondown>150</ondown>
								<onleft>60</onleft>
								<onright>5001</onright>
    	                        <texturefocus border="5" colordiffuse="$VAR[MainColorOne]">MenuItemFO.png</texturefocus>
    	                        <texturenofocus border="5">MenuItemNF.png</texturenofocus>
    	                        <label>-</label>
    	                    </control>
    	                    <control type="textbox" id="800">
    	                        <posx>5</posx>
    	                        <posy>10</posy>
    	                        <width>295</width>
    	                        <height>200</height>
    	                        <align>left</align>
    	                        <label fallback="19055">[B]$INFO[Window.Property(TagLine),,[CR]][/B]$INFO[Window.Property(Plot)]</label>
    	                        <font>font12</font>
    	                        <autoscroll delay="10000" time="2000" repeat="10000">true</autoscroll>
    	                    </control>
						</control>
					</control>
				</control>
			</control>
        </control>
		<control type="group">
			<depth>DepthFooter</depth>
			<include>CommonNowPlaying</include>
		</control>
		<include>FloorReturnButtons</include>
		<include>BehindDialogFadeOut</include>
		<include>ScrollOffsetLabel</include>
		<include name="CommonWindowHeader">
			<param name="Icon" value="icon_video" />
			<param name="Label" value="ExtendedInfo Script" />
		</include>
		<!-- SideBlade -->
        <control type="group">
			<visible>!Skin.HasSetting(KioskMode)</visible>
			<left>-250</left>
			<include>SideBladeLeft</include>
			<control type="grouplist" id="9000">
				<left>0</left>
				<top>60</top>
				<width>250</width>
				<height>650</height>
				<onfocus condition="IsEmpty(Window.Property(SideBladeOpen))">SetProperty(SideBladeOpen,True)</onfocus>
				<onleft>5001</onleft>
				<onright>ClearProperty(SideBladeOpen)</onright>
				<onright>5001</onright>
				<onup>9000</onup>
				<ondown>9000</ondown>
				<onback>ClearProperty(SideBladeOpen)</onback>
				<itemgap>0</itemgap>
				<control type="label" id="200">
					<width>250</width>
					<height>35</height>
					<font>font12</font>
					<label>31112</label>
					<textcolor>$VAR[MainColorOne]</textcolor>
					<align>center</align>
					<aligny>center</aligny>
				</control>
				<control type="button" id="8">
					<include>ButtonCommonValues</include>
					<label>$LOCALIZE[208]</label>
					<visible>!IsEmpty(Window.Property(DBID)) + !Stringcompare(Window.Property(Type),tvshow)</visible>
				</control>
				<control type="button" id="120">
					<include>ButtonCommonValues</include>
                	<label>$LOCALIZE[21385]</label>
					<visible>!IsEmpty(Window.Property(DBID)) + Stringcompare(Window.Property(Type),tvshow)</visible>
            	</control>
                <control type="button" id="9">
					<include>ButtonCommonValues</include>
                    <label>$LOCALIZE[13404] $INFO[Window.Property(PercentPlayed),(,%)]</label>
					<visible>!IsEmpty(Window.Property(DBID)) + IntegerGreaterThan(Window.Property(PercentPlayed),0)</visible> 
					<onclick>Action(Close)</onclick>       
                </control>
                <control type="button" id="6001">
                    <include>ButtonCommonValues</include>
                    <label>$ADDON[script.extendedinfo 32129]</label>
					<visible>!StringCompare(Window.Property(type),season)</visible>
                </control>
                <control type="label" id="5333">
					<font>font12</font>
					<textcolor>$VAR[MainColorOne]</textcolor>
					<align>left</align>
                    <label>$INFO[Window.Property(rated)]</label>
					<visible>!StringCompare(Window.Property(type),season)</visible>
                </control>
				<control type="button" id="6003">
					<include>ButtonCommonValues</include>
                    <label>$INFO[Window.Property(FavButton_Label)]</label>
					<visible>!IsEmpty(Window.Property(tmdb_logged_in))</visible>
                    <visible>!StringCompare(Window.Property(type),season) + !StringCompare(Window.Property(type),episode)</visible>
                </control>
                <control type="button" id="6005">
					<include>ButtonCommonValues</include>
                    <label>$ADDON[script.extendedinfo 32107]</label>
					<visible>!IsEmpty(Window.Property(tmdb_logged_in))</visible>
                    <visible>!StringCompare(Window.Property(type),season) + !StringCompare(Window.Property(type),episode)</visible>
                </control>
                <control type="button" id="6002">
					<include>ButtonCommonValues</include>
                    <label>$ADDON[script.extendedinfo 32130]</label>
					<visible>!IsEmpty(Window.Property(tmdb_logged_in))</visible>
                    <visible>!StringCompare(Window.Property(type),season) + !StringCompare(Window.Property(type),episode)</visible>
                </control>
                <control type="button" id="6006">
					<include>ButtonCommonValues</include>
                    <label>$ADDON[script.extendedinfo 32131]</label>
					<visible>IsEmpty(Window.Property(tmdb_logged_in))</visible>
                    <visible>!StringCompare(Window.Property(type),season) + !StringCompare(Window.Property(type),TVShow)</visible>
                </control>
                <control type="button" id="100">
					<include>ButtonCommonValues</include>
                    <label>$ADDON[script.extendedinfo 32132]</label>
                    <onclick>XBMC.RunScript(script.videoextras,display,"$INFO[Window.Property(FilenameAndPath)]")</onclick>
                    <visible>System.HasAddon(script.videoextras) + IsEmpty(Window(movieinformation).Property(HideVideoExtrasButton))</visible>
                    <visible>!IsEmpty(Window.Property(FilenameAndPath))</visible>
                </control>
                <control type="button" id="445">
					<include>ButtonCommonValues</include>
                    <label>$ADDON[script.extendedinfo 32133]</label>
                    <visible>!Skin.HasSetting(kioskmode)</visible>
                </control>
                <control type="group">
                    <visible>!IsEmpty(Window.Property(DBID))</visible>
                    <visible>StringCompare(Window.Property(type),movie) | StringCompare(Window.Property(type),episode)</visible>
                    <control type="grouplist">
                        <left>0</left>
                        <top>0</top>
                        <width>250</width>
                        <height>45</height>
                        <orientation>horizontal</orientation>
                        <itemgap>5</itemgap>
                        <usecontrolcoords>true</usecontrolcoords>
                        <control type="image" id="900012">
                            <posy>5</posy>
                            <width>50</width>
                            <height>30</height>
                            <aspectratio>keep</aspectratio>
                            <texture colordiffuse="FFFAFAFA">$INFO[Window.Property(VideoCodec),special://home/addons/script.extendedinfo/resources/skins/Default/media/flags/source/,.png]</texture>
                            <visible>!IsEmpty(Window.Property(VideoCodec))</visible>
                        </control>
                        <control type="image" id="900013">
                            <posy>5</posy>
                            <width>63</width>
                            <height>30</height>
                            <aspectratio>keep</aspectratio>
                            <texture colordiffuse="FFFAFAFA">$INFO[Window.Property(AudioCodec),special://home/addons/script.extendedinfo/resources/skins/Default/media/flags/audio/,.png]</texture>
                            <visible>!IsEmpty(Window.Property(AudioCodec))</visible>
                        </control>
                        <control type="image" id="900014">
                            <posy>5</posy>
                            <width>40</width>
                            <height>30</height>
                            <aspectratio>keep</aspectratio>
                            <texture colordiffuse="FFFAFAFA">$INFO[Window.Property(VideoResolution),special://home/addons/script.extendedinfo/resources/skins/Default/media/flags/resolution/,.png]</texture>
                            <visible>!IsEmpty(Window.Property(VideoResolution))</visible>
                        </control>
                        <control type="image" id="900015">
                            <posy>5</posy>
                            <width>40</width>
                            <height>30</height>
                            <aspectratio>keep</aspectratio>
                            <texture colordiffuse="FFFAFAFA">$INFO[Window.Property(VideoAspect),special://home/addons/script.extendedinfo/resources/skins/Default/media/flags/aspectratio/,.png]</texture>
                            <visible>!IsEmpty(Window.Property(VideoAspect))</visible>
                        </control>
					</control>	
                    <!-- Language flags -->
                    <control type="grouplist">
                        <visible>!IsEmpty(Window.Property(AudioLanguage.1)) | !IsEmpty(Window.Property(AudioLanguage.2))</visible>
                        <orientation>vertical</orientation>
                        <usecontrolcoords>true</usecontrolcoords>
                        <control type="grouplist" id="11000">
                            <top>50</top>
                            <width>250</width>
                            <height>12</height>
                            <align>left</align>
                            <itemgap>2</itemgap>
                            <orientation>horizontal</orientation>
                            <control type="label">
                                <width>80</width>
                                <height>12</height>
                                <align>right</align>
                                <aligny>center</aligny>
                                <textoffsetx>10</textoffsetx>
                                <label>$LOCALIZE[445]:</label>
                                <font>font10</font>
                            </control>
                            <control type="image">
                                <width>12</width>
                                <height>12</height>
                                <aspectratio>keep</aspectratio>
                                <texture>$INFO[Window.Property(AudioLanguage.1),special://home/addons/script.extendedinfo/resources/skins/Default/media/flags/language/,.png]</texture>
                                <visible>!IsEmpty(Window.Property(AudioLanguage.1))</visible>
                            </control>
                            <control type="image">
                                <width>12</width>
                                <height>12</height>
                                <aspectratio>keep</aspectratio>
                                <texture>$INFO[Window.Property(AudioLanguage.2),special://home/addons/script.extendedinfo/resources/skins/Default/media/flags/language/,.png]</texture>
                            </control>
                            <control type="image">
                                <width>12</width>
                                <height>12</height>
                                <aspectratio>keep</aspectratio>
                                <texture>$INFO[Window.Property(AudioLanguage.3),special://home/addons/script.extendedinfo/resources/skins/Default/media/flags/language/,.png]</texture>
                            </control>
                            <control type="image">
                                <width>12</width>
                                <height>12</height>
                                <aspectratio>keep</aspectratio>
                                <texture>$INFO[Window.Property(AudioLanguage.4),special://home/addons/script.extendedinfo/resources/skins/Default/media/flags/language/,.png]</texture>
                            </control>
                            <control type="image">
                                <width>12</width>
                                <height>12</height>
                                <aspectratio>keep</aspectratio>
                                <texture>$INFO[Window.Property(AudioLanguage.5),special://home/addons/script.extendedinfo/resources/skins/Default/media/flags/language/,.png]</texture>
                            </control>
                            <control type="image">
                                <width>12</width>
                                <height>12</height>
                                <aspectratio>keep</aspectratio>
                                <texture>$INFO[Window.Property(AudioLanguage.6),special://home/addons/script.extendedinfo/resources/skins/Default/media/flags/language/,.png]</texture>
                            </control>
                            <control type="image">
                                <width>12</width>
                                <height>12</height>
                                <aspectratio>keep</aspectratio>
                                <texture>$INFO[Window.Property(AudioLanguage.7),special://home/addons/script.extendedinfo/resources/skins/Default/media/flags/language/,.png]</texture>
                            </control>
                            <control type="image">
                                <width>12</width>
                                <height>12</height>
                                <aspectratio>keep</aspectratio>
                                <texture>$INFO[Window.Property(AudioLanguage.8),special://home/addons/script.extendedinfo/resources/skins/Default/media/flags/language/,.png]</texture>
                            </control>
                            <control type="image">
                                <width>12</width>
                                <height>12</height>
                                <aspectratio>keep</aspectratio>
                                <texture>$INFO[Window.Property(AudioLanguage.9),special://home/addons/script.extendedinfo/resources/skins/Default/media/flags/language/,.png]</texture>
                            </control>
                            <control type="image">
                                <width>12</width>
                                <height>12</height>
                                <aspectratio>keep</aspectratio>
                                <texture>$INFO[Window.Property(AudioLanguage.10),special://home/addons/script.extendedinfo/resources/skins/Default/media/flags/language/,.png]</texture>
                            </control>
                            <control type="image">
                                <width>12</width>
                                <height>12</height>
                                <aspectratio>keep</aspectratio>
                                <texture>$INFO[Window.Property(AudioLanguage.11),special://home/addons/script.extendedinfo/resources/skins/Default/media/flags/language/,.png]</texture>
                            </control>
                            <control type="image">
                                <width>12</width>
                                <height>12</height>
                                <aspectratio>keep</aspectratio>
                                <texture>$INFO[Window.Property(AudioLanguage.12),special://home/addons/script.extendedinfo/resources/skins/Default/media/flags/language/,.png]</texture>
                            </control>
                        </control>
                        <!-- Subtitle flags -->
                        <control type="grouplist" id="12000">
                            <visible>!IsEmpty(Window.Property(SubtitleLanguage.1)) | !IsEmpty(Window.Property(SubtitleLanguage.2))</visible>
                            <animation effect="fade" start="100" end="80" time="40" condition="true">Conditional</animation>
                            <width>250</width>
                            <height>12</height>
                            <align>left</align>
                            <itemgap>2</itemgap>
                            <orientation>horizontal</orientation>
                            <control type="label">
                                <width>80</width>
                                <height>12</height>
                                <align>right</align>
                                <textoffsetx>10</textoffsetx>
                                <aligny>center</aligny>
                                <label>$LOCALIZE[287]:</label>
                                <font>font10</font>
                             </control>
                             <control type="image">
                                <width>12</width>
                                <height>12</height>
                                <aspectratio>keep</aspectratio>
                                <texture>$INFO[Window.Property(SubtitleLanguage.1),special://home/addons/script.extendedinfo/resources/skins/Default/media/flags/language/,.png]</texture>
                            </control>
                            <control type="image">
                                <width>12</width>
                                <height>12</height>
                                <aspectratio>keep</aspectratio>
                                <texture>$INFO[Window.Property(SubtitleLanguage.2),special://home/addons/script.extendedinfo/resources/skins/Default/media/flags/language/,.png]</texture>
                            </control>
                            <control type="image">
                                <width>12</width>
                                <height>12</height>
                                <aspectratio>keep</aspectratio>
                                <texture>$INFO[Window.Property(SubtitleLanguage.3),special://home/addons/script.extendedinfo/resources/skins/Default/media/flags/language/,.png]</texture>
                            </control>
                            <control type="image">
                                <width>12</width>
                                <height>12</height>
                                <aspectratio>keep</aspectratio>
                                <texture>$INFO[Window.Property(SubtitleLanguage.4),special://home/addons/script.extendedinfo/resources/skins/Default/media/flags/language/,.png]</texture>
                            </control>
                            <control type="image">
                                <width>12</width>
                                <height>12</height>
                                <aspectratio>keep</aspectratio>
                                <texture>$INFO[Window.Property(SubtitleLanguage.5),special://home/addons/script.extendedinfo/resources/skins/Default/media/flags/language/,.png]</texture>
                            </control>
                            <control type="image">
                                <width>12</width>
                                <height>12</height>
                                <aspectratio>keep</aspectratio>
                                <texture>$INFO[Window.Property(SubtitleLanguage.6),special://home/addons/script.extendedinfo/resources/skins/Default/media/flags/language/,.png]</texture>
                            </control>
                            <control type="image">
                                <width>12</width>
                                <height>12</height>
                                <texture>$INFO[Window.Property(SubtitleLanguage.7),special://home/addons/script.extendedinfo/resources/skins/Default/media/flags/language/,.png]</texture>
                                <aspectratio>keep</aspectratio>
                            </control>
                            <control type="image">
                                <width>12</width>
                                <height>12</height>
                                <aspectratio>keep</aspectratio>
                                <texture>$INFO[Window.Property(SubtitleLanguage.8),special://home/addons/script.extendedinfo/resources/skins/Default/media/flags/language/,.png]</texture>
                            </control>
                            <control type="image">
                                <width>12</width>
                                <height>12</height>
                                <aspectratio>keep</aspectratio>
                                <texture>$INFO[Window.Property(SubtitleLanguage.9),special://home/addons/script.extendedinfo/resources/skins/Default/media/flags/language/,.png]</texture>
                            </control>
                            <control type="image">
                                <width>12</width>
                                <height>12</height>
                                <aspectratio>keep</aspectratio>
                                <texture>$INFO[Window.Property(SubtitleLanguage.10),special://home/addons/script.extendedinfo/resources/skins/Default/media/flags/language/,.png]</texture>
                            </control>
                            <control type="image">
                                <width>12</width>
                                <height>12</height>
                                <aspectratio>keep</aspectratio>
                                <texture>$INFO[Window.Property(SubtitleLanguage.11),special://home/addons/script.extendedinfo/resources/skins/Default/media/flags/language/,.png]</texture>
                            </control>
                            <control type="image">
                                <width>12</width>
                                <height>12</height>
                                <aspectratio>keep</aspectratio>
                                <texture>$INFO[Window.Property(SubtitleLanguage.12),special://home/addons/script.extendedinfo/resources/skins/Default/media/flags/language/,.png]</texture>
                            </control>
                        </control>
                    </control>
                </control>
				<include>CommonNowPlaying_Controls</include>
            </control>
        </control>
    </controls>
</window>
