<?xml version="1.0" encoding="UTF-8"?>
<includes>
	<include file="IncludesHomeWidget.xml" />
	<include file="defaults.xml" />
	<include file="IncludesVariables.xml" />
	<include file="IncludesMainMenu.xml" />
	<include file="IncludesMenuContentItems.xml" />
	<include file="IncludesSubMenuSys.xml" />
	<include file="IncludesBackgroundEffect.xml" />
	<include file="IncludesHomeAddOnSystem.xml" />
	<include file="IncludesCDWall.xml" />
	<include file="IncludesOnScreenDisplay.xml" />
	<include file="ViewsVideoLibrary.xml" />
	<include file="ViewsLowlist.xml" />
	<include file="ViewsMusicLibrary.xml" />
	<include file="ViewsFileMode.xml" />
	<include file="ViewsPictures.xml" />
	<include file="ViewsAddonBrowser.xml" />
	<include file="ViewsLiveTV.xml" />
	<include file="ViewsPVR.xml" />
	<include file="ViewsPVRGuide.xml" />
	<include file="ViewsWeather.xml" />
	<include file="IncludesCodecFlagging.xml" />
	<include file="IncludesPVR.xml" />
	<include file="IncludesBackgroundBuilding.xml" />
	<!-- CONSTANTS -->
	<constant name="FanartCrossfadeTime">500</constant>
	<constant name="IconCrossfadeTime">400</constant>
	<constant name="DepthDialog">0.50</constant>
	<constant name="DepthDialog+">0.52</constant>
	<constant name="DepthDialog-">0.48</constant>
	<constant name="DepthMax">0.54</constant>
	<constant name="DepthOSD">0.40</constant>
	<constant name="DepthOSD+">0.44</constant>
	<constant name="DepthOSD-">0.36</constant>
	<constant name="DepthOSDPopout">0.48</constant>
	<constant name="DepthContent">0</constant>
	<constant name="DepthContent+">0.08</constant>
	<constant name="DepthContent-">-0.08</constant>
	<constant name="DepthContentPopout">0.15</constant>
	<constant name="DepthMenu">0.08</constant>
	<constant name="DepthMenu+">0.14</constant>
	<constant name="DepthMenu-">0.00</constant>
	<constant name="DepthHeader">0.08</constant>
	<constant name="DepthFooter">0.08</constant>
	<constant name="DepthBackground">-0.80</constant>
	<constant name="DepthFloor">-0.20</constant>
	<constant name="DepthSideBlade">0.15</constant>
	<!-- VARIABLES -->
	<variable name="MediaInfoOverlayVar">
		<value condition="ListItem.IsCollection">flagging/video/Set.png</value>
		<value condition="!ListItem.IsStereoscopic">$INFO[ListItem.VideoResolution,flagging/lists/,.png]</value>
		<value>flagging/lists/3D.png</value>
	</variable>
	<variable name="BannerThumb">
		<value condition="!IsEmpty(ListItem.Art(banner))">$INFO[ListItem.Art(banner)]</value>
		<value>$INFO[ListItem.Icon]</value>
	</variable>
	<variable name="PosterThumb">
		<value condition="!IsEmpty(ListItem.Art(poster))">$INFO[ListItem.Art(poster)]</value>
		<value>$INFO[ListItem.Icon]</value>
	</variable>
	<variable name="AlbumInfoPanelLabel">
		<value condition="Container.Content(Artists)">$INFO[ListItem.Label]</value>
		<value>$INFO[ListItem.TrackNumber,([COLOR=selected][B],[/B][/COLOR]) - ]$INFO[ListItem.Label]</value>
	</variable>
	<variable name="PlayList">
		<value condition="Window.IsActive(Videos) + !StringCompare(Playlist.Length(video),0)">ActivateWindow(videoplaylist)</value>
		<value>ActivateWindow(musicplaylist)</value>
	</variable>
	<include name="LoadTvTunes">
		<onload condition="System.HasAddon(script.tvtunes) + !SubString(Window(10025).Property(CinemaExperienceRunning),True)">RunScript(script.tvtunes,backend=True)</onload>
	</include>
	<variable name="SelectBack">
		<value condition="![Window.IsVisible(FullscreenVideo) | Window.IsVisible(Visualisation)]">DialogBack.png</value>
		<value>DialogBack2.png</value>
	</variable>
	<variable name="typehackflagging">
		<value condition="[substring(ListItem.FilenameAndPath,bluray) | substring(ListItem.FilenameAndPath,bdrip) | substring(ListItem.FilenameAndPath,brrip) | substring(ListItem.FilenameAndPath,bd25) | substring(ListItem.FilenameAndPath,bd50)]">bluray</value>
		<value condition="substring(ListItem.FilenameAndPath,hddvd)">hddvd</value>
		<value condition="substring(ListItem.FilenameAndPath,dvd)">dvd</value>
		<value condition="[substring(ListItem.FilenameAndPath,pdtv) | substring(ListItem.FilenameAndPath,hdtv) | substring(ListItem.FilenameAndPath,dsr)]">TV</value>
		<value condition="substring(ListItem.FilenameAndPath,vhs)">vhs</value>
	</variable>
	<variable name="rating">
		<value condition="substring(listitem.mpaa,Rated G)">mpaa_general</value>
		<value condition="substring(listitem.mpaa,Rated PG-13)">mpaa_pg13</value>
		<value condition="substring(listitem.mpaa,Rated PG)">mpaa_pg</value>
		<value condition="substring(Listitem.mpaa,Rated R)">mpaa_restricted</value>
		<value condition="substring(Listitem.mpaa,Rated NC)">mpaa_nc17</value>
		<value condition="substring(Listitem.mpaa,Not Rated)">mpaa_notrated</value>
	</variable>
	<variable name="videocodec">
		<value condition="[substring(ListItem.VideoCodec,div,left) | stringcompare(ListItem.VideoCodec,dx50)]">divx</value>
		<value>$INFO[ListItem.VideoCodec]</value>
	</variable>
	<variable name="SeekLabel">
		<value condition="Player.Playing + !Player.Seeking + !Player.DisplayAfterSeek">$LOCALIZE[31042]</value>
		<value condition="[Player.Paused + !Player.Caching] + !Player.Seeking + !Player.DisplayAfterSeek">$LOCALIZE[31043]</value>
		<value condition="[Player.Paused + Player.Caching] + !Player.Seeking">$LOCALIZE[15107] $INFO[Player.CacheLevel]%</value>
		<value condition="!IsEmpty(Player.SeekStepSize) + ![player.forwarding | player.rewinding]">$LOCALIZE[31046][COLOR=grey] $INFO[Player.SeekStepSize][/COLOR]</value>
		<value condition="Player.DisplayAfterSeek + ![player.forwarding | player.rewinding]">$LOCALIZE[31046][COLOR=grey] $INFO[Player.SeekOffset][/COLOR]</value>
		<value condition="!Player.DisplayAfterSeek + Player.Seeking">$LOCALIZE[31046]</value>
		<value condition="Player.Forwarding">$LOCALIZE[31044]</value>
		<value condition="Player.Rewinding">$LOCALIZE[31045]</value>
	</variable>
	<variable name="SelectLabel">
		<value condition="Control.IsVisible(3)">([COLOR=$VAR[MainColorOne]]$INFO[Container(3).NumItems][/COLOR]) $LOCALIZE[31025] - $LOCALIZE[31024] ([COLOR=$VAR[MainColorOne]]$INFO[Container(3).CurrentPage]/$INFO[Container(3).NumPages][/COLOR])</value>
		<value condition="Control.IsVisible(6)">([COLOR=$VAR[MainColorOne]]$INFO[Container(6).NumItems][/COLOR]) $LOCALIZE[31025] - $LOCALIZE[31024] ([COLOR=$VAR[MainColorOne]]$INFO[Container(6).CurrentPage]/$INFO[Container(6).NumPages][/COLOR])</value>
	</variable>
	<variable name="PlayerControlsRepeatImageVarFO">
		<value condition="Playlist.IsRepeatOne">OSDRepeatOneFO.png</value>
		<value condition="Playlist.IsRepeat">OSDRepeatAllFO.png</value>
		<value>OSDRepeatFO.png</value>
	</variable>
	<variable name="PlayerControlsRepeatImageVarNF">
		<value condition="Playlist.IsRepeatOne">OSDRepeatOneNF.png</value>
		<value condition="Playlist.IsRepeat">OSDRepeatAllNF.png</value>
		<value>OSDRepeatNF.png</value>
	</variable>
	<variable name="PVRChannelMgrHeader">
		<value condition="!IsEmpty(Window.Property(IsRadio))">$LOCALIZE[19199] - $LOCALIZE[19024]</value>
		<value>$LOCALIZE[19199] - $LOCALIZE[19023]</value>
	</variable>
	<!-- INCLUDES -->
	<include name="AlbumInfoPanel">
		<control type="panel" id="50">
			<left>$PARAM[panel-left]</left>
			<top>520</top>
			<width>$PARAM[panel-width]</width>
			<height>120</height>
			<onleft>9000</onleft>
			<onright>61</onright>
			<onup>61</onup>
			<ondown>9000</ondown>
			<viewtype label="">list</viewtype>
			<pagecontrol>61</pagecontrol>
			<scrolltime>200</scrolltime>
			<orientation>vertical</orientation>
			<itemlayout height="40" width="$PARAM[item-width]">
				<control type="image">
					<left>0</left>
					<top>0</top>
					<width>$PARAM[item-width]</width>
					<height>40</height>
					<texture border="5">button-nofocus.png</texture>
				</control>
				<control type="label">
					<left>10</left>
					<top>0</top>
					<width>$PARAM[label-width]</width>
					<height>40</height>
					<font>font12</font>
					<align>left</align>
					<aligny>center</aligny>
					<selectedcolor>selected</selectedcolor>
					<label>$VAR[AlbumInfoPanelLabel]</label>
				</control>
				<control type="label">
					<left>10</left>
					<top>0</top>
					<width>$PARAM[label-width]</width>
					<height>40</height>
					<font>font12</font>
					<align>right</align>
					<aligny>center</aligny>
					<selectedcolor>selected</selectedcolor>
					<label>$INFO[ListItem.Duration]</label>
				</control>
			</itemlayout>
			<focusedlayout height="40" width="$PARAM[item-width]">
				<control type="image">
					<left>0</left>
					<top>0</top>
					<width>$PARAM[item-width]</width>
					<height>40</height>
					<visible>!Control.HasFocus(50)</visible>
					<texture border="5">button-nofocus.png</texture>
				</control>
				<control type="image">
					<left>0</left>
					<top>0</top>
					<width>$PARAM[item-width]</width>
					<height>40</height>
					<visible>Control.HasFocus(50)</visible>
					<texture border="5">button-focus2.png</texture>
				</control>
				<control type="label">
					<left>10</left>
					<top>0</top>
					<width>$PARAM[label-width]</width>
					<height>40</height>
					<font>font12</font>
					<align>left</align>
					<aligny>center</aligny>
					<selectedcolor>selected</selectedcolor>
					<label>$VAR[AlbumInfoPanelLabel]</label>
				</control>
				<control type="label">
					<left>10</left>
					<top>0</top>
					<width>$PARAM[label-width]</width>
					<height>40</height>
					<font>font12</font>
					<align>right</align>
					<aligny>center</aligny>
					<selectedcolor>selected</selectedcolor>
					<label>$INFO[ListItem.Duration]</label>
				</control>
			</focusedlayout>
		</control>
	</include>
	<include name="DialogBackgroundCommons">
		<control type="image">
			<description>background image</description>
			<left>0</left>
			<top>0</top>
			<width>$PARAM[DialogBackgroundWidth]</width>
			<height>$PARAM[DialogBackgroundHeight]</height>
			<texture border="40">$VAR[SelectBack]</texture>
		</control>
		<control type="image">
			<description>Dialog Header image</description>
			<left>40</left>
			<top>16</top>
			<width>$PARAM[DialogHeaderWidth]</width>
			<height>40</height>
			<texture>dialogheader.png</texture>
		</control>
		<control type="label" id="$PARAM[DialogHeaderId]">
			<description>header label</description>
			<left>40</left>
			<top>20</top>
			<width>$PARAM[DialogHeaderWidth]</width>
			<height>30</height>
			<font>font13_title</font>
			<label>$PARAM[DialogHeaderLabel]</label>
			<align>center</align>
			<aligny>center</aligny>
			<textcolor>selected</textcolor>
			<shadowcolor>black</shadowcolor>
		</control>
		<control type="button">
			<description>Close Window button</description>
			<left>$PARAM[CloseButtonLeft]</left>
			<top>15</top>
			<width>64</width>
			<height>32</height>
			<label>-</label>
			<font>-</font>
			<onclick>PreviousMenu</onclick>
			<texturefocus>DialogCloseButton-focus.png</texturefocus>
			<texturenofocus>DialogCloseButton.png</texturenofocus>
			<onleft>$PARAM[CloseButtonNav]</onleft>
			<onright>$PARAM[CloseButtonNav]</onright>
			<onup>$PARAM[CloseButtonNav]</onup>
			<ondown>$PARAM[CloseButtonNav]</ondown>
			<visible>system.getbool(input.enablemouse)</visible>
		</control>
	</include>
	<include name="BehindDialogFadeOut">
		<control type="image">
			<left>0</left>
			<top>0</top>
			<width>1280</width>
			<height>720</height>
			<texture>black-back.png</texture>
			<animation effect="fade" time="300">Visible</animation>
			<animation effect="fade" time="150">Hidden</animation>
			<visible>Window.IsActive(MovieInformation) | Window.IsActive(MusicInformation) | Window.IsActive(SongInformation) | Window.IsActive(FileBrowser) | Window.IsActive(TextViewer) | Window.IsActive(AddonSettings) | Window.IsActive(ContentSettings) | Window.IsActive(SelectDialog) | Window.IsActive(MediaSource) | Window.IsActive(PictureInfo) | Window.IsActive(PlayerControls) | Window.IsActive(VirtualKeyboard) | Window.IsActive(NumericInput) | Window.IsActive(ProfileSettings) | Window.IsActive(LockSettings) | Window.IsActive(SmartPlaylistEditor) | Window.IsActive(SmartPlaylistRule) | Window.IsActive(script-RSS_Editor-rssEditor.xml) | Window.IsActive(script-RSS_Editor-setEditor.xml) | Window.IsActive(AddonInformation) | Window.IsActive(Peripherals) | Window.IsActive(PeripheralSettings) | Window.IsActive(script-cu-lrclyrics-main.xml) | Window.IsActive(PVRChannelManager) | Window.IsActive(MediaFilter)</visible>
		</control>
	</include>
	<include name="WindowTitleCommons">
		<left>0</left>
		<top>0</top>
		<width min="0" max="800">auto</width>
		<height>30</height>
		<font>font14</font>
		<textcolor>white</textcolor>
		<shadowcolor>black</shadowcolor>
		<scroll>false</scroll>
		<align>left</align>
		<aligny>center</aligny>
		<animation effect="fade" start="100" end="0" time="200" condition="Window.IsVisible(infodialog)">Conditional</animation>
	</include>
	<include name="ButtonCommonValues">
		<height>40</height>
		<width>250</width>
		<textoffsetx>10</textoffsetx>
		<textwidth>200</textwidth>
		<aligny>center</aligny>
		<font>font13</font>
		<texturefocus border="5" colordiffuse="$VAR[MainColorOne]">button-focus.png</texturefocus>
		<texturenofocus>-</texturenofocus>
		<pulseonselect>false</pulseonselect>
	</include>
	<include name="ButtonMediaSubCommonValues">
		<height>40</height>
		<width>221</width>
		<textoffsetx>20</textoffsetx>
		<textwidth>195</textwidth>
		<aligny>center</aligny>
		<font>font12_title</font>
		<texturefocus border="5" colordiffuse="$VAR[MainColorOne]">button-focus.png</texturefocus>
		<texturenofocus border="5">button-nofocus.png</texturenofocus>
		<pulseonselect>false</pulseonselect>
	</include>
	<include name="ButtonHomeSubCommonValues">
		<height>35</height>
		<width>180</width>
		<textwidth>195</textwidth>
		<align>center</align>
		<aligny>center</aligny>
		<font>font12</font>
		<textcolor>grey2</textcolor>
		<focusedcolor>white</focusedcolor>
		<texturefocus border="5" colordiffuse="$VAR[MainColorOne]">HomeSubFO.png</texturefocus>
		<texturenofocus border="5">HomeSubNF.png</texturenofocus>
		<pulseonselect>false</pulseonselect>
	</include>
	<include name="HomeSubMenuCommonValues">
		<left>0</left>
		<top>0</top>
		<width>1280</width>
		<height>35</height>
		<align>center</align>
		<onup>9000</onup>
		<ondown>9002</ondown>
		<itemgap>0</itemgap>
		<orientation>Horizontal</orientation>
		<animation effect="slide" start="0,-40" end="0,0" delay="150" time="150" tween="quadratic" easing="out">Visible</animation>
		<animation effect="slide" start="0,0" end="0,-40" time="150" tween="quadratic" easing="out">Hidden</animation>
	</include>
	<include name="ButtonInfoDialogsCommonValues">
		<height>40</height>
		<width>170</width>
		<textoffsetx>5</textoffsetx>
		<align>center</align>
		<aligny>center</aligny>
		<font>font12_title</font>
		<texturefocus border="5" colordiffuse="$VAR[MainColorOne]">button-focus.png</texturefocus>
		<texturenofocus border="5">button-nofocus.png</texturenofocus>
		<pulseonselect>false</pulseonselect>
	</include>
	<include name="SideBladeLeft">
		<animation effect="slide" start="0,0" end="250,0" time="300" tween="quadratic" easing="out" condition="[!IsEmpty(Window.Property(SideBladeOpen)) | ControlGroup(9000).HasFocus] + ![Window.IsActive(PVRGuideInfo) | Window.IsActive(PVRRadioRDSInfo)]">Conditional</animation>
		<animation effect="slide" start="0,0" end="-300,0" time="300" tween="quadratic" easing="out" condition="!IsEmpty(Window.Property(SideBladeOpen)) | ControlGroup(9000).HasFocus">WindowClose</animation>
		<animation effect="slide" start="0,0" end="-50,0" time="225" tween="quadratic" easing="out" condition="IsEmpty(Window.Property(SideBladeOpen)) | !ControlGroup(9000).HasFocus">WindowClose</animation>
		<animation effect="slide" start="-50,0" end="0,0" time="225" tween="quadratic" easing="out">WindowOpen</animation>
		<control type="button" id="8999">
			<description>Fake button for mouse control</description>
			<left>0</left>
			<top>0</top>
			<width>1280</width>
			<height>720</height>
			<label>-</label>
			<font>-</font>
			<texturenofocus>-</texturenofocus>
			<texturefocus>-</texturefocus>
			<onfocus condition="IsEmpty(Window.Property(SideBladeOpen))">SetProperty(SideBladeOpen,True)</onfocus>
			<onup>9000</onup>
			<ondown>9000</ondown>
			<onleft>50</onleft>
			<onright>ClearProperty(SideBladeOpen)</onright>
			<onback>ClearProperty(SideBladeOpen)</onback>
			<visible>!IsEmpty(Window.Property(SideBladeOpen))</visible>
		</control>
		<control type="button" id="9001">
			<left>250</left>
			<top>260</top>
			<width>42</width>
			<height>128</height>
			<font>-</font>
			<texturefocus colordiffuse="$VAR[MainColorOne]">HasSubFocus.png</texturefocus>
			<texturenofocus>HasSub.png</texturenofocus>
			<onright>ClearProperty(SideBladeOpen)</onright>
			<onleft>50</onleft>
			<onclick condition="IsEmpty(Window.Property(SideBladeOpen))">SetProperty(SideBladeOpen,True)</onclick>
			<onclick condition="!IsEmpty(Window.Property(SideBladeOpen))">ClearProperty(SideBladeOpen)</onclick>
		</control>
		<control type="image">
			<left>-20</left>
			<top>0</top>
			<width>280</width>
			<height>720</height>
			<texture border="0,0,10,0">MediaBladeSub.png</texture>
		</control>
		<control type="image">
			<description>LOGO</description>
			<left>40</left>
			<top>10</top>
			<width>150</width>
			<height>55</height>
			<aspectratio>keep</aspectratio>
			<texture>Xonfluence_Logo.png</texture>
		</control>
	</include>
	<include name="FloorReturnButtons">
		<control type="grouplist" id="800">
			<left>280r</left>
			<top>55r</top>
			<onup>50</onup>
			<ondown>50</ondown>
			<align>right</align>align>
			<orientation>horizontal</orientation>
			<animation effect="fade" time="200" condition="Window.Previous(home)">WindowOpen</animation>
			<animation effect="fade" time="200" condition="Window.Next(home)">WindowClose</animation>
			<control type="button" id="801">
				<description>Trailer Button</description>
				<width>45</width>
				<height>45</height>
				<onclick>PlayMedia("$INFO[ListItem.Trailer]")</onclick>
				<texturefocus border="5">FloorButtons/FloorTrailerFO.png</texturefocus>
				<texturenofocus border="5">FloorButtons/FloorTrailerNF.png</texturenofocus>
				<visible>!Skin.HasSetting(HideTrailerBtn)</visible>
				<visible>!Player.HasMedia + !IsEmpty(ListItem.Trailer)</visible>
				<visible>!Container.Content(TVShows) + !Container.Content(Seasons) + !Container.Content(Episodes)</visible>
				<visible>![Control.IsVisible(500) | Control.IsVisible(732)]</visible>
				<visible>Skin.HasSetting(EnableFloorReturnButtons)</visible>
			</control>
			<control type="button" id="802">
				<description>Volume Up Button</description>
				<width>45</width>
				<height>45</height>
				<onclick>$VAR[VolumeStepUp]</onclick>
				<onclick>VolumeUp</onclick>
				<texturefocus border="5">FloorButtons/FloorVolPlusFO.png</texturefocus>
				<texturenofocus border="5">FloorButtons/FloorVolPlusNF.png</texturenofocus>
				<visible>Skin.HasSetting(EnableVolumeButtons)</visible>
				<visible>Skin.HasSetting(EnableFloorReturnButtons)</visible>
			</control>
			<control type="button" id="803">
				<description>Volume Down Button</description>
				<width>45</width>
				<height>45</height>
				<onclick>$VAR[VolumeStepDown]</onclick>
				<onclick>VolumeDown</onclick>
				<texturefocus border="5">FloorButtons/FloorVolMinusFO.png</texturefocus>
				<texturenofocus border="5">FloorButtons/FloorVolMinusNF.png</texturenofocus>
				<visible>Skin.HasSetting(EnableVolumeButtons)</visible>
				<visible>Skin.HasSetting(EnableFloorReturnButtons)</visible>
			</control>
			<control type="button" id="804">
				<description>Back push button</description>
				<width>45</width>
				<height>45</height>
				<onclick>back</onclick>
				<texturefocus border="5">FloorButtons/FloorBackFO.png</texturefocus>
				<texturenofocus border="5">FloorButtons/FloorBackNF.png</texturenofocus>
				<visible>Skin.HasSetting(EnableFloorReturnButtons)</visible>
			</control>
			<control type="button" id="805">
				<description>Home push button</description>
				<width>45</width>
				<height>45</height>
				<onclick>Dialog.Close(all,true)</onclick>
				<onclick>ActivateWindow(home)</onclick>
				<texturefocus border="5">FloorButtons/FloorHomeFO.png</texturefocus>
				<texturenofocus border="5">FloorButtons/FloorHomeNF.png</texturenofocus>
				<visible>Skin.HasSetting(EnableFloorReturnButtons)</visible>
			</control>
		</control>
	</include>
	<include name="CommonNowPlaying">
		<control type="group">
			<visible>Player.HasMedia + IsEmpty(Window(Videos).Property(PlayingBackgroundMedia)) + !Skin.HasSetting(HideNowPlayingInfo)</visible>
			<include>VisibleFadeEffect</include>
			<animation effect="fade" time="200" condition="Window.Previous(Home)">WindowOpen</animation>
			<animation effect="fade" time="200" condition="Window.Next(Home)">WindowClose</animation>
			<control type="button">
				<description>push button</description>
				<left>30</left>
				<top>55r</top>
				<width>45</width>
				<height>45</height>
				<label>31003</label>
				<font>-</font>
				<onclick>ActivateWindow(PlayerControls)</onclick>
				<texturefocus border="5" colordiffuse="$VAR[MainColorOne]">floor_buttonFO.png</texturefocus>
				<texturenofocus border="5">floor_button.png</texturenofocus>
				<onleft>50</onleft>
				<onright>50</onright>
				<onup>50</onup>
				<ondown>50</ondown>
			</control>
			<control type="image">
				<description>Player Icon</description>
				<left>35</left>
				<top>50r</top>
				<width>35</width>
				<height>35</height>
				<aspectratio>keep</aspectratio>
				<texture>icon_player.png</texture>
			</control>
			<control type="label">
				<left>85</left>
				<top>53r</top>
				<width>700</width>
				<height>20</height>
				<label>$VAR[CommonMediaPlaying]</label>
				<align>left</align>
				<aligny>center</aligny>
				<font>font12</font>
				<textcolor>grey</textcolor>
				<shadowcolor>black</shadowcolor>
			</control>
			<control type="label">
				<left>85</left>
				<top>32r</top>
				<width>700</width>
				<height>20</height>
				<label>$INFO[MusicPlayer.Artist]$INFO[MusicPlayer.Album, - ]</label>
				<align>left</align>
				<aligny>center</aligny>
				<font>font12</font>
				<textcolor>grey</textcolor>
				<shadowcolor>black</shadowcolor>
				<visible>Player.HasAudio</visible>
			</control>
			<control type="label">
				<left>85</left>
				<top>30r</top>
				<width>700</width>
				<height>20</height>
				<label>$INFO[VideoPlayer.Studio]</label>
				<align>left</align>
				<aligny>center</aligny>
				<font>font12</font>
				<textcolor>grey</textcolor>
				<shadowcolor>black</shadowcolor>
				<visible>Player.HasVideo + VideoPlayer.Content(Movies)</visible>
			</control>
			<control type="label">
				<left>85</left>
				<top>30r</top>
				<width>700</width>
				<height>20</height>
				<label>$INFO[VideoPlayer.TVShowTitle]</label>
				<align>left</align>
				<aligny>center</aligny>
				<font>font12</font>
				<textcolor>grey</textcolor>
				<shadowcolor>black</shadowcolor>
				<visible>Player.HasVideo + VideoPlayer.Content(Episodes)</visible>
			</control>
			<control type="label">
				<left>85</left>
				<top>30r</top>
				<width>700</width>
				<height>20</height>
				<label>$INFO[VideoPlayer.Artist]</label>
				<align>left</align>
				<aligny>center</aligny>
				<font>font12</font>
				<textcolor>grey</textcolor>
				<shadowcolor>black</shadowcolor>
				<visible>Player.HasVideo + VideoPlayer.Content(MusicVideos)</visible>
			</control>
			<control type="label">
				<left>85</left>
				<top>30r</top>
				<width>700</width>
				<height>20</height>
				<label>$INFO[VideoPlayer.ChannelName]$INFO[VideoPlayer.ChannelNumberLabel, - ([COLOR=grey3],[/COLOR])]</label>
				<align>left</align>
				<aligny>center</aligny>
				<font>font12</font>
				<textcolor>grey</textcolor>
				<shadowcolor>black</shadowcolor>
				<visible>Player.HasVideo + VideoPlayer.Content(LiveTV)</visible>
			</control>
		</control>
	</include>
	<include name="CommonPageCount">
		<control type="group">
			<animation effect="slide" start="0,0" end="-70,0" time="0" condition="!Skin.HasSetting(DisableFloorBtns)">Conditional</animation>
			<animation effect="slide" start="0,0" end="-45,0" time="0" condition="!Skin.HasSetting(HideTrailerBtn)">Conditional</animation>
			<visible>[!Player.HasMedia | Skin.HasSetting(HideNowPlayingInfo)] + !Skin.HasSetting(HidePageCountInfo)</visible>
			<control type="label">
				<description>Page Count Label</description>
				<left>200</left>
				<top>53r</top>
				<width>1100</width>
				<height>20</height>
				<font>font12</font>
				<textcolor>grey</textcolor>
				<scroll>false</scroll>
				<align>center</align>
				<aligny>center</aligny>
				<label>$INFO[Container.NumItems,([COLOR=white],[/COLOR]) $LOCALIZE[31025]]$INFO[Container.CurrentPage, - $LOCALIZE[31024] ([COLOR=white]]$INFO[Container.NumPages,/,[/COLOR])]</label>
				<include>Window_OpenClose_Animation</include>
			</control>
			<control type="label">
				<description>Container Duration Label</description>
				<left>200</left>
				<top>32r</top>
				<width>1100</width>
				<height>20</height>
				<font>font12</font>
				<textcolor>grey</textcolor>
				<scroll>false</scroll>
				<align>center</align>
				<aligny>center</aligny>
				<label>$INFO[Container.TotalTime,$LOCALIZE[31009] ([COLOR=white],[/COLOR])]</label>
				<include>Window_OpenClose_Animation</include>
			</control>
		</control>
	</include>
	<include name="NextAired">
		<control type="group">
			<visible>!Skin.HasSetting(DisableTVNextAired) + !Player.HasMedia + !IsEmpty(Window(Home).Property(NextAired.NextDate)) + [Container.Content(TVShows) | Container.Content(Seasons) | Container.Content(Episodes)]</visible>
			<animation effect="slide" start="0,0" end="22,0" time="0" condition="Control.IsVisible(51) | Control.IsVisible(500) | Control.IsVisible(505)">Conditional</animation>
			<include>VisibleFadeEffect</include>
			<left>60</left>
			<top>670</top>
			<control type="image">
				<left>0</left>
				<top>1</top>
				<width>35</width>
				<height>35</height>
				<fadetime>200</fadetime>
				<aspectratio align="center" aligny="center">keep</aspectratio>
				<texture background="true">arrow-big-right.png</texture>
				<visible>!IsEmpty(Window(Home).Property(NextAired.NextDate))</visible>
			</control>
			<control type="label">
				<left>40</left>
				<top>0</top>
				<width>500</width>
				<height>20</height>
				<align>left</align>
				<aligny>center</aligny>
				<font>font12</font>
				<textcolor>grey</textcolor>
				<shadowcolor>black</shadowcolor>
				<label>$INFO[Window(Home).Property(NextAired.NextNumber),[COLOR=white]$LOCALIZE[209]:[/COLOR] ]$INFO[Window(Home).Property(NextAired.NextTitle), • ]</label>
				<visible>!IsEmpty(Window(Home).Property(NextAired.NextDate))</visible>
			</control>
			<control type="label">
				<left>40</left>
				<top>20</top>
				<width>500</width>
				<height>20</height>
				<align>left</align>
				<aligny>center</aligny>
				<font>font12</font>
				<textcolor>grey</textcolor>
				<shadowcolor>black</shadowcolor>
				<label>$INFO[Window(Home).Property(NextAired.NextDate),[COLOR=white]$LOCALIZE[31969]:[/COLOR] ]$INFO[Window(Home).Property(NextAired.AirTime), • ]</label>
				<visible>!IsEmpty(Window(Home).Property(NextAired.NextDate))</visible>
			</control>
		</control>
	</include>
	<include name="SmallMusicInfo">
		<control type="image">
			<description>gradient</description>
			<left>0</left>
			<top>0</top>
			<width>500</width>
			<height>165</height>
			<colordiffuse>DDFFFFFF</colordiffuse>
			<texture border="20">OverlayDialogBackground.png</texture>
		</control>
		<control type="image">
			<description>Cover image</description>
			<left>20</left>
			<top>17</top>
			<width>130</width>
			<height>130</height>
			<texture>$INFO[MusicPlayer.Cover]</texture>
		</control>
		<control type="label">
			<description>Artist label</description>
			<left>160</left>
			<top>20</top>
			<height>30</height>
			<width>325</width>
			<label>$INFO[MusicPlayer.Artist]</label>
			<align>left</align>
			<aligny>center</aligny>
			<font>font12_title</font>
			<textcolor>grey2</textcolor>
			<shadowcolor>black</shadowcolor>
		</control>
		<control type="fadelabel">
			<description>Title label</description>
			<left>160</left>
			<top>43</top>
			<height>30</height>
			<width>325</width>
			<label>$INFO[Player.Title]</label>
			<align>left</align>
			<aligny>center</aligny>
			<font>font13_title</font>
			<textcolor>white</textcolor>
			<shadowcolor>black</shadowcolor>
			<scrollout>false</scrollout>
			<pauseatend>2000</pauseatend>
		</control>
		<control type="label">
			<description>Album Label</description>
			<left>160</left>
			<top>70</top>
			<height>30</height>
			<width>325</width>
			<label>$INFO[MusicPlayer.Album]$INFO[musicplayer.discnumber, - $LOCALIZE[427]:]</label>
			<align>left</align>
			<aligny>center</aligny>
			<font>font12</font>
			<textcolor>white</textcolor>
			<shadowcolor>black</shadowcolor>
		</control>
		<control type="label">
			<description>Time Label</description>
			<left>160</left>
			<top>95</top>
			<height>30</height>
			<width>325</width>
			<label>$INFO[MusicPlayer.Time]$INFO[MusicPlayer.Duration, / ]</label>
			<align>left</align>
			<aligny>center</aligny>
			<font>font12</font>
			<textcolor>white</textcolor>
			<shadowcolor>black</shadowcolor>
		</control>
		<control type="label">
			<description>Next Label</description>
			<left>160</left>
			<top>120</top>
			<height>30</height>
			<width>325</width>
			<label>[COLOR=$VAR[MainColorOne]]$LOCALIZE[19031] :[/COLOR] $INFO[MusicPlayer.offset(1).Title]</label>
			<align>right</align>
			<aligny>center</aligny>
			<font>font12</font>
			<textcolor>grey</textcolor>
			<shadowcolor>black</shadowcolor>
		</control>
	</include>
	<include name="SmallVideoInfo">
		<control type="image">
			<description>gradient</description>
			<left>0</left>
			<top>0</top>
			<width>500</width>
			<height>165</height>
			<colordiffuse>DDFFFFFF</colordiffuse>
			<texture border="20">OverlayDialogBackground.png</texture>
		</control>
		<control type="image">
			<description>Cover image</description>
			<left>20</left>
			<top>17</top>
			<width>130</width>
			<height>130</height>
			<aspectratio>keep</aspectratio>
			<texture>$INFO[VideoPlayer.cover]</texture>
			<visible>!Player.IsInternetStream</visible>
		</control>
		<control type="image">
			<description>Streaming image</description>
			<left>20</left>
			<top>17</top>
			<width>130</width>
			<height>130</height>
			<aspectratio>keep</aspectratio>
			<texture>$VAR[StreamingVideoIcon]</texture>
			<visible>Player.IsInternetStream</visible>
		</control>
		<control type="label">
			<description>Streaming label</description>
			<left>160</left>
			<top>20</top>
			<height>30</height>
			<width>325</width>
			<label>$LOCALIZE[31212]</label>
			<align>left</align>
			<aligny>center</aligny>
			<font>font12_title</font>
			<textcolor>grey2</textcolor>
			<shadowcolor>black</shadowcolor>
			<visible>Player.IsInternetStream</visible>
		</control>
		<control type="label">
			<description>Studio label</description>
			<left>160</left>
			<top>20</top>
			<height>30</height>
			<width>325</width>
			<label>$INFO[VideoPlayer.Studio]</label>
			<align>left</align>
			<aligny>center</aligny>
			<font>font12_title</font>
			<textcolor>grey2</textcolor>
			<shadowcolor>black</shadowcolor>
			<visible>!Player.IsInternetStream + !videoplayer.content(episodes) + !videoplayer.content(musicvideos)</visible>
		</control>
		<control type="label">
			<description>TV Show Title label</description>
			<left>160</left>
			<top>20</top>
			<height>30</height>
			<width>325</width>
			<label>$INFO[VideoPlayer.tvshowtitle]</label>
			<align>left</align>
			<aligny>center</aligny>
			<font>font12_title</font>
			<textcolor>white</textcolor>
			<shadowcolor>black</shadowcolor>
			<visible>videoplayer.content(episodes)</visible>
		</control>
		<control type="fadelabel">
			<description>Music Video Artist label</description>
			<left>160</left>
			<top>20</top>
			<height>30</height>
			<width>325</width>
			<label>$INFO[VideoPlayer.Artist]</label>
			<align>left</align>
			<aligny>center</aligny>
			<font>font12_title</font>
			<textcolor>white</textcolor>
			<shadowcolor>black</shadowcolor>
			<visible>videoplayer.content(musicvideos)</visible>
			<scrollout>false</scrollout>
			<pauseatend>2000</pauseatend>
		</control>
		<control type="fadelabel">
			<description>Title label</description>
			<left>160</left>
			<top>43</top>
			<height>30</height>
			<width>325</width>
			<label>$VAR[VideoNowPlaying]</label>
			<align>left</align>
			<aligny>center</aligny>
			<font>font13_title</font>
			<textcolor>white</textcolor>
			<shadowcolor>black</shadowcolor>
			<scrollout>false</scrollout>
			<pauseatend>2000</pauseatend>
		</control>
		<control type="label">
			<description>Genre label</description>
			<left>160</left>
			<top>70</top>
			<height>30</height>
			<width>325</width>
			<label>$INFO[VideoPlayer.Genre]</label>
			<align>left</align>
			<aligny>center</aligny>
			<font>font12</font>
			<textcolor>white</textcolor>
			<shadowcolor>black</shadowcolor>
			<visible>!videoplayer.content(episodes) + !videoplayer.content(musicvideos)</visible>
		</control>
		<control type="label">
			<left>160</left>
			<top>70</top>
			<height>30</height>
			<width>325</width>
			<label>$INFO[VideoPlayer.Album]</label>
			<align>left</align>
			<aligny>center</aligny>
			<font>font12</font>
			<textcolor>white</textcolor>
			<shadowcolor>black</shadowcolor>
			<visible>videoplayer.content(musicvideos)</visible>
		</control>
		<control type="label">
			<description>Season and Episode label</description>
			<left>160</left>
			<top>70</top>
			<height>30</height>
			<width>325</width>
			<label>$LOCALIZE[20373] $INFO[VideoPlayer.Season] - $LOCALIZE[20359] $INFO[VideoPlayer.episode]</label>
			<align>left</align>
			<aligny>center</aligny>
			<font>font12</font>
			<textcolor>white</textcolor>
			<shadowcolor>black</shadowcolor>
			<visible>videoplayer.content(episodes)</visible>
		</control>
		<control type="label">
			<description>Time Label</description>
			<left>160</left>
			<top>95</top>
			<height>30</height>
			<width>325</width>
			<label>$INFO[VideoPlayer.Time]$INFO[VideoPlayer.Duration, / ]</label>
			<align>left</align>
			<aligny>center</aligny>
			<font>font12</font>
			<textcolor>white</textcolor>
			<shadowcolor>black</shadowcolor>
		</control>
	</include>
	<include name="CommonNowPlaying_Controls">
		<control type="label" id="202">
			<width>250</width>
			<height>35</height>
			<font>font12</font>
			<label>31023</label>
			<textcolor>$VAR[MainColorOne]</textcolor>
			<align>center</align>
			<aligny>center</aligny>
			<visible>Player.HasMedia</visible>
			<include>VisibleFadeEffect</include>
		</control>
		<control type="button" id="610">
			<description>Fake Button to fix Player Controls Navigation</description>
			<visible>false</visible>
		</control>
		<control type="group" id="90060">
			<height>45</height>
			<visible>VideoPlayer.Content(LiveTV)</visible>
			<include>VisibleFadeEffect</include>
			<control type="grouplist" id="9006">
				<width>250</width>
				<height>45</height>
				<itemgap>1</itemgap>
				<orientation>horizontal</orientation>
				<onright>50</onright>
				<onback>50</onback>
				<onup>610</onup>
				<ondown>611</ondown>
				<control type="button" id="600">
					<width>39</width>
					<height>39</height>
					<label>-</label>
					<texturefocus colordiffuse="$VAR[MainColorTwo]">OSDChannelUPFO.png</texturefocus>
					<texturenofocus>OSDChannelUPNF.png</texturenofocus>
					<onclick>ChannelDown</onclick>
				</control>
				<control type="button" id="601">
					<width>39</width>
					<height>39</height>
					<label>-</label>
					<texturefocus colordiffuse="$VAR[MainColorTwo]">OSDChannelDownFO.png</texturefocus>
					<texturenofocus>OSDChannelDownNF.png</texturenofocus>
					<onclick>ChannelUp</onclick>
				</control>
				<control type="button" id="603">
					<width>39</width>
					<height>39</height>
					<label>-</label>
					<texturefocus colordiffuse="$VAR[MainColorTwo]">OSDStopFO.png</texturefocus>
					<texturenofocus>OSDStopNF.png</texturenofocus>
					<onclick>down</onclick>
					<onclick>PlayerControl(Stop)</onclick>
				</control>
				<control type="togglebutton" id="604">
					<width>39</width>
					<height>39</height>
					<label>-</label>
					<texturefocus colordiffuse="$VAR[MainColorTwo]">OSDPauseFO.png</texturefocus>
					<texturenofocus>OSDPauseNF.png</texturenofocus>
					<usealttexture>Player.Paused | Player.Forwarding | Player.Rewinding</usealttexture>
					<alttexturefocus colordiffuse="$VAR[MainColorOne]">OSDPlayFO.png</alttexturefocus>
					<alttexturenofocus>OSDPlayNF.png</alttexturenofocus>
					<onclick>PlayerControl(Play)</onclick>
					<enable>Player.PauseEnabled</enable>
					<animation effect="fade" start="100" end="30" time="75" condition="!Player.PauseEnabled">Conditional</animation>
				</control>
				<control type="button" id="605">
					<width>39</width>
					<height>39</height>
					<label>-</label>
					<texturefocus colordiffuse="$VAR[MainColorTwo]">OSDRecordOffFO.png</texturefocus>
					<texturenofocus>OSDRecordOffNF.png</texturenofocus>
					<onclick>PlayerControl(record)</onclick>
					<enable>Player.CanRecord</enable>
					<animation effect="fade" start="100" end="30" time="75" condition="!Player.CanRecord">Conditional</animation>
				</control>
				<control type="button" id="606">
					<width>39</width>
					<height>39</height>
					<label>-</label>
					<visible>RDS.HasRadiotextPlus</visible>
					<texturefocus colordiffuse="$VAR[MainColorTwo]">OSDRadioRDSFO.png</texturefocus>
					<texturenofocus>OSDRadioRDSNF.png</texturenofocus>
					<onclick>ActivateWindow(PVRRadioRDSInfo)</onclick>
				</control>
				<control type="button" id="622">
					<width>39</width>
					<height>39</height>
					<label>-</label>
					<visible>!RDS.HasRadiotextPlus</visible>
					<texturefocus colordiffuse="$VAR[MainColorTwo]">OSDChannelListFO.png</texturefocus>
					<texturenofocus>OSDChannelListNF.png</texturenofocus>
					<onclick>ActivateWindow(PVRGuideInfo)</onclick>
				</control>
			</control>
		</control>
		<control type="group" id="90050">
			<visible>Player.HasMedia</visible>
			<visible>!VideoPlayer.Content(LiveTV)</visible>
			<include>VisibleFadeEffect</include>
			<height>45</height>
			<control type="grouplist" id="9005">
				<width>250</width>
				<height>45</height>
				<itemgap>1</itemgap>
				<orientation>horizontal</orientation>
				<onright>50</onright>
				<onback>50</onback>
				<onup>610</onup>
				<ondown>611</ondown>
				<defaultcontrol always="true">603</defaultcontrol>
				<control type="button" id="700">
					<width>39</width>
					<height>39</height>
					<label>-</label>
					<texturefocus colordiffuse="$VAR[MainColorTwo]">OSDPrevTrackFO.png</texturefocus>
					<texturenofocus>OSDPrevTrackNF.png</texturenofocus>
					<onclick>PlayerControl(Previous)</onclick>
				</control>
				<control type="button" id="706">
					<width>39</width>
					<height>39</height>
					<label>-</label>
					<texturefocus colordiffuse="$VAR[MainColorTwo]">OSDRewindFO.png</texturefocus>
					<texturenofocus>OSDRewindNF.png</texturenofocus>
					<onclick>PlayerControl(Rewind)</onclick>
					<visible>Window.IsVisible(MusicPlaylist) | Window.IsVisible(VideoPlaylist) | Player.HasVideo</visible>
				</control>
				<control type="togglebutton" id="703">
					<width>39</width>
					<height>39</height>
					<label>-</label>
					<texturefocus colordiffuse="$VAR[MainColorTwo]">OSDPauseFO.png</texturefocus>
					<texturenofocus>OSDPauseNF.png</texturenofocus>
					<usealttexture>Player.Paused | Player.Forwarding | Player.Rewinding</usealttexture>
					<alttexturefocus colordiffuse="$VAR[MainColorTwo]">OSDPlayFO.png</alttexturefocus>
					<alttexturenofocus>OSDPlayNF.png</alttexturenofocus>
					<onclick>PlayerControl(Play)</onclick>
				</control>
				<control type="button" id="701">
					<width>39</width>
					<height>39</height>
					<label>-</label>
					<texturefocus colordiffuse="$VAR[MainColorTwo]">OSDStopFO.png</texturefocus>
					<texturenofocus>OSDStopNF.png</texturenofocus>
					<onclick>down</onclick>
					<onclick>PlayerControl(Stop)</onclick>
				</control>
				<control type="button" id="707">
					<width>39</width>
					<height>39</height>
					<label>-</label>
					<texturefocus colordiffuse="$VAR[MainColorTwo]">OSDForwardFO.png</texturefocus>
					<texturenofocus>OSDForwardNF.png</texturenofocus>
					<onclick>PlayerControl(Forward)</onclick>
					<visible>Window.IsVisible(MusicPlaylist) | Window.IsVisible(VideoPlaylist) | Player.HasVideo</visible>
				</control>
				<control type="button" id="702">
					<width>39</width>
					<height>39</height>
					<label>-</label>
					<texturefocus colordiffuse="$VAR[MainColorTwo]">OSDNextTrackFO.png</texturefocus>
					<texturenofocus>OSDNextTrackNF.png</texturenofocus>
					<onclick>PlayerControl(Next)</onclick>
				</control>
				<control type="group" id="799">
					<width>39</width>
					<height>39</height>
					<visible>!Window.IsVisible(MusicPlaylist) + !Window.IsVisible(VideoPlaylist) + !Player.HasVideo</visible>
					<control type="button" id="704">
						<width>39</width>
						<height>39</height>
						<label>-</label>
						<texturefocus>-</texturefocus>
						<texturenofocus>-</texturenofocus>
						<onleft>702</onleft>
						<onright>705</onright>
						<onclick>PlayerControl(Repeat)</onclick>
					</control>
					<control type="image" id="713">
						<width>39</width>
						<height>39</height>
						<texture colordiffuse="$VAR[MainColorTwo]">$VAR[PlayerControlsRepeatImageVarFO]</texture>
						<visible>Control.HasFocus(704)</visible>
					</control>
					<control type="image" id="713">
						<width>39</width>
						<height>39</height>
						<texture>$VAR[PlayerControlsRepeatImageVarNF]</texture>
						<visible>!Control.HasFocus(704)</visible>
					</control>
				</control>
				<control type="togglebutton" id="705">
					<width>39</width>
					<height>39</height>
					<label>-</label>
					<texturefocus colordiffuse="$VAR[MainColorTwo]">OSDRandomOffFO.png</texturefocus>
					<texturenofocus>OSDRandomOffNF.png</texturenofocus>
					<usealttexture>Playlist.IsRandom</usealttexture>
					<alttexturefocus colordiffuse="$VAR[MainColorTwo]">OSDRandomOnFO.png</alttexturefocus>
					<alttexturenofocus>OSDRandomOnNF.png</alttexturenofocus>
					<onclick>PlayerControl(Random)</onclick>
					<visible>!Window.IsVisible(MusicPlaylist) + !Window.IsVisible(VideoPlaylist) + !Player.HasVideo</visible>
				</control>
			</control>
		</control>
		<control type="radiobutton" id="611">
			<description>Go to fullscreen Playback</description>
			<include>ButtonCommonValues</include>
			<label>31008</label>
			<onclick>fullscreen</onclick>
			<textureradioonfocus>GoFullscreen.png</textureradioonfocus>
			<textureradioonnofocus>GoFullscreen.png</textureradioonnofocus>
			<textureradioofffocus>GoFullscreen.png</textureradioofffocus>
			<textureradiooffnofocus>GoFullscreen.png</textureradiooffnofocus>
			<visible>Player.HasMedia</visible>
		</control>
		<control type="button" id="612">
			<description>Go to playlist</description>
			<include>ButtonCommonValues</include>
			<label>13350</label>
			<onclick>$VAR[PlayList]</onclick>
			<visible>[Window.IsActive(Videos) + !StringCompare(Playlist.Length(video),0)] | [[Window.IsActive(Music) | Window.IsActive(musicfiles)] + !StringCompare(Playlist.Length(music),0)]</visible>
		</control>
	</include>
	<include name="ScrollOffsetLabel">
		<control type="group">
			<depth>DepthSideBlade</depth>
			<visible>Container.Scrolling + [StringCompare(Container.SortMethod,$LOCALIZE[551]) | StringCompare(Container.SortMethod,$LOCALIZE[561]) | StringCompare(Container.SortMethod,$LOCALIZE[558]) | StringCompare(Container.SortMethod,$LOCALIZE[557]) | StringCompare(Container.SortMethod,$LOCALIZE[556])]</visible>
			<animation effect="slide" start="0,0" end="0,-60" time="75">Visible</animation>
			<animation effect="slide" start="0,-60" end="0,0" delay="300" time="75">Hidden</animation>
			<left>300r</left>
			<top>720</top>
			<control type="image">
				<left>0</left>
				<top>0</top>
				<width>70</width>
				<height>65</height>
				<texture border="20,20,20,2">InfoMessagePanel.png</texture>
			</control>
			<control type="label">
				<left>5</left>
				<top>0</top>
				<width>65</width>
				<height>60</height>
				<align>center</align>
				<aligny>center</aligny>
				<label>$INFO[ListItem.SortLetter]</label>
				<textcolor>white</textcolor>
				<font>font30_title</font>
			</control>
		</control>
	</include>
	<include name="Clock">
		<control type="label"  id="1">
			<description>time label</description>
			<right>20</right>
			<top>5</top>
			<width>200</width>
			<height>30</height>
			<align>right</align>
			<aligny>center</aligny>
			<font>font28_title</font>
			<textcolor>white</textcolor>
			<shadowcolor>black</shadowcolor>
			<label>$INFO[System.Time]</label>
			<include>Window_OpenClose_Animation</include>
			<animation effect="slide" start="0,0" end="-40,0" time="75" condition="Window.IsVisible(Mutebug)">conditional</animation>
			<animation effect="slide" start="0,0" end="-80,0" time="0" condition="![Window.IsVisible(AddonSettings) | Window.IsVisible(SelectDialog) | Window.IsVisible(VisualisationPresetList) | Window.IsVisible(PVROSDChannels) | Window.IsVisible(PVROSDGuide)]+system.getbool(input.enablemouse)+Window.IsVisible(MusicOSD)">conditional</animation>
			<animation effect="slide" start="0,0" end="-80,0" time="0" condition="![Window.IsVisible(PVROSDGuide) | Window.IsVisible(PVROSDChannels) | Window.IsVisible(SliderDialog) | Window.IsVisible(OSDVideoSettings) | Window.IsVisible(OSDAudioSettings) | Window.IsVisible(VideoBookmarks)]+system.getbool(input.enablemouse)+Window.IsVisible(VideoOSD)">conditional</animation>
			<animation effect="slide" start="0,0" end="-80,0" time="0" condition="system.getbool(input.enablemouse)+Window.IsVisible(1198)">conditional</animation>
			<animation effect="slide" start="0,0" end="0,-55" time="150" condition="Window.IsVisible(busydialog)">conditional</animation>
			<visible>!Skin.HasSetting(HideSystemTime)</visible>
		</control>
	</include>
	<include name="Date">
		<control type="label" id="1">
			<description>Date label</description>
			<right>20</right>
			<top>35</top>
			<width>200</width>
			<height>15</height>
			<align>right</align>
			<aligny>center</aligny>
			<font>font10</font>
			<textcolor>white</textcolor>
			<shadowcolor>black</shadowcolor>
			<label>$INFO[System.Date]</label>
			<include>Window_OpenClose_Animation</include>
			<animation effect="slide" start="0,0" end="-40,0" time="75" condition="Window.IsVisible(Mutebug)">conditional</animation>
			<animation effect="slide" start="0,0" end="-80,0" time="0" condition="![Window.IsVisible(AddonSettings) | Window.IsVisible(SelectDialog) | Window.IsVisible(VisualisationPresetList) | Window.IsVisible(PVROSDChannels) | Window.IsVisible(PVROSDGuide)]+system.getbool(input.enablemouse)+Window.IsVisible(MusicOSD)">conditional</animation>
			<animation effect="slide" start="0,0" end="-80,0" time="0" condition="![Window.IsVisible(PVROSDGuide) | Window.IsVisible(PVROSDChannels) | Window.IsVisible(SliderDialog) | Window.IsVisible(OSDVideoSettings) | Window.IsVisible(OSDAudioSettings) | Window.IsVisible(VideoBookmarks)]+system.getbool(input.enablemouse)+Window.IsVisible(VideoOSD)">conditional</animation>
			<animation effect="slide" start="0,0" end="-80,0" time="0" condition="system.getbool(input.enablemouse)+Window.IsVisible(1198)">conditional</animation>
			<animation effect="slide" start="0,0" end="0,-55" time="150" condition="Window.IsVisible(busydialog)">conditional</animation>
			<visible>!Skin.HasSetting(HideSystemTime)</visible>
		</control>
	</include>
	<include name="CDArtSpinner">
		<animation effect="slide" start="0,0" end="70,0" time="1200" delay="500" condition="Player.Playing | Player.Forwarding | Player.Rewinding">Conditional</animation>
		<animation effect="rotate" end="-360" center="auto" time="2400" loop="true" reversible="false" condition="Player.Playing">Conditional</animation>
		<animation effect="rotate" end="-360" center="auto" time="2000" loop="true" reversible="false" condition="Player.Forwarding2x">Conditional</animation>
		<animation effect="rotate" end="-360" center="auto" time="1600" loop="true" reversible="false" condition="Player.Forwarding4x">Conditional</animation>
		<animation effect="rotate" end="-360" center="auto" time="1200" loop="true" reversible="false" condition="Player.Forwarding8x">Conditional</animation>
		<animation effect="rotate" end="-360" center="auto" time="800" loop="true" reversible="false" condition="Player.Forwarding16x">Conditional</animation>
		<animation effect="rotate" end="-360" center="auto" time="400" loop="true" reversible="false" condition="Player.Forwarding32x">Conditional</animation>
		<animation effect="rotate" end="720" center="auto" time="2000" loop="true" reversible="false" condition="Player.Rewinding2x">Conditional</animation>
		<animation effect="rotate" end="720" center="auto" time="1600" loop="true" reversible="false" condition="Player.Rewinding4x">Conditional</animation>
		<animation effect="rotate" end="720" center="auto" time="1200" loop="true" reversible="false" condition="Player.Rewinding8x">Conditional</animation>
		<animation effect="rotate" end="720" center="auto" time="800" loop="true" reversible="false" condition="Player.Rewinding16x">Conditional</animation>
		<animation effect="rotate" end="720" center="auto" time="400" loop="true" reversible="false" condition="Player.Rewinding32x">Conditional</animation>
	</include>
	<include name="MediaInfoPopup">
		<animation effect="fade" start="0" end="100" time="1600" delay="2000" condition="IsEmpty(Skin.String(MediaPopupControl))">Visible</animation>
		<animation effect="fade" start="0" end="100" time="300" delay="300" condition="Skin.String(MediaPopupControl,Instant)">Visible</animation>
		<animation effect="fade" start="0" end="100" time="1600" delay="3000" condition="Skin.String(MediaPopupControl,Delayed)">Visible</animation>
		<animation effect="fade" start="100" end="0" time="0">Hidden</animation>
	</include>
	<include name="VideoBoxDimensions">
		<left>26</left>
		<top>6</top>
		<width>149</width>
		<height>223</height>
		<include>BackgroundFade</include>
		<fadetime>FanartCrossfadeTime</fadetime>
		<include>Window_OpenClose_Animation</include>
		<align>center</align>
		<aspectratio scalediffuse="false">scale</aspectratio>
	</include>
	<include name="VideoBoxGlass">
		<control type="image">
			<left>0</left>
			<top>0</top>
			<width>184</width>
			<height>240</height>
			<include>BackgroundFade</include>
			<fadetime>FanartCrossfadeTime</fadetime>
			<include>Window_OpenClose_Animation</include>
			<texture background="true">ClearCase/ClearCase.png</texture>
		</control>
	</include>
	<include name="CDBoxDimensions">
		<left>36</left>
		<top>11</top>
		<width>201</width>
		<height>201</height>
		<aspectratio scalediffuse="false">scale</aspectratio>
		<include>BackgroundFade</include>
		<fadetime>FanartCrossfadeTime</fadetime>
		<include>Window_OpenClose_Animation</include>
	</include>
	<include name="CDBoxGlass">
		<control type="image">
			<width>250</width>
			<height>228</height>
			<include>BackgroundFade</include>
			<fadetime>FanartCrossfadeTime</fadetime>
			<include>Window_OpenClose_Animation</include>
			<bordertexture>CDCase/cdshadow.png</bordertexture>
			<texture background="true">CDCase/cdglass.png</texture>
		</control>
	</include>
	<include name="LiveContentBackgrounds">
		<control type="group">
			<animation effect="fade" time="600">VisibleChange</animation>
			<include>Window_OpenClose_Animation</include>
			<control type="image">
				<include>Dimensions_Fullscreen</include>
				<aspectratio>scale</aspectratio>
				<texture fallback="special://skin/backgrounds/SKINDEFAULT.jpg">$INFO[Skin.String(GlobalBackGroundPath)]</texture>
				<visible>!IsEmpty(Skin.String(GlobalBackGroundPath))</visible>
			</control>
			<control type="image">
				<include>Dimensions_Fullscreen</include>
				<aspectratio>scale</aspectratio>
				<texture fallback="special://skin/backgrounds/SKINDEFAULT.jpg">$INFO[Skin.CurrentTheme,special://skin/backgrounds/,.jpg]</texture>
				<visible>IsEmpty(Skin.String(GlobalBackGroundPath))</visible>
			</control>
			<control type="group">
				<left>-133</left>
				<control type="group">
					<left>746</left>
					<top>356</top>
					<animation effect="zoom" start="150" end="150" center="auto" time="0" condition="true">Conditional</animation>
					<animation effect="rotate" center="auto" start="9" end="9" time="0" condition="true">Conditional</animation>
					<control type="image">
						<include>CDBoxDimensions</include>
						<texture background="true" diffuse="CDCase/cdmask.png" fallback="CDCase/DefaultCDCover.png">$VAR[LiveContentOne]</texture>
					</control>
					<include>CDBoxGlass</include>
				</control>
				<control type="group">
					<left>466</left>
					<top>-106</top>
					<animation effect="zoom" start="150" end="150" center="auto" time="0" condition="true">Conditional</animation>
					<animation effect="rotate" center="auto" start="65" end="65" time="0" condition="true">Conditional</animation>
					<control type="image">
						<include>CDBoxDimensions</include>
						<texture background="true" diffuse="CDCase/cdmask.png" fallback="CDCase/DefaultCDCover.png">$VAR[LiveContentTwo]</texture>
					</control>
					<include>CDBoxGlass</include>
				</control>
				<control type="group">
					<left>336</left>
					<top>110</top>
					<animation effect="zoom" start="150" end="150" center="auto" time="0" condition="true">Conditional</animation>
					<animation effect="rotate" center="auto" start="10" end="10" time="0" condition="true">Conditional</animation>
					<control type="image">
						<include>CDBoxDimensions</include>
						<texture background="true" diffuse="CDCase/cdmask.png" fallback="CDCase/DefaultCDCover.png">$VAR[LiveContentThree]</texture>
					</control>
					<include>CDBoxGlass</include>
				</control>
				<control type="group">
					<left>1026</left>
					<top>188</top>
					<animation effect="zoom" start="150" end="150" center="auto" time="0" condition="true">Conditional</animation>
					<animation effect="rotate" center="auto" start="-20" end="-20" time="0" condition="true">Conditional</animation>
					<control type="image">
						<include>CDBoxDimensions</include>
						<texture background="true" diffuse="CDCase/cdmask.png" fallback="CDCase/DefaultCDCover.png">$VAR[LiveContentFour]</texture>
					</control>
					<include>CDBoxGlass</include>
				</control>
				<control type="group">
					<left>606</left>
					<top>26</top>
					<animation effect="zoom" start="150" end="150" center="auto" time="0" condition="true">Conditional</animation>
					<animation effect="rotate" center="auto" start="25" end="25" time="0" condition="true">Conditional</animation>
					<control type="image">
						<include>CDBoxDimensions</include>
						<texture background="true" diffuse="CDCase/cdmask.png" fallback="CDCase/DefaultCDCover.png">$VAR[LiveContentFive]</texture>
					</control>
					<include>CDBoxGlass</include>
				</control>
				<control type="group">
					<left>1200</left>
					<top>51</top>
					<animation effect="zoom" start="150" end="150" center="auto" time="0" condition="true">Conditional</animation>
					<animation effect="rotate" center="auto" start="75" end="75" time="0" condition="true">Conditional</animation>
					<control type="image">
						<include>CDBoxDimensions</include>
						<texture background="true" diffuse="CDCase/cdmask.png" fallback="CDCase/DefaultCDCover.png">$VAR[LiveContentSix]</texture>
					</control>
					<include>CDBoxGlass</include>
				</control>
				<control type="group">
					<left>1113</left>
					<top>423</top>
					<animation effect="zoom" start="150" end="150" center="auto" time="0" condition="true">Conditional</animation>
					<animation effect="rotate" center="auto" start="45" end="45" time="0" condition="true">Conditional</animation>
					<control type="image">
						<include>CDBoxDimensions</include>
						<texture background="true" diffuse="CDCase/cdmask.png" fallback="CDCase/DefaultCDCover.png">$VAR[LiveContentSeven]</texture>
					</control>
					<include>CDBoxGlass</include>
				</control>
				<control type="group">
					<left>1130</left>
					<top>340</top>
					<animation effect="zoom" start="150" end="150" center="auto" time="0" condition="true">Conditional</animation>
					<animation effect="rotate" center="auto" start="-15" end="-15" time="0" condition="true">Conditional</animation>
					<control type="image">
						<include>CDBoxDimensions</include>
						<texture background="true" diffuse="CDCase/cdmask.png" fallback="CDCase/DefaultCDCover.png">$VAR[LiveContentEight]</texture>
					</control>
					<include>CDBoxGlass</include>
				</control>
				<control type="group">
					<left>700</left>
					<top>186</top>
					<animation effect="zoom" start="150" end="150" center="auto" time="0" condition="true">Conditional</animation>
					<animation effect="rotate" center="auto" start="-10" end="-10" time="0" condition="true">Conditional</animation>
					<control type="image">
						<include>CDBoxDimensions</include>
						<texture background="true" diffuse="CDCase/cdmask.png" fallback="CDCase/DefaultCDCover.png">$VAR[LiveContentNine]</texture>
					</control>
					<include>CDBoxGlass</include>
				</control>
				<control type="group">
					<left>500</left>
					<top>366</top>
					<animation effect="zoom" start="150" end="150" center="auto" time="0" condition="true">Conditional</animation>
					<animation effect="rotate" center="auto" start="3" end="3" time="0" condition="true">Conditional</animation>
					<control type="image">
						<left>36</left>
						<top>11</top>
						<width>201</width>
						<height>201</height>
						<texture background="true" diffuse="CDCase/cdmask.png" fallback="CDCase/DefaultCDCover.png">$VAR[LiveContentTen]</texture>
						<fadetime>600</fadetime>
						<aspectratio scalediffuse="false">scale</aspectratio>
					</control>
					<include>CDBoxGlass</include>
				</control>
				<visible>[Library.HasContent(Music) + [StringCompare(Container(9000).ListItem.Property(HiLiteItem),Music) | StringCompare(Container(9000).ListItem.Property(HiLiteItem),MusicPlayList)]]| StringCompare(Container(9000).ListItem.Property(HiLiteItem),Concerts)</visible>
			</control>
			<control type="group">
				<left>-133</left>
				<control type="group">
					<description>Case 1</description>
					<left>747</left>
					<top>422</top>
					<animation effect="zoom" start="180" end="180" center="auto" time="0" tween="linear" condition="true">Conditional</animation>
					<animation effect="rotate" center="auto" start="-65" end="-65" time="0" condition="true">Conditional</animation>
					<control type="image">
						<include>VideoBoxDimensions</include>
						<texture background="true" diffuse="ClearCase/EmptyCaseMask.png" fallback="DefaultVideoCover.png">$VAR[LiveContentOne]</texture>
					</control>
					<include>VideoBoxGlass</include>
				</control>
				<control type="group">
					<description>Case 2</description>
					<left>623</left>
					<top>0</top>
					<animation effect="zoom" start="180" end="180" center="auto" time="0" tween="linear" condition="true">Conditional</animation>
					<animation effect="rotate" center="auto" start="65" end="65" time="0" condition="true">Conditional</animation>
					<control type="image">
						<include>VideoBoxDimensions</include>
						<texture background="true" diffuse="ClearCase/EmptyCaseMask.png" fallback="DefaultVideoCover.png">$VAR[LiveContentTwo]</texture>
					</control>
					<include>VideoBoxGlass</include>
				</control>
				<control type="group">
					<description>Case 3</description>
					<left>453</left>
					<top>150</top>
					<animation effect="zoom" start="180" end="180" center="auto" time="0" tween="linear" condition="true">Conditional</animation>
					<animation effect="rotate" center="auto" start="10" end="10" time="0" condition="true">Conditional</animation>
					<control type="image">
						<include>VideoBoxDimensions</include>
						<texture background="true" diffuse="ClearCase/EmptyCaseMask.png" fallback="DefaultVideoCover.png">$VAR[LiveContentThree]</texture>
					</control>
					<include>VideoBoxGlass</include>
				</control>
				<control type="group">
					<description>Case 4</description>
					<left>1033</left>
					<top>250</top>
					<animation effect="zoom" start="180" end="180" center="auto" time="0" tween="linear" condition="true">Conditional</animation>
					<animation effect="rotate" center="auto" start="-20" end="-20" time="0" condition="true">Conditional</animation>
					<control type="image">
						<include>VideoBoxDimensions</include>
						<texture background="true" diffuse="ClearCase/EmptyCaseMask.png" fallback="DefaultVideoCover.png">$VAR[LiveContentFour]</texture>
					</control>
					<include>VideoBoxGlass</include>
				</control>
				<control type="group">
					<description>Case 5</description>
					<left>667</left>
					<top>113</top>
					<animation effect="zoom" start="180" end="180" center="auto" time="0" tween="linear" condition="true">Conditional</animation>
					<animation effect="rotate" center="auto" start="25" end="25" time="0" condition="true">Conditional</animation>
					<control type="image">
						<include>VideoBoxDimensions</include>
						<texture background="true" diffuse="ClearCase/EmptyCaseMask.png" fallback="DefaultVideoCover.png">$VAR[LiveContentFive]</texture>
					</control>
					<include>VideoBoxGlass</include>
				</control>
				<control type="group">
					<description>Case 6</description>
					<left>870</left>
					<top>65</top>
					<animation effect="zoom" start="180" end="180" center="auto" time="0" tween="linear" condition="true">Conditional</animation>
					<animation effect="rotate" center="auto" start="75" end="75" time="0" condition="true">Conditional</animation>
					<control type="image">
						<include>VideoBoxDimensions</include>
						<texture background="true" diffuse="ClearCase/EmptyCaseMask.png" fallback="DefaultVideoCover.png">$VAR[LiveContentSix]</texture>
					</control>
					<include>VideoBoxGlass</include>
				</control>
				<control type="group">
					<description>Case 7</description>
					<left>1000</left>
					<top>293</top>
					<animation effect="zoom" start="180" end="180" center="auto" time="0" tween="linear" condition="true">Conditional</animation>
					<animation effect="rotate" center="auto" start="45" end="45" time="0" condition="true">Conditional</animation>
					<control type="image">
						<include>VideoBoxDimensions</include>
						<texture background="true" diffuse="ClearCase/EmptyCaseMask.png" fallback="DefaultVideoCover.png">$VAR[LiveContentSeven]</texture>
					</control>
					<include>VideoBoxGlass</include>
				</control>
				<control type="group">
					<description>Case 8</description>
					<left>1137</left>
					<top>373</top>
					<animation effect="zoom" start="180" end="180" center="auto" time="0" tween="linear" condition="true">Conditional</animation>
					<animation effect="rotate" center="auto" start="-35" end="-35" time="0" condition="true">Conditional</animation>
					<control type="image">
						<include>VideoBoxDimensions</include>
						<texture background="true" diffuse="ClearCase/EmptyCaseMask.png" fallback="DefaultVideoCover.png">$VAR[LiveContentEight]</texture>
					</control>
					<include>VideoBoxGlass</include>
				</control>
				<control type="group">
					<description>Case 9</description>
					<left>733</left>
					<top>262</top>
					<animation effect="zoom" start="180" end="180" center="auto" time="0" tween="linear" condition="true">Conditional</animation>
					<animation effect="rotate" center="auto" start="-10" end="-10" time="0" condition="true">Conditional</animation>
					<control type="image">
						<include>VideoBoxDimensions</include>
						<texture background="true" diffuse="ClearCase/EmptyCaseMask.png" fallback="DefaultVideoCover.png">$VAR[LiveContentNine]</texture>
					</control>
					<include>VideoBoxGlass</include>
				</control>
				<control type="group">
					<description>Case 10</description>
					<left>407</left>
					<top>297</top>
					<animation effect="zoom" start="180" end="180" center="auto" time="0" tween="linear" condition="true">Conditional</animation>
					<animation effect="rotate" center="auto" start="3" end="3" time="0" condition="true">Conditional</animation>
					<control type="image">
						<include>VideoBoxDimensions</include>
						<texture background="true" diffuse="ClearCase/EmptyCaseMask.png" fallback="DefaultVideoCover.png">$VAR[LiveContentTen]</texture>
					</control>
					<include>VideoBoxGlass</include>
				</control>
				<visible>StringCompare(Container(9000).ListItem.Property(HiLiteItem),Movies) | StringCompare(Container(9000).ListItem.Property(HiLiteItem),TVShows) | StringCompare(Container(9000).ListItem.Property(HiLiteItem),Videos) | StringCompare(Container(9000).ListItem.Property(HiLiteItem),VideoPlayList)</visible>
			</control>
		</control>
	</include>
	<include name="TVNextAiredListCommonLayout">
		<itemlayout height="150" width="280">
			<control type="image">
				<left>0</left>
				<top>0</top>
				<width>280</width>
				<height>145</height>
				<texture border="10">button-nofocus.png</texture>
			</control>
			<control type="image">
				<description>Thumb</description>
				<left>5</left>
				<top>5</top>
				<width>270</width>
				<height>55</height>
				<aspectratio>keep</aspectratio>
				<texture background="true">$INFO[ListItem.Property(Art(poster))]</texture>
				<visible>StringCompare(Window(Home).Property(TVGuide.ThumbType),0)</visible>
			</control>
			<control type="image">
				<description>Banner</description>
				<left>5</left>
				<top>5</top>
				<width>270</width>
				<height>55</height>
				<aspectratio>keep</aspectratio>
				<texture background="true">$INFO[ListItem.Property(Art(banner))]</texture>
				<visible>StringCompare(Window(Home).Property(TVGuide.ThumbType),1)</visible>
			</control>
			<control type="image">
				<description>Logo</description>
				<left>5</left>
				<top>5</top>
				<width>270</width>
				<height>55</height>
				<aspectratio>keep</aspectratio>
				<texture background="true">$INFO[ListItem.Property(Path),,logo.png]</texture>
				<visible>StringCompare(Window(Home).Property(TVGuide.ThumbType),2)</visible>
			</control>
			<control type="label">
				<description>Episode Number</description>
				<left>10</left>
				<top>60</top>
				<width>260</width>
				<height>15</height>
				<label>$LOCALIZE[20359] [COLOR=$VAR[MainColorOne]]-[/COLOR] $INFO[ListItem.Property(NextNumber)]</label>
				<textcolor>white</textcolor>
				<font>font12</font>
				<align>center</align>
			</control>
			<control type="label">
				<description>Episode Name</description>
				<left>10</left>
				<top>80</top>
				<width>260</width>
				<height>15</height>
				<label>$INFO[ListItem.Property(NextTitle)]</label>
				<textcolor>white</textcolor>
				<font>font12</font>
				<align>center</align>
			</control>
			<control type="label">
				<description>Next air date/time</description>
				<left>10</left>
				<top>100</top>
				<width>260</width>
				<height>15</height>
				<label>$INFO[ListItem.Property(ShortTime)] [COLOR=$VAR[MainColorOne]]-[/COLOR] $INFO[ListItem.Property(NextDate)]</label>
				<textcolor>grey2</textcolor>
				<font>font12</font>
				<align>center</align>
			</control>
			<control type="label">
				<description>Duration</description>
				<left>10</left>
				<top>120</top>
				<width>260</width>
				<height>15</height>
				<label>$INFO[ListItem.Property(Runtime),, $LOCALIZE[12391]] [COLOR=$VAR[MainColorOne]]-[/COLOR] (,)$INFO[ListItem.Property(Network)]</label>
				<textcolor>grey2</textcolor>
				<font>font12</font>
				<align>center</align>
			</control>
		</itemlayout>
		<focusedlayout height="150" width="280">
			<control type="image">
				<left>0</left>
				<top>0</top>
				<width>280</width>
				<height>145</height>
				<texture border="10" colordiffuse="$VAR[MainColorOne]">button-focus2.png</texture>
			</control>
			<control type="image">
				<description>Thumb</description>
				<left>5</left>
				<top>5</top>
				<width>270</width>
				<height>55</height>
				<aspectratio>keep</aspectratio>
				<texture background="true">$INFO[ListItem.Property(Art(poster))]</texture>
				<visible>StringCompare(Window(Home).Property(TVGuide.ThumbType),0)</visible>
			</control>
			<control type="image">
				<description>Banner</description>
				<left>5</left>
				<top>5</top>
				<width>270</width>
				<height>55</height>
				<aspectratio>keep</aspectratio>
				<texture background="true">$INFO[ListItem.Property(Art(banner))]</texture>
				<visible>StringCompare(Window(Home).Property(TVGuide.ThumbType),1)</visible>
			</control>
			<control type="image">
				<description>Logo</description>
				<left>5</left>
				<top>5</top>
				<width>270</width>
				<height>55</height>
				<aspectratio>keep</aspectratio>
				<texture background="true">$INFO[ListItem.Property(Path),,logo.png]</texture>
				<visible>StringCompare(Window(Home).Property(TVGuide.ThumbType),2)</visible>
			</control>
			<control type="label">
				<description>Episode Number</description>
				<left>10</left>
				<top>60</top>
				<width>260</width>
				<height>15</height>
				<label>$LOCALIZE[20359] [COLOR=$VAR[MainColorOne]]-[/COLOR] $INFO[ListItem.Property(NextNumber)]</label>
				<textcolor>selected</textcolor>
				<font>font12</font>
				<align>center</align>
			</control>
			<control type="label">
				<description>Episode Name</description>
				<left>10</left>
				<top>80</top>
				<width>260</width>
				<height>15</height>
				<label>$INFO[ListItem.Property(NextTitle)]</label>
				<textcolor>selected</textcolor>
				<font>font12</font>
				<align>center</align>
			</control>
			<control type="label">
				<description>Next air date/time</description>
				<left>10</left>
				<top>100</top>
				<width>260</width>
				<height>15</height>
				<label>$INFO[ListItem.Property(ShortTime)] [COLOR=$VAR[MainColorOne]]-[/COLOR] $INFO[ListItem.Property(NextDate)]</label>
				<textcolor>white</textcolor>
				<font>font12</font>
				<align>center</align>
			</control>
			<control type="label">
				<description>Duration</description>
				<left>10</left>
				<top>120</top>
				<width>260</width>
				<height>15</height>
				<label>$INFO[ListItem.Property(Runtime),, $LOCALIZE[12391]] [COLOR=$VAR[MainColorOne]]-[/COLOR] (,)$INFO[ListItem.Property(Network)]</label>
				<textcolor>white</textcolor>
				<font>font12</font>
				<align>center</align>
			</control>
		</focusedlayout>
	</include>
	<include name="VideoNodeStatsList">
		<control type="list" id="8051">
			<visible>StringCompare(Container(9000).ListItem.Property(HiLiteItem),VideoNode)</visible>
			<posx>0</posx>
			<posy>0</posy>
			<width>1</width>
			<height>1</height>
			<focusedlayout />
			<itemlayout />
			<content>$VAR[VideoNodeStats]</content>
		</control>
	</include>
	<include name="BackgroundFade">
		<animation effect="fade" time="450">Visible</animation>
		<animation effect="fade" time="450">Hidden</animation>
	</include>
	<include name="Window_OpenClose_Animation">
		<animation effect="fade" time="200">WindowOpen</animation>
		<animation effect="fade" time="200">WindowClose</animation>
	</include>
	<include name="dialogeffect">
		<depth>DepthDialog</depth>
		<animation effect="fade" time="200">WindowOpen</animation>
		<animation effect="fade" time="200">WindowClose</animation>
	</include>
	<include name="VisibleFadeEffect">
		<animation effect="fade" time="225">Visible</animation>
		<animation effect="fade" time="225">Hidden</animation>
	</include>
	<include name="KeyboardButton">
		<width>50</width>
		<height>50</height>
		<texturenofocus border="3">KeyboardKeyNF.png</texturenofocus>
		<texturefocus border="5" colordiffuse="$VAR[MainColorOne]">KeyboardKey.png</texturefocus>
		<align>center</align>
		<aligny>center</aligny>
		<font>font13</font>
		<focusedcolor>white</focusedcolor>
	</include>
	<include name="TransparentEffect">
		<animation effect="fade" start="100" end="40" time="0" condition="SubString(skin.string(MediaPanelTrans),85)">Conditional</animation>
		<animation effect="fade" start="100" end="50" time="0" condition="SubString(skin.string(MediaPanelTrans),70)">Conditional</animation>
		<animation effect="fade" start="100" end="60" time="0" condition="SubString(skin.string(MediaPanelTrans),55)">Conditional</animation>
		<animation effect="fade" start="100" end="70" time="0" condition="SubString(skin.string(MediaPanelTrans),40)">Conditional</animation>
		<animation effect="fade" start="100" end="80" time="0" condition="SubString(skin.string(MediaPanelTrans),25)">Conditional</animation>
		<animation effect="fade" start="100" end="90" time="0" condition="SubString(skin.string(MediaPanelTrans),10)">Conditional</animation>
	</include>
	<include name="HomeTransparentEffect">
		<animation effect="fade" start="100" end="40" time="0" condition="SubString(skin.string(HomeTrans),85)">Conditional</animation>
		<animation effect="fade" start="100" end="50" time="0" condition="SubString(skin.string(HomeTrans),70)">Conditional</animation>
		<animation effect="fade" start="100" end="60" time="0" condition="SubString(skin.string(HomeTrans),55)">Conditional</animation>
		<animation effect="fade" start="100" end="70" time="0" condition="SubString(skin.string(HomeTrans),40)">Conditional</animation>
		<animation effect="fade" start="100" end="80" time="0" condition="SubString(skin.string(HomeTrans),25)">Conditional</animation>
		<animation effect="fade" start="100" end="90" time="0" condition="SubString(skin.string(HomeTrans),10)">Conditional</animation>
	</include>
	<include name="TextureBorderAddons">
		<include condition="Skin.String(TextureBorder,Medium)">Border5</include>
		<include condition="Skin.String(TextureBorder,Large)">Border7</include>
		<include condition="IsEmpty(Skin.String(TextureBorder))">Border3</include>
	</include>
	<include name="TextureBorderWidgets">
		<include condition="Skin.String(TextureBorder,Medium)">Border7</include>
		<include condition="Skin.String(TextureBorder,Large)">Border9</include>
		<include condition="IsEmpty(Skin.String(TextureBorder))">Border5</include>
	</include>
	<include name="TextureBorderViews">
		<include condition="Skin.String(TextureBorder,Medium)">Border7</include>
		<include condition="Skin.String(TextureBorder,Large)">Border9</include>
		<include condition="IsEmpty(Skin.String(TextureBorder))">Border5</include>
	</include>
	<include name="Border3">
		<bordersize>3</bordersize>
	</include>
	<include name="Border5">
		<bordersize>5</bordersize>
	</include>
	<include name="Border7">
		<bordersize>7</bordersize>
	</include>
	<include name="Border9">
		<bordersize>9</bordersize>
	</include>
	<include name="KBurnsAnimateFanart">
		<animation effect="zoom" start="110" end="130" center="auto" time="16000" tween="cubic" easing="inout" pulse="true" condition="!Skin.HasSetting(NoAnimateFanart)">Conditional</animation>
		<animation effect="slide" start="-10,-10" end="20,20" time="8000" tween="cubic" easing="inout" pulse="true" condition="!Skin.HasSetting(NoAnimateFanart)">Conditional</animation>
	</include>
	<include name="Dimensions_Fullscreen">
		<left>0</left>
		<top>0</top>
		<width>1280</width>
		<height>720</height>
	</include>
	<include name="ClearButtonChoice">
		<onclick>Skin.Reset($INFO[Window(Home).Property(UsrSelectBtn)].Label)</onclick>
		<onclick>Skin.Reset($INFO[Window(Home).Property(UsrSelectBtn)].Path)</onclick>
		<onclick>Skin.Reset($INFO[Window(Home).Property(UsrSelectBtn)].Fanart)</onclick>
		<onclick condition="Window.IsVisible(2114)">Skin.Reset($INFO[Window(Home).Property(UsrSelectBtn)].Playlist)</onclick>
		<onclick condition="Window.IsVisible(2114)">Skin.Reset($INFO[Window(Home).Property(UsrSelectBtn)].Sub)</onclick>
		<onclick condition="Window.IsVisible(2114)">Skin.Reset($INFO[Window(Home).Property(UsrSelectBtn)].Addon)</onclick>
		<onclick condition="Window.IsVisible(2114)">Skin.Reset($INFO[Window(Home).Property(UsrSelectBtn)].Type)</onclick>
		<onclick condition="Window.IsVisible(2114)">Skin.Reset($INFO[Window(Home).Property(UsrSelectBtn)].Widget)</onclick>
		<onclick condition="Window.IsVisible(2114)">Skin.Reset($INFO[Window(Home).Property(UsrSelectBtn)].Display)</onclick>
	</include>
	<include name="CloseMenuChoice">
		<onclick condition="Window.IsVisible(2114)">Dialog.Close(2114)</onclick>
		<onclick condition="Window.IsVisible(2115)">Dialog.Close(2115)</onclick>
		<onclick>Skin.Reset(UsrSelectAddon)</onclick>
		<onclick>ClearProperty(UsrSelectBtn,Home)</onclick>
	</include>
	<include name="InvisibleButton">
		<left>1480</left>
		<top>920</top>
		<width>1</width>
		<height>1</height>
		<texturenofocus>-</texturenofocus>
		<texturefocus>-</texturefocus>
	</include>
	<include name="MenuMoviePlayListCheck">
		<visible>
			!IsEmpty(Skin.String(HomeItem.1.Playlist)) + Skin.String(HomeItem.1.Type,VideoPlayList) + StringCompare(Window(Home).Property(UsrSelectBtn),HomeItem.1) |
			!IsEmpty(Skin.String(HomeItem.2.Playlist)) + Skin.String(HomeItem.2.Type,VideoPlayList) + StringCompare(Window(Home).Property(UsrSelectBtn),HomeItem.2) |
			!IsEmpty(Skin.String(HomeItem.3.Playlist)) + Skin.String(HomeItem.3.Type,VideoPlayList) + StringCompare(Window(Home).Property(UsrSelectBtn),HomeItem.3) |
			!IsEmpty(Skin.String(HomeItem.4.Playlist)) + Skin.String(HomeItem.4.Type,VideoPlayList) + StringCompare(Window(Home).Property(UsrSelectBtn),HomeItem.4) |
			!IsEmpty(Skin.String(HomeItem.5.Playlist)) + Skin.String(HomeItem.5.Type,VideoPlayList) + StringCompare(Window(Home).Property(UsrSelectBtn),HomeItem.5) |
			!IsEmpty(Skin.String(HomeItem.6.Playlist)) + Skin.String(HomeItem.6.Type,VideoPlayList) + StringCompare(Window(Home).Property(UsrSelectBtn),HomeItem.6) |
			!IsEmpty(Skin.String(HomeItem.7.Playlist)) + Skin.String(HomeItem.7.Type,VideoPlayList) + StringCompare(Window(Home).Property(UsrSelectBtn),HomeItem.7) |
			!IsEmpty(Skin.String(HomeItem.8.Playlist)) + Skin.String(HomeItem.8.Type,VideoPlayList) + StringCompare(Window(Home).Property(UsrSelectBtn),HomeItem.8) |
			!IsEmpty(Skin.String(HomeItem.9.Playlist)) + Skin.String(HomeItem.9.Type,VideoPlayList) + StringCompare(Window(Home).Property(UsrSelectBtn),HomeItem.9) |
			!IsEmpty(Skin.String(HomeItem.10.Playlist)) + Skin.String(HomeItem.10.Type,VideoPlayList) + StringCompare(Window(Home).Property(UsrSelectBtn),HomeItem.10) |
			!IsEmpty(Skin.String(HomeItem.11.Playlist)) + Skin.String(HomeItem.11.Type,VideoPlayList) + StringCompare(Window(Home).Property(UsrSelectBtn),HomeItem.11) |
			!IsEmpty(Skin.String(HomeItem.12.Playlist)) + Skin.String(HomeItem.12.Type,VideoPlayList) + StringCompare(Window(Home).Property(UsrSelectBtn),HomeItem.12)
		</visible>
	</include>
	<include name="MenuMusicPlayListCheck">
		<visible>
			!IsEmpty(Skin.String(HomeItem.1.Playlist)) + Skin.String(HomeItem.1.Type,MusicPlaylist) + StringCompare(Window(Home).Property(UsrSelectBtn),HomeItem.1) |
			!IsEmpty(Skin.String(HomeItem.2.Playlist)) + Skin.String(HomeItem.2.Type,MusicPlaylist) + StringCompare(Window(Home).Property(UsrSelectBtn),HomeItem.2) |
			!IsEmpty(Skin.String(HomeItem.3.Playlist)) + Skin.String(HomeItem.3.Type,MusicPlaylist) + StringCompare(Window(Home).Property(UsrSelectBtn),HomeItem.3) |
			!IsEmpty(Skin.String(HomeItem.4.Playlist)) + Skin.String(HomeItem.4.Type,MusicPlaylist) + StringCompare(Window(Home).Property(UsrSelectBtn),HomeItem.4) |
			!IsEmpty(Skin.String(HomeItem.5.Playlist)) + Skin.String(HomeItem.5.Type,MusicPlaylist) + StringCompare(Window(Home).Property(UsrSelectBtn),HomeItem.5) |
			!IsEmpty(Skin.String(HomeItem.6.Playlist)) + Skin.String(HomeItem.6.Type,MusicPlaylist) + StringCompare(Window(Home).Property(UsrSelectBtn),HomeItem.6) |
			!IsEmpty(Skin.String(HomeItem.7.Playlist)) + Skin.String(HomeItem.7.Type,MusicPlaylist) + StringCompare(Window(Home).Property(UsrSelectBtn),HomeItem.7) |
			!IsEmpty(Skin.String(HomeItem.8.Playlist)) + Skin.String(HomeItem.8.Type,MusicPlaylist) + StringCompare(Window(Home).Property(UsrSelectBtn),HomeItem.8) |
			!IsEmpty(Skin.String(HomeItem.9.Playlist)) + Skin.String(HomeItem.9.Type,MusicPlaylist) + StringCompare(Window(Home).Property(UsrSelectBtn),HomeItem.9) |
			!IsEmpty(Skin.String(HomeItem.10.Playlist)) + Skin.String(HomeItem.10.Type,MusicPlaylist) + StringCompare(Window(Home).Property(UsrSelectBtn),HomeItem.10) |
			!IsEmpty(Skin.String(HomeItem.11.Playlist)) + Skin.String(HomeItem.11.Type,MusicPlaylist) + StringCompare(Window(Home).Property(UsrSelectBtn),HomeItem.11) |
			!IsEmpty(Skin.String(HomeItem.12.Playlist)) + Skin.String(HomeItem.12.Type,MusicPlaylist) + StringCompare(Window(Home).Property(UsrSelectBtn),HomeItem.12)
		</visible>
	</include>
	<include name="MenuVideoNodeListCheck">
		<visible>
			!IsEmpty(Skin.String(HomeItem.1.Playlist)) + Skin.String(HomeItem.1.Type,VideoNode) + StringCompare(Window(home).Property(UsrSelectBtn),HomeItem.1) |
			!IsEmpty(Skin.String(HomeItem.2.Playlist)) + Skin.String(HomeItem.2.Type,VideoNode) + StringCompare(Window(home).Property(UsrSelectBtn),HomeItem.2) |
			!IsEmpty(Skin.String(HomeItem.3.Playlist)) + Skin.String(HomeItem.3.Type,VideoNode) + StringCompare(Window(home).Property(UsrSelectBtn),HomeItem.3) |
			!IsEmpty(Skin.String(HomeItem.4.Playlist)) + Skin.String(HomeItem.4.Type,VideoNode) + StringCompare(Window(home).Property(UsrSelectBtn),HomeItem.4) |
			!IsEmpty(Skin.String(HomeItem.5.Playlist)) + Skin.String(HomeItem.5.Type,VideoNode) + StringCompare(Window(home).Property(UsrSelectBtn),HomeItem.5) |
			!IsEmpty(Skin.String(HomeItem.6.Playlist)) + Skin.String(HomeItem.6.Type,VideoNode) + StringCompare(Window(home).Property(UsrSelectBtn),HomeItem.6) |
			!IsEmpty(Skin.String(HomeItem.7.Playlist)) + Skin.String(HomeItem.7.Type,VideoNode) + StringCompare(Window(home).Property(UsrSelectBtn),HomeItem.7) |
			!IsEmpty(Skin.String(HomeItem.8.Playlist)) + Skin.String(HomeItem.8.Type,VideoNode) + StringCompare(Window(home).Property(UsrSelectBtn),HomeItem.8) |
			!IsEmpty(Skin.String(HomeItem.9.Playlist)) + Skin.String(HomeItem.9.Type,VideoNode) + StringCompare(Window(home).Property(UsrSelectBtn),HomeItem.9) |
			!IsEmpty(Skin.String(HomeItem.10.Playlist)) + Skin.String(HomeItem.10.Type,VideoNode) + StringCompare(Window(home).Property(UsrSelectBtn),HomeItem.10) |
			!IsEmpty(Skin.String(HomeItem.10.Playlist)) + Skin.String(HomeItem.11.Type,VideoNode) + StringCompare(Window(home).Property(UsrSelectBtn),HomeItem.11) |
			!IsEmpty(Skin.String(HomeItem.10.Playlist)) + Skin.String(HomeItem.12.Type,VideoNode) + StringCompare(Window(home).Property(UsrSelectBtn),HomeItem.12)
		</visible>
	</include>
	<include name="TopLeftInfo">
		<control type="image" id="1">
			<description>LOGO</description>
			<left>10</left>
			<top>5</top>
			<width>120</width>
			<height>49</height>
			<aspectratio aligny="top" align="left">keep</aspectratio>
			<texture>kodi-logo.png</texture>
			<include>VisibleFadeEffect</include>
			<include>Window_OpenClose_Animation</include>
			<animation effect="fade" start="100" end="0" time="200" condition="Window.IsVisible(infodialog)">Conditional</animation>
			<visible>IsEmpty(Skin.String(TopLeftHomeInfo)) | StringCompare(Skin.String(TopLeftHomeInfo),Logo)</visible>
		</control>
		<control type="label" id="1">
			<description>Logged User</description>
			<left>20</left>
			<top>5</top>
			<height>45</height>
			<width>350</width>
			<align>left</align>
			<aligny>center</aligny>
			<font>font28_title</font>
			<textcolor>C0FFFFFF</textcolor>
			<shadowcolor>black</shadowcolor>
			<info>System.ProfileName</info>
			<include>VisibleFadeEffect</include>
			<include>Window_OpenClose_Animation</include>
			<animation effect="fade" start="100" end="0" time="200" condition="Window.IsVisible(infodialog)">Conditional</animation>
			<visible>!StringCompare(System.ProfileName,Master user) + StringCompare(Skin.String(TopLeftHomeInfo),Profile)</visible>
		</control>
		<control type="group" id="1">
			<left>20</left>
			<top>0</top>
			<visible>!IsEmpty(Weather.Plugin) + StringCompare(Skin.String(TopLeftHomeInfo),Weather)</visible>
			<include>Window_OpenClose_Animation</include>
			<control type="image" id="1">
				<description>Weather image</description>
				<left>0</left>
				<top>0</top>
				<width>60</width>
				<height>60</height>
				<aspectratio>keep</aspectratio>
				<texture>$INFO[Weather.Conditions]</texture>
			</control>
			<control type="label" id="1">
				<description>Location label</description>
				<left>65</left>
				<top>5</top>
				<width>500</width>
				<height>15</height>
				<align>left</align>
				<aligny>center</aligny>
				<font>font10</font>
				<textcolor>white</textcolor>
				<shadowcolor>black</shadowcolor>
				<label>$INFO[Window(Weather).Property(Location)]</label>
			</control>
			<control type="grouplist" id="1">
				<left>65</left>
				<top>20</top>
				<width>1000</width>
				<height>30</height>
				<orientation>horizontal</orientation>
				<align>left</align>
				<itemgap>0</itemgap>
				<control type="label" id="1">
					<description>Temp label</description>
					<width min="0" max="300">auto</width>
					<height>30</height>
					<align>left</align>
					<aligny>center</aligny>
					<font>font28_title</font>
					<textcolor>white</textcolor>
					<shadowcolor>black</shadowcolor>
					<label>[B]$INFO[Window(Weather).Property(Current.Temperature)][/B]</label>
				</control>
				<control type="label" id="1">
					<description>Temp Units</description>
					<width min="0" max="100">auto</width>
					<height>22</height>
					<font>font10</font>
					<aligny>center</aligny>
					<label>$INFO[System.TemperatureUnits]</label>
					<textcolor>white</textcolor>
					<shadowcolor>black</shadowcolor>
					<visible>!IsEmpty(Window(Weather).Property(Current.Temperature))</visible>
				</control>
				<control type="label" id="1">
					<description>Conditions Label</description>
					<width>500</width>
					<height>22</height>
					<font>font10</font>
					<aligny>center</aligny>
					<label>$INFO[Window(Weather).Property(Current.Condition),  ]</label>
					<textcolor>grey2</textcolor>
					<shadowcolor>black</shadowcolor>
				</control>
			</control>
		</control>
	</include>
	<include name="ExtendedInfoAutoComplete">
		<control type="group" id="5000">
			<animation effect="slide" start="0,-240" end="0,0" time="300" tween="quadratic" easing="out">VisibleChange</animation>
			<visible>!IsEmpty(Control.GetLabel(312).index(1)) + !Window.IsVisible(1130) + !Control.IsVisible(313)</visible>
			<top>-120</top>
			<left>0</left>
			<control type="image">
				<left>0</left>
				<top>0</top>
				<width>860</width>
				<height>120</height>
				<texture border="20">OverlayDialogBackground.png</texture>
			</control>
			<control type="panel" id="5001">
				<left>15</left>
				<top>20</top>
				<width>860</width>
				<height>120</height>
				<onleft>5001</onleft>
				<onright>5001</onright>
				<onup>4000</onup>
				<ondown>4000</ondown>
				<onback>noop</onback>
				<orientation>vertical</orientation>
				<scrolltime tween="quadratic" easing="out">200</scrolltime>
				<itemlayout height="40" width="210">
					<control type="image">
						<top>5</top>
						<width>200</width>
						<height>30</height>
						<texture>KeyboardKeyNF.png</texture>
					</control>
					<control type="label">
						<top>5</top>
						<width>200</width>
						<height>30</height>
						<align>center</align>
						<textcolor>grey</textcolor>
						<textoffsetx>5</textoffsetx>
						<font>font13</font>
						<label>$INFO[ListItem.Label]</label>
					</control>
				</itemlayout>
				<focusedlayout height="40" width="210">
					<control type="image">
						<top>5</top>
						<width>200</width>
						<height>30</height>
						<texture border="5" colordiffuse="$VAR[MainColorOne]">KeyboardKey.png</texture>
					</control>
					<control type="label">
						<top>5</top>
						<width>200</width>
						<height>30</height>
						<align>center</align>
						<textoffsetx>5</textoffsetx>
						<font>font13</font>
						<label>$INFO[ListItem.Label]</label>
					</control>
				</focusedlayout>
				<content>plugin://script.extendedinfo?info=autocomplete&amp;&amp;id=$INFO[Control.GetLabel(312).index(1)]&amp;&amp;limit=8</content>
			</control>
		</control>
	</include>
		<include name="CommonWindowHeader">
		<param name="Icon" default="icon_home" />
		<param name="Label" default="" />
		<param name="ShowLabel2" default="False" />
		<definition>
			<control type="group">
				<depth>DepthHeader</depth>
				<control type="image">
					<visible>!Skin.HasSetting(AllScreenTopLeftWidget) + !Skin.HasSetting(HideTopLeftWindows)</visible>
					<description>Section header image</description>
					<left>20</left>
					<top>3</top>
					<width>35</width>
					<height>35</height>
					<aspectratio>keep</aspectratio>
					<texture>$PARAM[Icon].png</texture>
				</control>
				<control type="grouplist">
					<visible>!Skin.HasSetting(AllScreenTopLeftWidget) + !Skin.HasSetting(HideTopLeftWindows)</visible>
					<left>65</left>
					<top>5</top>
					<width>1000</width>
					<height>30</height>
					<orientation>horizontal</orientation>
					<align>left</align>
					<itemgap>5</itemgap>
					<control type="label">
						<include>WindowTitleCommons</include>
						<label>$PARAM[Label]</label>
					</control>
					<control type="label">
						<include>WindowTitleCommons</include>
						<label>[COLOR=$VAR[MainColorOne]] - [/COLOR]$INFO[Container.FolderName]</label>
						<visible>!IsEmpty(Container.FolderName)</visible>
					</control>
					<control type="label">
						<include>WindowTitleCommons</include>
						<label>[COLOR=$VAR[MainColorOne]] - [/COLOR]$INFO[Control.GetLabel(2)]</label>
						<visible>$PARAM[ShowLabel2]</visible>
					</control>
				</control>
				<include>Clock</include>
				<include condition="Skin.HasSetting(AllScreenTopLeftWidget) + !Skin.HasSetting(HideTopLeftWindows)">TopLeftInfo</include>
			</control>
		</definition>
	</include>
	<include name="CommonWindowHeader">
		<param name="Icon" default="icon_home" />
		<param name="Label" default="" />
		<param name="ShowLabel2" default="False" />
		<definition>
			<control type="group">
				<depth>DepthHeader</depth>
				<control type="image">
					<description>Section header image</description>
					<left>20</left>
					<top>3</top>
					<width>35</width>
					<height>35</height>
					<aspectratio>keep</aspectratio>
					<texture>$PARAM[Icon].png</texture>
				</control>
				<control type="grouplist">
					<left>65</left>
					<top>5</top>
					<width>1000</width>
					<height>30</height>
					<orientation>horizontal</orientation>
					<align>left</align>
					<itemgap>5</itemgap>
					<control type="label">
						<include>WindowTitleCommons</include>
						<label>$PARAM[Label]</label>
					</control>
					<control type="label">
						<include>WindowTitleCommons</include>
						<label>[COLOR=$VAR[MainColorOne]] - [/COLOR]$INFO[Container.FolderName]</label>
						<visible>!IsEmpty(Container.FolderName)</visible>
					</control>
					<control type="label">
						<include>WindowTitleCommons</include>
						<label>[COLOR=$VAR[MainColorOne]] - [/COLOR]$INFO[Control.GetLabel(2)]</label>
						<visible>$PARAM[ShowLabel2]</visible>
					</control>
				</control>
				<include>Clock</include>
			</control>
		</definition>
	</include>
	<include name="BackgroundDimensions">
		<width>1280</width>
		<height>720</height>
		<animation effect="zoom" center="auto" end="101,101" time="0" condition="IntegerGreaterThan(System.StereoscopicMode,0)">conditional</animation>
	</include>
	<include name="SkinSettingsSubMenuButtons">
		<param name="Id" default="8000" />
		<param name="Control" default="9000" />
		<param name="Up" default="900" />
		<param name="Down" default="901" />
		<param name="Left" default="9000" />
		<param name="Right" default="800" />
		<definition>
			<control type="group" id="$PARAM[Id]">
				<control type="button" id="8001">
					<description>Menu Item Next Button</description>
					<left>670</left>
					<top>8</top>
					<width>33</width>
					<height>22</height>
					<texturenofocus>scroll-down-2.png</texturenofocus>
					<texturefocus>scroll-down-focus-2.png</texturefocus>
					<onclick>Control.Move($PARAM[Control],1)</onclick>
					<onleft>$PARAM[Left]</onleft>
					<onright>8002</onright>
					<onup>$PARAM[Up]</onup>
					<ondown>$PARAM[Down]</ondown>
				</control>
				<control type="button" id="8002">
					<description>Menu Item Prev Button</description>
					<left>703</left>
					<top>8</top>
					<width>33</width>
					<height>22</height>
					<texturenofocus>scroll-up-2.png</texturenofocus>
					<texturefocus>scroll-up-focus-2.png</texturefocus>
					<onclick>Control.Move($PARAM[Control],-1)</onclick>
					<onleft>8001</onleft>
					<onright>$PARAM[Right]</onright>
					<onup>$PARAM[Up]</onup>
					<ondown>$PARAM[Down]</ondown>
				</control>
			</control>
		</definition>
	</include>
	<include name="SkinSettingsSubMenuList">
		<param name="Control" default="9000" />
		<param name="Right" default="900" />
		<param name="Label" default="Menu Item:" />
		<definition>
			<hitrect x="0" y="0" w="0" h="0" />
			<left>0</left>
			<top>0</top>
			<width>750</width>
			<height>40</height>
			<onleft>9000</onleft>
			<onright>$PARAM[Right]</onright>
			<onup>$PARAM[Control]</onup>
			<ondown>$PARAM[Control]</ondown>
			<pagecontrol>-</pagecontrol>
			<scrolltime>0</scrolltime>
			<itemlayout height="1" width="750"></itemlayout>
			<focusedlayout height="40" width="750">
				<control type="image">
					<left>0</left>
					<top>0</top>
					<width>750</width>
					<height>40</height>
					<texture>MenuItemNF.png</texture>
					<visible>![Control.HasFocus(8001) | Control.HasFocus(8002)]</visible>
				</control>
				<control type="image">
					<left>0</left>
					<top>0</top>
					<width>750</width>
					<height>40</height>
					<texture colordiffuse="$VAR[MainColorOne]">MenuItemFO.png</texture>
					<visible>[Control.HasFocus(8001) | Control.HasFocus(8002)]</visible>
				</control>
				<control type="label">
					<left>10</left>
					<top>0</top>
					<width>600</width>
					<height>40</height>
					<font>font13</font>
					<textcolor>grey2</textcolor>
					<align>left</align>
					<aligny>center</aligny>
					<label>$PARAM[Label]</label>
					<visible>![Control.HasFocus(8001) | Control.HasFocus(8002)]</visible>
				</control>
				<control type="label">
					<left>10</left>
					<top>0</top>
					<width>600</width>
					<height>40</height>
					<font>font13</font>
					<textcolor>white</textcolor>
					<align>left</align>
					<aligny>center</aligny>
					<label>$PARAM[Label]</label>
					<visible>[Control.HasFocus(8001) | Control.HasFocus(8002)]</visible>
				</control>
				<control type="label">
					<left>10</left>
					<top>0</top>
					<width>640</width>
					<height>40</height>
					<font>font13_title</font>
					<textcolor>$VAR[MainColorOne]</textcolor>
					<align>right</align>
					<aligny>center</aligny>
					<label>$INFO[ListItem.Label]</label>
					<visible>![Control.HasFocus(8001) | Control.HasFocus(8002)]</visible>
				</control>
				<control type="label">
					<left>10</left>
					<top>0</top>
					<width>640</width>
					<height>40</height>
					<font>font13_title</font>
					<textcolor>white</textcolor>
					<align>right</align>
					<aligny>center</aligny>
					<label>$INFO[ListItem.Label]</label>
					<visible>[Control.HasFocus(8001) | Control.HasFocus(8002)]</visible>
				</control>
			</focusedlayout>
		</definition>
	</include>
</includes>
